mode,group,id,n,before_median_ms,after_median_ms,before_p95_ms,after_p95_ms,delta_ms,first_draw_ms
normal,baseline,board,0,1.5,1.5999999046325684,13.400000095367432,2.5,0.09999990463256836,30.299999713897705
normal,impact,trident,1,2.5,2.5,13,3,0,10.900000095367432
normal,impact,trident,12,11.899999618530273,5.799999713897705,17.299999713897705,6.300000190734863,-6.099999904632568,8
normal,impact,trident,56,9.700000286102295,11.899999618530273,25.09999990463257,14.100000381469727,2.1999993324279785,15
normal,hero,trident,1,2.0999999046325684,2.3000001907348633,9.199999809265137,2.799999713897705,0.20000028610229492,3.8000001907348633
normal,hero,trident,12,9.199999809265137,6.300000190734863,11.300000190734863,7,-2.8999996185302734,6.5
normal,hero,trident,23,16.40000009536743,9.900000095367432,36.40000009536743,11.099999904632568,-6.5,9.800000190734863
normal,hero,trident,24,4.800000190734863,10.5,5.300000190734863,11.099999904632568,5.699999809265137,10.5
normal,hero,trident,56,9.199999809265137,12.5,10.699999809265137,14.400000095367432,3.3000001907348633,28.300000190734863
normal,trail,trident,1,1.799999713897705,2.3000001907348633,2,2.6999998092651367,0.5000004768371582,4.300000190734863
normal,trail,trident,12,4.300000190734863,5.300000190734863,4.599999904632568,6,1,5.099999904632568
normal,trail,trident,64,12.5,10.900000095367432,13.099999904632568,27.90000009536743,-1.5999999046325684,10
normal,impact,echo,1,1.5999999046325684,2,1.799999713897705,2.1999998092651367,0.40000009536743164,6
normal,impact,echo,12,2.9000000953674316,3.4000000953674316,4,4,0.5,4.599999904632568
normal,impact,echo,56,8.099999904632568,7.300000190734863,8.700000286102295,10.099999904632568,-0.7999997138977051,8.199999809265137
normal,hero,echo,1,1.9000000953674316,2.0999999046325684,2.0999999046325684,2.1999998092651367,0.19999980926513672,3.5
normal,hero,echo,12,7.699999809265137,3.9000000953674316,8.099999904632568,4.099999904632568,-3.799999713897705,4
normal,hero,echo,23,14,5.5,17.5,6.099999904632568,-8.5,5.5
normal,hero,echo,24,4.299999713897705,5.5,4.5,6.399999618530273,1.200000286102295,5.600000381469727
normal,hero,echo,56,8,7.599999904632568,8.5,8.099999904632568,-0.40000009536743164,7.199999809265137
normal,trail,echo,1,1.700000286102295,2.1999998092651367,1.8000001907348633,2.4000000953674316,0.4999995231628418,3.3999996185302734
normal,trail,echo,12,5,5.600000381469727,5.300000190734863,5.900000095367432,0.6000003814697266,5.300000190734863
normal,trail,echo,64,16,10.5,16.300000190734863,15.200000286102295,-5.5,9.699999809265137
normal,impact,legion,1,1.6000003814697266,2,1.8000001907348633,2.1000003814697266,0.39999961853027344,6.699999809265137
normal,impact,legion,12,3.6999998092651367,3.9000000953674316,3.8000001907348633,4.200000286102295,0.20000028610229492,5.300000190734863
normal,impact,legion,56,11.5,8.099999904632568,12.300000190734863,8.900000095367432,-3.4000000953674316,11.400000095367432
normal,hero,legion,1,2.200000286102295,2.0999999046325684,2.3000001907348633,2.1999998092651367,-0.10000038146972656,3.5
normal,hero,legion,12,10.299999713897705,4.400000095367432,10.899999618530273,4.700000286102295,-5.899999618530273,5.400000095367432
normal,hero,legion,23,19.40000009536743,6.400000095367432,24,7,-13,6.5
normal,hero,legion,24,5.900000095367432,6.699999809265137,9.5,7.400000095367432,0.7999997138977051,7
normal,hero,legion,56,11.599999904632568,9.299999713897705,16.399999618530273,11,-2.3000001907348633,9.300000190734863
normal,trail,legion,1,1.8000001907348633,2.0999999046325684,2,2.1999998092651367,0.2999997138977051,3.5999999046325684
normal,trail,legion,12,5.300000190734863,4.800000190734863,8.099999904632568,5,-0.5,5.400000095367432
normal,trail,legion,64,14.099999904632568,9.5,15.099999904632568,9.899999618530273,-4.599999904632568,9.299999713897705
normal,impact,prism,1,1.5999999046325684,2,1.700000286102295,2.0999999046325684,0.40000009536743164,6.099999904632568
normal,impact,prism,12,3.200000286102295,3.5,6.699999809265137,4.100000381469727,0.2999997138977051,4.300000190734863
normal,impact,prism,56,9.299999713897705,8.300000190734863,10.200000286102295,9.200000286102295,-0.9999995231628418,9.199999809265137
normal,hero,prism,1,2.0999999046325684,2,2.299999713897705,2.4000000953674316,-0.09999990463256836,3.0999999046325684
normal,hero,prism,12,10.200000286102295,4.200000286102295,11.099999904632568,6.699999809265137,-6,4.099999904632568
normal,hero,prism,23,19,5.400000095367432,19.40000009536743,5.900000095367432,-13.599999904632568,6.199999809265137
normal,hero,prism,24,4.700000286102295,5.599999904632568,5.099999904632568,5.900000095367432,0.8999996185302734,6.300000190734863
normal,hero,prism,56,9.199999809265137,7.699999809265137,9.900000095367432,8.300000190734863,-1.5,8.299999713897705
normal,trail,prism,1,1.6999998092651367,2.0999999046325684,1.8999996185302734,2.3000001907348633,0.40000009536743164,2.9000000953674316
normal,trail,prism,12,4.300000190734863,4.800000190734863,4.699999809265137,6,0.5,5.400000095367432
normal,trail,prism,64,13,9.299999713897705,13.200000286102295,9.900000095367432,-3.700000286102295,9.800000190734863
normal,impact,nova,1,1.5999999046325684,1.9000000953674316,1.799999713897705,2,0.3000001907348633,6.299999713897705
normal,impact,nova,12,3,3.3000001907348633,4.599999904632568,3.5,0.3000001907348633,3.700000286102295
normal,impact,nova,56,8.800000190734863,7.099999904632568,12.600000381469727,8,-1.700000286102295,9.099999904632568
normal,hero,nova,1,1.9000000953674316,2,2,2.1000003814697266,0.09999990463256836,3.299999713897705
normal,hero,nova,12,7.300000190734863,3.9000000953674316,8,4.700000286102295,-3.4000000953674316,4.5
normal,hero,nova,23,12.799999713897705,5.299999713897705,13.300000190734863,6.5,-7.5,8.699999809265137
normal,hero,nova,24,4.599999904632568,5.800000190734863,5.100000381469727,6.400000095367432,1.200000286102295,6.300000190734863
normal,hero,nova,56,8.700000286102295,8.100000381469727,9.5,9.199999809265137,-0.5999999046325684,8.799999713897705
normal,trail,nova,1,1.6999998092651367,2.0999999046325684,1.9000000953674316,2.5,0.40000009536743164,2.8999996185302734
normal,trail,nova,12,4.100000381469727,4.599999904632568,4.300000190734863,5.200000286102295,0.4999995231628418,5.199999809265137
normal,trail,nova,64,10.800000190734863,9,14.299999713897705,10.300000190734863,-1.8000001907348633,8.599999904632568
normal,impact,mirror,1,1.6999998092651367,2,1.9000000953674316,2.0999999046325684,0.3000001907348633,6.299999713897705
normal,impact,mirror,12,3.5999999046325684,3.9000000953674316,3.8000001907348633,4,0.3000001907348633,4.5
normal,impact,mirror,56,11,8.199999809265137,12,8.799999713897705,-2.8000001907348633,10.100000381469727
normal,hero,mirror,1,2.1000003814697266,2.0999999046325684,2.3000001907348633,2.200000286102295,-4.76837158203125e-7,3.1999998092651367
normal,hero,mirror,12,8.800000190734863,4.400000095367432,9.199999809265137,4.800000190734863,-4.400000095367432,4.5
normal,hero,mirror,23,16.399999618530273,6.5,35,9.599999904632568,-9.899999618530273,6.599999904632568
normal,hero,mirror,24,5.600000381469727,6.5,6.5,7.299999713897705,0.8999996185302734,6.400000095367432
normal,hero,mirror,56,11.300000190734863,8.699999809265137,14.900000095367432,9.199999809265137,-2.6000003814697266,8.599999904632568
normal,trail,mirror,1,1.8000001907348633,2.1000003814697266,2,2.3000001907348633,0.3000001907348633,5.299999713897705
normal,trail,mirror,12,5.400000095367432,5.5,8,5.700000286102295,0.09999990463256836,5.699999809265137
normal,trail,mirror,64,16.90000009536743,9.900000095367432,17.199999809265137,11.300000190734863,-7,10.400000095367432
normal,impact,hunters,1,1.5999999046325684,2,1.799999713897705,2.1999998092651367,0.40000009536743164,6.300000190734863
normal,impact,hunters,12,3.299999713897705,3.5999999046325684,4.900000095367432,3.799999713897705,0.3000001907348633,3.8000001907348633
normal,impact,hunters,56,9.199999809265137,7.299999713897705,9.900000095367432,8.099999904632568,-1.9000000953674316,10.199999809265137
normal,hero,hunters,1,1.9000000953674316,2.0999999046325684,2,2.299999713897705,0.19999980926513672,3.5
normal,hero,hunters,12,7.5,4.400000095367432,7.800000190734863,4.900000095367432,-3.0999999046325684,4.299999713897705
normal,hero,hunters,23,13.199999809265137,5.800000190734863,13.5,9.800000190734863,-7.399999618530273,6.700000286102295
normal,hero,hunters,24,4.900000095367432,5.900000095367432,5.800000190734863,6.299999713897705,1,6.399999618530273
normal,hero,hunters,56,9.599999904632568,8.099999904632568,10.199999809265137,8.900000095367432,-1.5,7.800000190734863
normal,trail,hunters,1,1.8000001907348633,2.1999998092651367,1.9000000953674316,2.4000000953674316,0.39999961853027344,4.399999618530273
normal,trail,hunters,12,4.700000286102295,4.799999713897705,4.900000095367432,5.300000190734863,0.09999942779541016,4.5
normal,trail,hunters,64,11.600000381469727,9.599999904632568,12,10.099999904632568,-2.000000476837158,10.100000381469727
normal,impact,seeking,1,1.6000003814697266,2,1.8000001907348633,2.3000001907348633,0.39999961853027344,7.200000286102295
normal,impact,seeking,12,3.5,4.099999904632568,4.5,4.400000095367432,0.5999999046325684,5.099999904632568
normal,impact,seeking,56,11.300000190734863,8.900000095367432,13.799999713897705,9.699999809265137,-2.4000000953674316,10.800000190734863
normal,hero,seeking,1,2.0999999046325684,2.0999999046325684,2.5,2.200000286102295,0,3.200000286102295
normal,hero,seeking,12,9.199999809265137,4.699999809265137,15.400000095367432,5.400000095367432,-4.5,4.400000095367432
normal,hero,seeking,23,16.5,6.699999809265137,20.90000009536743,7.099999904632568,-9.800000190734863,6.699999809265137
normal,hero,seeking,24,6,6.900000095367432,9.200000286102295,7.599999904632568,0.9000000953674316,7.400000095367432
normal,hero,seeking,56,11.699999809265137,9.400000095367432,15.099999904632568,12.700000286102295,-2.299999713897705,10
normal,trail,seeking,1,1.700000286102295,2.1999998092651367,2.6999998092651367,2.3000001907348633,0.4999995231628418,3.4000000953674316
normal,trail,seeking,12,4.900000095367432,5.099999904632568,23.90000009536743,5.5,0.19999980926513672,5.799999713897705
normal,trail,seeking,64,12.5,10.299999713897705,15,11.300000190734863,-2.200000286102295,10.700000286102295
normal,impact,swarmqueen,1,2.0999999046325684,2.0999999046325684,11.700000286102295,2.3000001907348633,0,8.200000286102295
normal,impact,swarmqueen,12,13,5.400000095367432,23.90000009536743,5.599999904632568,-7.599999904632568,7.5
normal,impact,swarmqueen,56,29.200000286102295,11.599999904632568,49.30000019073486,11.900000095367432,-17.600000381469727,17.59999990463257
normal,hero,swarmqueen,1,2.8000001907348633,2.1999998092651367,29.200000286102295,2.3000001907348633,-0.6000003814697266,3.0999999046325684
normal,hero,swarmqueen,12,16.5,6,22.800000190734863,6.300000190734863,-10.5,5.799999713897705
normal,hero,swarmqueen,23,29.300000190734863,9.300000190734863,37.30000019073486,9.900000095367432,-20,9.099999904632568
normal,hero,swarmqueen,24,11.699999809265137,9.599999904632568,16.200000286102295,10.099999904632568,-2.0999999046325684,9.400000095367432
normal,hero,swarmqueen,56,23.199999809265137,11.700000286102295,26.09999990463257,12.699999809265137,-11.499999523162842,11.800000190734863
normal,trail,swarmqueen,1,2.0999999046325684,2.200000286102295,2.6999998092651367,2.5,0.10000038146972656,3.1999998092651367
normal,trail,swarmqueen,12,8.099999904632568,5.399999618530273,30,5.800000190734863,-2.700000286102295,5.099999904632568
normal,trail,swarmqueen,64,21.800000190734863,9.900000095367432,39.69999980926514,10.599999904632568,-11.900000095367432,9.5
normal,impact,bankshot,1,1.5999999046325684,2,1.700000286102295,2.1000003814697266,0.40000009536743164,5.900000095367432
normal,impact,bankshot,12,3.8999996185302734,3.5999999046325684,8.200000286102295,3.8000001907348633,-0.2999997138977051,3.9000000953674316
normal,impact,bankshot,56,13.400000095367432,7.699999809265137,19.5,8.299999713897705,-5.700000286102295,8.700000286102295
normal,hero,bankshot,1,2.5999999046325684,2.0999999046325684,6.599999904632568,2.200000286102295,-0.5,2.6999998092651367
normal,hero,bankshot,12,10.400000095367432,4.300000190734863,14.099999904632568,4.800000190734863,-6.099999904632568,4.199999809265137
normal,hero,bankshot,23,17.699999809265137,6.100000381469727,19.300000190734863,10,-11.59999942779541,6.099999904632568
normal,hero,bankshot,24,5,5.900000095367432,5.900000095367432,6.100000381469727,0.9000000953674316,6.300000190734863
normal,hero,bankshot,56,10.099999904632568,9.5,11.199999809265137,11.400000095367432,-0.5999999046325684,8.800000190734863
normal,trail,bankshot,1,1.8000001907348633,2.200000286102295,2.0999999046325684,2.4000000953674316,0.40000009536743164,3.9000000953674316
normal,trail,bankshot,12,4.899999618530273,5.5,6,6.400000095367432,0.6000003814697266,5.099999904632568
normal,trail,bankshot,64,14,10.600000381469727,14.599999904632568,11.5,-3.3999996185302734,11
normal,impact,titan,1,1.5,1.9000000953674316,1.6999998092651367,2,0.40000009536743164,6
normal,impact,titan,12,2.5999999046325684,3,3,3.200000286102295,0.40000009536743164,3.4000000953674316
normal,impact,titan,56,6.800000190734863,6.299999713897705,7.300000190734863,7.900000095367432,-0.5000004768371582,7.799999713897705
normal,hero,titan,1,1.8000001907348633,2,2.0999999046325684,2.0999999046325684,0.19999980926513672,3.200000286102295
normal,hero,titan,12,6.700000286102295,3.5,7.400000095367432,3.8000001907348633,-3.200000286102295,3.6999998092651367
normal,hero,titan,23,11.200000286102295,4.699999809265137,11.600000381469727,5.400000095367432,-6.500000476837158,4.899999618530273
normal,hero,titan,24,3.5999999046325684,4.699999809265137,3.8000001907348633,4.899999618530273,1.0999999046325684,4.599999904632568
normal,hero,titan,56,7.100000381469727,7.099999904632568,12.5,14.099999904632568,-4.76837158203125e-7,7
normal,trail,titan,1,1.5999999046325684,2.0999999046325684,2.1000003814697266,2.5999999046325684,0.5,3.5
normal,trail,titan,12,3.5999999046325684,4.599999904632568,4.900000095367432,4.799999713897705,1,5.400000095367432
normal,trail,titan,64,10,9.599999904632568,10.899999618530273,10,-0.40000009536743164,9.799999713897705
normal,impact,piercer,1,1.6000003814697266,2,1.700000286102295,2.700000286102295,0.39999961853027344,6.400000095367432
normal,impact,piercer,12,3.5999999046325684,4.099999904632568,5.300000190734863,4.400000095367432,0.5,4.300000190734863
normal,impact,piercer,56,14.900000095367432,8.5,18.700000286102295,11.700000286102295,-6.400000095367432,11
normal,hero,piercer,1,2,2.0999999046325684,2.0999999046325684,2.3000001907348633,0.09999990463256836,3.1999998092651367
normal,hero,piercer,12,8.099999904632568,4.599999904632568,8.5,4.800000190734863,-3.5,4.5
normal,hero,piercer,23,14.099999904632568,6.699999809265137,14.800000190734863,7.099999904632568,-7.400000095367432,6.599999904632568
normal,hero,piercer,24,5.700000286102295,6.700000286102295,5.900000095367432,8.199999809265137,1,7.800000190734863
normal,hero,piercer,56,11.599999904632568,9.300000190734863,12.300000190734863,9.900000095367432,-2.299999713897705,9.599999904632568
normal,trail,piercer,1,1.6999998092651367,2,1.8000001907348633,2.3000001907348633,0.3000001907348633,2.700000286102295
normal,trail,piercer,12,4.400000095367432,4.800000190734863,4.5,5.200000286102295,0.40000009536743164,4.599999904632568
normal,trail,piercer,64,12.300000190734863,9.699999809265137,13.5,10.599999904632568,-2.6000003814697266,9.300000190734863
normal,impact,heavy,1,1.5,1.9000000953674316,1.5999999046325684,2,0.40000009536743164,5.800000190734863
normal,impact,heavy,12,2.700000286102295,3.1000003814697266,2.8000001907348633,3.700000286102295,0.40000009536743164,3.5999999046325684
normal,impact,heavy,56,7.399999618530273,6.399999618530273,11.799999713897705,6.700000286102295,-1,10
normal,hero,heavy,1,1.9000000953674316,2,2,2.200000286102295,0.09999990463256836,2.799999713897705
normal,hero,heavy,12,7.099999904632568,3.6999998092651367,7.5,3.8999996185302734,-3.4000000953674316,4.599999904632568
normal,hero,heavy,23,12.700000286102295,4.800000190734863,14.699999809265137,5.199999809265137,-7.900000095367432,4.699999809265137
normal,hero,heavy,24,3.8000001907348633,4.899999618530273,4.199999809265137,5,1.0999994277954102,5.800000190734863
normal,hero,heavy,56,7.099999904632568,6.900000095367432,7.5,7.800000190734863,-0.19999980926513672,6.800000190734863
normal,trail,heavy,1,1.5999999046325684,2,1.8000001907348633,2.1000003814697266,0.40000009536743164,3.0999999046325684
normal,trail,heavy,12,3.8000001907348633,4.599999904632568,4.099999904632568,4.900000095367432,0.7999997138977051,4.699999809265137
normal,trail,heavy,64,11,9.300000190734863,11.900000095367432,10.400000095367432,-1.6999998092651367,10.300000190734863
normal,impact,railgun,1,1.8000001907348633,2,12.800000190734863,2.200000286102295,0.19999980926513672,5.799999713897705
normal,impact,railgun,12,4.100000381469727,4.5,5.400000095367432,4.800000190734863,0.39999961853027344,4.900000095367432
normal,impact,railgun,56,14.200000286102295,9.300000190734863,15.5,9.599999904632568,-4.900000095367432,10.799999713897705
normal,hero,railgun,1,2.299999713897705,2.0999999046325684,2.5,2.200000286102295,-0.19999980926513672,3.9000000953674316
normal,hero,railgun,12,10.900000095367432,5,15.599999904632568,5.200000286102295,-5.900000095367432,5.400000095367432
normal,hero,railgun,23,22.90000009536743,7.799999713897705,43.30000019073486,8.700000286102295,-15.100000381469727,8.5
normal,hero,railgun,24,6.800000190734863,8.300000190734863,11,9.400000095367432,1.5,7.900000095367432
normal,hero,railgun,56,14.199999809265137,10.300000190734863,15,10.899999618530273,-3.8999996185302734,10.599999904632568
normal,trail,railgun,1,1.8000001907348633,2.0999999046325684,2.0999999046325684,2.5999999046325684,0.2999997138977051,3.3000001907348633
normal,trail,railgun,12,4.800000190734863,5.799999713897705,5.100000381469727,9.200000286102295,0.9999995231628418,6.900000095367432
normal,trail,railgun,64,15.400000095367432,9.700000286102295,30,10.300000190734863,-5.699999809265137,10.399999618530273
normal,impact,sharpshooter,1,1.6999998092651367,2,2.8000001907348633,2.1000003814697266,0.3000001907348633,6.099999904632568
normal,impact,sharpshooter,12,3.9000000953674316,3.8000001907348633,10.700000286102295,4.099999904632568,-0.09999990463256836,3.6999998092651367
normal,impact,sharpshooter,56,11.299999713897705,7.899999618530273,15.700000286102295,9.099999904632568,-3.4000000953674316,9.599999904632568
normal,hero,sharpshooter,1,2.200000286102295,2.0999999046325684,2.5999999046325684,2.3000001907348633,-0.10000038146972656,3.4000000953674316
normal,hero,sharpshooter,12,10.800000190734863,4.400000095367432,11.199999809265137,4.900000095367432,-6.400000095367432,5
normal,hero,sharpshooter,23,19.200000286102295,6.299999713897705,23.90000009536743,6.699999809265137,-12.90000057220459,6.699999809265137
normal,hero,sharpshooter,24,5.699999809265137,6.400000095367432,9.900000095367432,6.900000095367432,0.7000002861022949,7.700000286102295
normal,hero,sharpshooter,56,11.5,8.5,28.200000286102295,8.900000095367432,-3,9
normal,trail,sharpshooter,1,1.6999998092651367,2,1.8000001907348633,2.3000001907348633,0.3000001907348633,3.0999999046325684
normal,trail,sharpshooter,12,4.599999904632568,4.400000095367432,5.300000190734863,4.800000190734863,-0.19999980926513672,4.299999713897705
normal,trail,sharpshooter,64,11.800000190734863,9.400000095367432,13.699999809265137,9.800000190734863,-2.4000000953674316,9.800000190734863
normal,impact,rapid,1,1.5,1.9000000953674316,1.6000003814697266,2.0999999046325684,0.40000009536743164,6.199999809265137
normal,impact,rapid,12,2.5999999046325684,3.0999999046325684,2.799999713897705,3.3000001907348633,0.5,3.9000000953674316
normal,impact,rapid,56,7.099999904632568,6.599999904632568,21.09999990463257,7.099999904632568,-0.5,8.199999809265137
normal,hero,rapid,1,1.8000001907348633,2.0999999046325684,2,2.3000001907348633,0.2999997138977051,3.3000001907348633
normal,hero,rapid,12,6.599999904632568,3.700000286102295,15.099999904632568,4.599999904632568,-2.8999996185302734,3.5999999046325684
normal,hero,rapid,23,13.700000286102295,4.900000095367432,52,5.5,-8.800000190734863,9.900000095367432
normal,hero,rapid,24,4.300000190734863,5,29.40000009536743,5.599999904632568,0.6999998092651367,4.900000095367432
normal,hero,rapid,56,7.699999809265137,7.900000095367432,13.5,19.299999713897705,0.20000028610229492,16.100000381469727
normal,trail,rapid,1,1.8000001907348633,2.200000286102295,4.599999904632568,2.5,0.40000009536743164,2.6000003814697266
normal,trail,rapid,12,4,4.900000095367432,5.199999809265137,5.300000190734863,0.9000000953674316,6.099999904632568
normal,trail,rapid,64,11.700000286102295,9.800000190734863,28.40000009536743,13.199999809265137,-1.9000000953674316,10.5
normal,impact,growing,1,1.700000286102295,2,2.799999713897705,2.8000001907348633,0.2999997138977051,6.800000190734863
normal,impact,growing,12,3,3.5,10.900000095367432,3.9000000953674316,0.5,4.5
normal,impact,growing,56,10.299999713897705,7.5,19.5,8.099999904632568,-2.799999713897705,9.199999809265137
normal,hero,growing,1,2.1000003814697266,2.200000286102295,2.200000286102295,2.6999998092651367,0.09999990463256836,3.4000000953674316
normal,hero,growing,12,11.800000190734863,4.100000381469727,16.5,4.5,-7.699999809265137,4.700000286102295
normal,hero,growing,23,24,5.599999904632568,46,5.800000190734863,-18.40000009536743,5.300000190734863
normal,hero,growing,24,5.299999713897705,5.799999713897705,21.40000009536743,18.200000286102295,0.5,10.599999904632568
normal,hero,growing,56,11.200000286102295,8,29.5,8.400000095367432,-3.200000286102295,8.599999904632568
normal,trail,growing,1,1.6999998092651367,2.1000003814697266,8.599999904632568,2.3000001907348633,0.40000057220458984,2.8000001907348633
normal,trail,growing,12,5.699999809265137,5.099999904632568,16.5,5.400000095367432,-0.5999999046325684,5
normal,trail,growing,64,14.600000381469727,10.800000190734863,51.10000038146973,12.899999618530273,-3.8000001907348633,9.5
normal,impact,critical,1,1.6999998092651367,2.1000003814697266,12.400000095367432,2.6999998092651367,0.40000057220458984,9
normal,impact,critical,12,4.099999904632568,3.9000000953674316,14.699999809265137,7.400000095367432,-0.19999980926513672,4
normal,impact,critical,56,13,13.400000095367432,40.59999990463257,16.700000286102295,0.40000009536743164,19.600000381469727
normal,hero,critical,1,2.0999999046325684,2.4000000953674316,4.800000190734863,3.200000286102295,0.3000001907348633,3.5
normal,hero,critical,12,10.899999618530273,4.5,13.900000095367432,7.099999904632568,-6.399999618530273,7
normal,hero,critical,23,19.199999809265137,6.400000095367432,20.199999809265137,7,-12.799999713897705,7.300000190734863
normal,hero,critical,24,5.599999904632568,6.699999809265137,7,6.900000095367432,1.0999999046325684,6.599999904632568
normal,hero,critical,56,11.299999713897705,8.700000286102295,11.599999904632568,14.599999904632568,-2.59999942779541,8.5
normal,trail,critical,1,1.6999998092651367,2.0999999046325684,2.1000003814697266,2.3000001907348633,0.40000009536743164,3.5999999046325684
normal,trail,critical,12,4,4.300000190734863,4.200000286102295,5.299999713897705,0.3000001907348633,4.400000095367432
normal,trail,critical,64,10.099999904632568,9.300000190734863,18,10.800000190734863,-0.7999997138977051,10.699999809265137
normal,impact,execute,1,1.5999999046325684,2,1.9000000953674316,2.1000003814697266,0.40000009536743164,6.299999713897705
normal,impact,execute,12,3.1999998092651367,3.3000001907348633,3.5,3.4000000953674316,0.10000038146972656,4.5
normal,impact,execute,56,9.399999618530273,6.799999713897705,12.599999904632568,7.400000095367432,-2.5999999046325684,9.099999904632568
normal,hero,execute,1,2.299999713897705,2.0999999046325684,2.4000000953674316,2.1999998092651367,-0.19999980926513672,3.5
normal,hero,execute,12,11,3.8000001907348633,13.900000095367432,4,-7.199999809265137,4.199999809265137
normal,hero,execute,23,19.5,5.200000286102295,21.899999618530273,5.800000190734863,-14.299999713897705,5.400000095367432
normal,hero,execute,24,4.600000381469727,5.400000095367432,4.900000095367432,5.5,0.7999997138977051,5.699999809265137
normal,hero,execute,56,9,7.300000190734863,10.099999904632568,7.599999904632568,-1.6999998092651367,7.100000381469727
normal,trail,execute,1,1.6999998092651367,2,1.9000000953674316,2.1999998092651367,0.3000001907348633,2.799999713897705
normal,trail,execute,12,4,4.199999809265137,5.700000286102295,4.400000095367432,0.19999980926513672,4.100000381469727
normal,trail,execute,64,10.800000190734863,9.400000095367432,11.699999809265137,13.5,-1.4000000953674316,8.599999904632568
normal,impact,rage,1,1.8000001907348633,2.0999999046325684,2,2.200000286102295,0.2999997138977051,8.900000095367432
normal,impact,rage,12,4.5,4.599999904632568,4.800000190734863,4.800000190734863,0.09999990463256836,5
normal,impact,rage,56,16.09999990463257,9.799999713897705,19.5,10.800000190734863,-6.300000190734863,20.90000009536743
normal,hero,rage,1,2.5,2.1999998092651367,2.6999998092651367,2.4000000953674316,-0.3000001907348633,3.0999999046325684
normal,hero,rage,12,12.600000381469727,5.199999809265137,16,5.5,-7.40000057220459,5.699999809265137
normal,hero,rage,23,21.800000190734863,7.799999713897705,22.59999990463257,8.200000286102295,-14.000000476837158,7.599999904632568
normal,hero,rage,24,6.800000190734863,7.899999618530273,7.099999904632568,8.599999904632568,1.0999994277954102,8.700000286102295
normal,hero,rage,56,14.099999904632568,10.099999904632568,14.400000095367432,10.299999713897705,-4,10.699999809265137
normal,trail,rage,1,1.8000001907348633,2.0999999046325684,2,2.299999713897705,0.2999997138977051,2.9000000953674316
normal,trail,rage,12,4.900000095367432,5.300000190734863,5,5.699999809265137,0.40000009536743164,5
normal,trail,rage,64,13.100000381469727,9.5,14.599999904632568,10.899999618530273,-3.6000003814697266,10.400000095367432
normal,impact,ambush,1,1.700000286102295,2.1999998092651367,1.9000000953674316,3.299999713897705,0.4999995231628418,6.300000190734863
normal,impact,ambush,12,3.1999998092651367,3.700000286102295,3.3999996185302734,4,0.5000004768371582,4.400000095367432
normal,impact,ambush,56,9,8.099999904632568,16.5,12.299999713897705,-0.9000000953674316,9.799999713897705
normal,hero,ambush,1,2.3000001907348633,2.3000001907348633,2.5,2.5,0,3.4000000953674316
normal,hero,ambush,12,9.299999713897705,4.199999809265137,10.599999904632568,4.599999904632568,-5.099999904632568,4.099999904632568
normal,hero,ambush,23,18.300000190734863,5.699999809265137,20.699999809265137,6.200000286102295,-12.600000381469727,6.900000095367432
normal,hero,ambush,24,5.199999809265137,5.800000190734863,5.799999713897705,6,0.6000003814697266,5.599999904632568
normal,hero,ambush,56,9.699999809265137,7.900000095367432,10.700000286102295,8.5,-1.799999713897705,8.599999904632568
normal,trail,ambush,1,1.8000001907348633,2.299999713897705,2,2.5999999046325684,0.4999995231628418,3.200000286102295
normal,trail,ambush,12,3.9000000953674316,4.400000095367432,4,4.699999809265137,0.5,4.5
normal,trail,ambush,64,10.400000095367432,9.300000190734863,10.900000095367432,10.300000190734863,-1.0999999046325684,8.900000095367432
normal,impact,opportunist,1,1.5999999046325684,2,1.700000286102295,2.0999999046325684,0.40000009536743164,6.700000286102295
normal,impact,opportunist,12,2.8000001907348633,3.200000286102295,3,3.5,0.40000009536743164,3.5
normal,impact,opportunist,56,8.400000095367432,6.800000190734863,11.899999618530273,13.599999904632568,-1.5999999046325684,7.700000286102295
normal,hero,opportunist,1,1.9000000953674316,2.0999999046325684,2.0999999046325684,11.900000095367432,0.19999980926513672,3.3000001907348633
normal,hero,opportunist,12,8.700000286102295,3.8000001907348633,9.099999904632568,4.300000190734863,-4.900000095367432,4
normal,hero,opportunist,23,15.699999809265137,5.099999904632568,16.40000009536743,5.400000095367432,-10.599999904632568,5.300000190734863
normal,hero,opportunist,24,4.299999713897705,5.400000095367432,4.5,5.799999713897705,1.1000003814697266,6.300000190734863
normal,hero,opportunist,56,8.199999809265137,7.600000381469727,8.900000095367432,8.400000095367432,-0.5999994277954102,8.200000286102295
normal,trail,opportunist,1,1.5999999046325684,2.0999999046325684,1.700000286102295,3,0.5,3.4000000953674316
normal,trail,opportunist,12,3.5999999046325684,4.5,3.8000001907348633,7.599999904632568,0.9000000953674316,5
normal,trail,opportunist,64,10,9.5,10.200000286102295,10.400000095367432,-0.5,12.799999713897705
normal,impact,reaper,1,1.5,2,1.6000003814697266,2.4000000953674316,0.5,6.400000095367432
normal,impact,reaper,12,3.1000003814697266,3.5,3.3999996185302734,6.900000095367432,0.39999961853027344,4
normal,impact,reaper,56,9,7.699999809265137,12.5,25.59999990463257,-1.3000001907348633,9.600000381469727
normal,hero,reaper,1,2,2.0999999046325684,2.4000000953674316,2.200000286102295,0.09999990463256836,3
normal,hero,reaper,12,8.800000190734863,4,9.200000286102295,4.300000190734863,-4.800000190734863,4.099999904632568
normal,hero,reaper,23,16,5.599999904632568,16.59999990463257,5.799999713897705,-10.400000095367432,5.599999904632568
normal,hero,reaper,24,4.699999809265137,5.800000190734863,4.900000095367432,9.200000286102295,1.1000003814697266,6.300000190734863
normal,hero,reaper,56,8.900000095367432,7.599999904632568,9.700000286102295,16.800000190734863,-1.3000001907348633,8.600000381469727
normal,trail,reaper,1,1.6999998092651367,2,1.9000000953674316,2.0999999046325684,0.3000001907348633,2.4000000953674316
normal,trail,reaper,12,3.700000286102295,4.200000286102295,3.8999996185302734,4.5,0.5,4.599999904632568
normal,trail,reaper,64,9.900000095367432,9.099999904632568,10.400000095367432,9.5,-0.8000001907348633,9.400000095367432
normal,impact,siphon,1,1.6999998092651367,1.9000000953674316,1.8000001907348633,2,0.20000028610229492,6.299999713897705
normal,impact,siphon,12,3.4000000953674316,3.5999999046325684,3.5999999046325684,4.400000095367432,0.19999980926513672,3.6000003814697266
normal,impact,siphon,56,10.599999904632568,7.600000381469727,12.400000095367432,12.699999809265137,-2.999999523162842,10.099999904632568
normal,hero,siphon,1,2.0999999046325684,2,2.4000000953674316,2.1000003814697266,-0.09999990463256836,3.1999998092651367
normal,hero,siphon,12,8.599999904632568,4.100000381469727,8.800000190734863,4.300000190734863,-4.499999523162842,4.300000190734863
normal,hero,siphon,23,15.200000286102295,5.899999618530273,17.199999809265137,6.199999809265137,-9.300000667572021,5.800000190734863
normal,hero,siphon,24,5.099999904632568,6,8,6.300000190734863,0.9000000953674316,6.5
normal,hero,siphon,56,9.900000095367432,8.099999904632568,10.200000286102295,9,-1.8000001907348633,7.599999904632568
normal,trail,siphon,1,1.9000000953674316,2.0999999046325684,2.1000003814697266,2.1999998092651367,0.19999980926513672,3
normal,trail,siphon,12,4.400000095367432,4.900000095367432,7,5.200000286102295,0.5,4.900000095367432
normal,trail,siphon,64,12.399999618530273,9.300000190734863,14.299999713897705,9.599999904632568,-3.09999942779541,9.300000190734863
normal,impact,ricochet,1,1.5999999046325684,1.9000000953674316,1.8000001907348633,2.0999999046325684,0.3000001907348633,6.199999809265137
normal,impact,ricochet,12,3.0999999046325684,3.5,3.3000001907348633,3.8000001907348633,0.40000009536743164,3.8000001907348633
normal,impact,ricochet,56,9.199999809265137,7.199999809265137,9.400000095367432,7.5,-2,12.699999809265137
normal,hero,ricochet,1,2.1000003814697266,2,2.3000001907348633,2.200000286102295,-0.10000038146972656,2.700000286102295
normal,hero,ricochet,12,9.800000190734863,3.9000000953674316,11.300000190734863,4.099999904632568,-5.900000095367432,4.400000095367432
normal,hero,ricochet,23,17.799999713897705,5.5,18.300000190734863,5.699999809265137,-12.299999713897705,5.400000095367432
normal,hero,ricochet,24,4.800000190734863,5.599999904632568,5.799999713897705,5.700000286102295,0.7999997138977051,6.400000095367432
normal,hero,ricochet,56,9.199999809265137,7.700000286102295,9.5,8,-1.4999995231628418,8.099999904632568
normal,trail,ricochet,1,1.6999998092651367,2,1.9000000953674316,2.1000003814697266,0.3000001907348633,3.5999999046325684
normal,trail,ricochet,12,4.099999904632568,4.699999809265137,4.300000190734863,4.800000190734863,0.5999999046325684,4.700000286102295
normal,trail,ricochet,64,11.299999713897705,9.400000095367432,11.700000286102295,10,-1.8999996185302734,9.299999713897705
normal,impact,meteor,1,1.799999713897705,2,1.9000000953674316,2.200000286102295,0.20000028610229492,6.099999904632568
normal,impact,meteor,12,4.099999904632568,4.5,4.300000190734863,5.300000190734863,0.40000009536743164,4.300000190734863
normal,impact,meteor,56,13,9,14.099999904632568,12.699999809265137,-4,11.5
normal,hero,meteor,1,2.5,2.0999999046325684,2.700000286102295,3.1999998092651367,-0.40000009536743164,3.3000001907348633
normal,hero,meteor,12,12.900000095367432,5.400000095367432,13.5,6.099999904632568,-7.5,5.599999904632568
normal,hero,meteor,23,23.90000009536743,8.199999809265137,25,8.900000095367432,-15.700000286102295,8.400000095367432
normal,hero,meteor,24,6.5,8.5,7.299999713897705,11.700000286102295,2,9.300000190734863
normal,hero,meteor,56,13.299999713897705,10.299999713897705,14,11.300000190734863,-3,11.400000095367432
normal,trail,meteor,1,1.8000001907348633,2.1999998092651367,2,2.5999999046325684,0.39999961853027344,3
normal,trail,meteor,12,4.800000190734863,4.599999904632568,5.199999809265137,6.800000190734863,-0.20000028610229492,5.900000095367432
normal,trail,meteor,64,13,10.199999809265137,13.800000190734863,11.5,-2.8000001907348633,9.800000190734863
normal,impact,blast,1,1.8000001907348633,2.0999999046325684,2,2.4000000953674316,0.2999997138977051,6.199999809265137
normal,impact,blast,12,4.300000190734863,4.799999713897705,4.599999904632568,5,0.4999995231628418,4.599999904632568
normal,impact,blast,56,14.900000095367432,10.5,16.800000190734863,11.300000190734863,-4.400000095367432,13.300000190734863
normal,hero,blast,1,2.200000286102295,2.0999999046325684,2.4000000953674316,2.200000286102295,-0.10000038146972656,3.4000000953674316
normal,hero,blast,12,12,5,12.900000095367432,5.200000286102295,-7,4.799999713897705
normal,hero,blast,23,22.40000009536743,7.599999904632568,22.799999713897705,7.900000095367432,-14.800000190734863,7.400000095367432
normal,hero,blast,24,7,7.900000095367432,7.600000381469727,11.300000190734863,0.9000000953674316,7.599999904632568
normal,hero,blast,56,14.700000286102295,9.800000190734863,16.09999990463257,10.399999618530273,-4.900000095367432,10.199999809265137
normal,trail,blast,1,1.8000001907348633,2,2.0999999046325684,2.0999999046325684,0.19999980926513672,2.6999998092651367
normal,trail,blast,12,4.900000095367432,4.199999809265137,5.199999809265137,4.400000095367432,-0.7000002861022949,5.199999809265137
normal,trail,blast,64,11.800000190734863,9.099999904632568,12.099999904632568,9.300000190734863,-2.700000286102295,9.300000190734863
normal,impact,doubletap,1,1.6999998092651367,1.9000000953674316,1.8000001907348633,2,0.20000028610229492,6.800000190734863
normal,impact,doubletap,12,3.5,3.700000286102295,3.8000001907348633,4,0.20000028610229492,4.200000286102295
normal,impact,doubletap,56,11.199999809265137,7.599999904632568,12.199999809265137,7.800000190734863,-3.5999999046325684,9.299999713897705
normal,hero,doubletap,1,2.1000003814697266,2,2.4000000953674316,2.1999998092651367,-0.10000038146972656,3
normal,hero,doubletap,12,9.299999713897705,4.199999809265137,9.699999809265137,4.400000095367432,-5.099999904632568,4.200000286102295
normal,hero,doubletap,23,17.200000286102295,6,18,10.900000095367432,-11.200000286102295,6.099999904632568
normal,hero,doubletap,24,5.599999904632568,6.099999904632568,5.799999713897705,6.400000095367432,0.5,6.300000190734863
normal,hero,doubletap,56,10.900000095367432,8.199999809265137,12.400000095367432,8.5,-2.700000286102295,8
normal,trail,doubletap,1,1.799999713897705,2,1.9000000953674316,2.1999998092651367,0.20000028610229492,3.200000286102295
normal,trail,doubletap,12,4.300000190734863,4.599999904632568,4.599999904632568,4.900000095367432,0.2999997138977051,4.600000381469727
normal,trail,doubletap,64,12.200000286102295,9.300000190734863,16.40000009536743,9.699999809265137,-2.9000000953674316,9.300000190734863
normal,impact,aftershock,1,1.700000286102295,2,1.9000000953674316,2.0999999046325684,0.2999997138977051,7
normal,impact,aftershock,12,3.6999998092651367,3.9000000953674316,3.9000000953674316,5.5,0.20000028610229492,4
normal,impact,aftershock,56,11.900000095367432,8,12.800000190734863,8.5,-3.9000000953674316,11.400000095367432
normal,hero,aftershock,1,2.1000003814697266,2,2.3000001907348633,2.1999998092651367,-0.10000038146972656,3.0999999046325684
normal,hero,aftershock,12,9.899999618530273,4.5,10.899999618530273,4.700000286102295,-5.399999618530273,5
normal,hero,aftershock,23,18.40000009536743,6.299999713897705,19.199999809265137,6.700000286102295,-12.100000381469727,6.099999904632568
normal,hero,aftershock,24,5.800000190734863,6.699999809265137,6.200000286102295,7,0.8999996185302734,7.5
normal,hero,aftershock,56,11.799999713897705,8.899999618530273,13.599999904632568,14.900000095367432,-2.9000000953674316,8.899999618530273
normal,trail,aftershock,1,1.700000286102295,2,3.0999999046325684,2.200000286102295,0.2999997138977051,3
normal,trail,aftershock,12,4.199999809265137,4.600000381469727,6.199999809265137,4.800000190734863,0.40000057220458984,4.5
normal,trail,aftershock,64,11.700000286102295,9.799999713897705,14.600000381469727,17.299999713897705,-1.9000005722045898,9.099999904632568
normal,impact,cascade,1,1.799999713897705,2,1.9000000953674316,2.1000003814697266,0.20000028610229492,6.300000190734863
normal,impact,cascade,12,4.399999618530273,4.599999904632568,4.699999809265137,4.800000190734863,0.20000028610229492,4.399999618530273
normal,impact,cascade,56,15.199999809265137,9.599999904632568,15.799999713897705,19.299999713897705,-5.599999904632568,12
normal,hero,cascade,1,2.299999713897705,2.0999999046325684,2.4000000953674316,2.3000001907348633,-0.19999980926513672,3.6999998092651367
normal,hero,cascade,12,11.400000095367432,5.299999713897705,15.900000095367432,6.800000190734863,-6.100000381469727,5.099999904632568
normal,hero,cascade,23,21.5,7.799999713897705,22.59999990463257,8.100000381469727,-13.700000286102295,7.400000095367432
normal,hero,cascade,24,7.199999809265137,8,8.099999904632568,8.300000190734863,0.8000001907348633,8.100000381469727
normal,hero,cascade,56,14.900000095367432,9.900000095367432,15.5,10.400000095367432,-5,10.799999713897705
normal,trail,cascade,1,1.8000001907348633,2,2.299999713897705,2.1000003814697266,0.19999980926513672,2.799999713897705
normal,trail,cascade,12,4.699999809265137,4.299999713897705,5.399999618530273,4.599999904632568,-0.40000009536743164,5.099999904632568
normal,trail,cascade,64,11.5,9.600000381469727,11.800000190734863,23.90000009536743,-1.8999996185302734,9.099999904632568
normal,impact,orbital,1,1.8000001907348633,2.1000003814697266,2,2.5,0.3000001907348633,8
normal,impact,orbital,12,4.600000381469727,5.300000190734863,5.200000286102295,5.800000190734863,0.6999998092651367,5.800000190734863
normal,impact,orbital,56,15.799999713897705,11.900000095367432,16.40000009536743,17.200000286102295,-3.8999996185302734,21.199999809265137
normal,hero,orbital,1,2.3000001907348633,2.1999998092651367,2.4000000953674316,2.5,-0.10000038146972656,3.799999713897705
normal,hero,orbital,12,13.099999904632568,5.399999618530273,25.799999713897705,5.800000190734863,-7.700000286102295,5.199999809265137
normal,hero,orbital,23,22.100000381469727,9,22.40000009536743,20.5,-13.100000381469727,7.900000095367432
normal,hero,orbital,24,7.400000095367432,8.300000190734863,17.700000286102295,8.899999618530273,0.9000000953674316,12.199999809265137
normal,hero,orbital,56,17.700000286102295,10.399999618530273,23.09999990463257,10.900000095367432,-7.3000006675720215,10.099999904632568
normal,trail,orbital,1,1.9000000953674316,2.0999999046325684,2.1000003814697266,2.200000286102295,0.19999980926513672,3.6999998092651367
normal,trail,orbital,12,5.5,4.900000095367432,6.5,5.899999618530273,-0.5999999046325684,5
normal,trail,orbital,64,14.399999618530273,9.699999809265137,16,10.800000190734863,-4.699999809265137,10
normal,impact,minefield,1,1.9000000953674316,2.0999999046325684,2.1000003814697266,2.3000001907348633,0.19999980926513672,7.400000095367432
normal,impact,minefield,12,5,5.300000190734863,6.799999713897705,6,0.3000001907348633,6.200000286102295
normal,impact,minefield,56,18.200000286102295,11.099999904632568,22.59999990463257,12.099999904632568,-7.100000381469727,14.199999809265137
normal,hero,minefield,1,2.6000003814697266,2.1999998092651367,2.9000000953674316,2.3000001907348633,-0.40000057220458984,3.1999998092651367
normal,hero,minefield,12,14.699999809265137,5.700000286102295,15.199999809265137,5.800000190734863,-8.999999523162842,5.5
normal,hero,minefield,23,25.09999990463257,9,27.40000009536743,9.299999713897705,-16.09999990463257,9.200000286102295
normal,hero,minefield,24,8.5,9.5,12,13.400000095367432,1,9.900000095367432
normal,hero,minefield,56,22.800000190734863,11.599999904632568,57.5,12,-11.200000286102295,11.900000095367432
normal,trail,minefield,1,2,2,2.8000001907348633,2.1999998092651367,0,3.1000003814697266
normal,trail,minefield,12,5.399999618530273,4.599999904632568,8.200000286102295,5.099999904632568,-0.7999997138977051,4.5
normal,trail,minefield,64,13.099999904632568,9.400000095367432,15.299999713897705,10,-3.6999998092651367,9.5
normal,impact,lightning,1,1.700000286102295,2,2,2.1000003814697266,0.2999997138977051,7.800000190734863
normal,impact,lightning,12,3.700000286102295,4.199999809265137,5.199999809265137,6.599999904632568,0.4999995231628418,4.400000095367432
normal,impact,lightning,56,12.5,8.299999713897705,15.700000286102295,8.800000190734863,-4.200000286102295,10.800000190734863
normal,hero,lightning,1,2.200000286102295,2,2.4000000953674316,2.200000286102295,-0.20000028610229492,3
normal,hero,lightning,12,10.5,4.599999904632568,11.400000095367432,4.700000286102295,-5.900000095367432,4.400000095367432
normal,hero,lightning,23,19.800000190734863,6.599999904632568,21.90000009536743,9.299999713897705,-13.200000286102295,8
normal,hero,lightning,24,5.900000095367432,6.700000286102295,23,6.900000095367432,0.8000001907348633,7
normal,hero,lightning,56,14.600000381469727,8.799999713897705,22.40000009536743,9.800000190734863,-5.8000006675720215,9.400000095367432
normal,trail,lightning,1,1.8000001907348633,2,3.9000000953674316,2.1000003814697266,0.19999980926513672,3
normal,trail,lightning,12,5.5,4.5,16.199999809265137,4.900000095367432,-1,5.600000381469727
normal,trail,lightning,64,15.699999809265137,9.199999809265137,20,10.5,-6.5,8.699999809265137
normal,impact,storm,1,1.799999713897705,2,3.0999999046325684,2.0999999046325684,0.20000028610229492,7.200000286102295
normal,impact,storm,12,4.199999809265137,4.099999904632568,10.699999809265137,4.299999713897705,-0.09999990463256836,4.200000286102295
normal,impact,storm,56,13.300000190734863,8.300000190734863,13.799999713897705,8.600000381469727,-5,9.599999904632568
normal,hero,storm,1,2.3000001907348633,2.0999999046325684,4.900000095367432,2.200000286102295,-0.20000028610229492,2.799999713897705
normal,hero,storm,12,11.300000190734863,4.5,14,5.699999809265137,-6.800000190734863,4.599999904632568
normal,hero,storm,23,22.5,6.799999713897705,32.90000009536743,7.399999618530273,-15.700000286102295,6.600000381469727
normal,hero,storm,24,5.900000095367432,6.900000095367432,6.400000095367432,7.399999618530273,1,7.199999809265137
normal,hero,storm,56,12.300000190734863,9.100000381469727,14,11.199999809265137,-3.1999998092651367,10
normal,trail,storm,1,1.6999998092651367,2.0999999046325684,1.8000001907348633,3.1999998092651367,0.40000009536743164,3
normal,trail,storm,12,4.099999904632568,4.800000190734863,5.799999713897705,5.099999904632568,0.7000002861022949,5.400000095367432
normal,trail,storm,64,12.299999713897705,9.699999809265137,27.90000009536743,10.300000190734863,-2.5999999046325684,9.800000190734863
normal,impact,thunderlottery,1,1.799999713897705,2,2.9000000953674316,2.8000001907348633,0.20000028610229492,7.199999809265137
normal,impact,thunderlottery,12,4.299999713897705,4.300000190734863,11.600000381469727,4.699999809265137,4.76837158203125e-7,6.099999904632568
normal,impact,thunderlottery,56,17.5,8.900000095367432,51.19999980926514,10.599999904632568,-8.599999904632568,10.800000190734863
normal,hero,thunderlottery,1,2.3000001907348633,2.0999999046325684,3,2.4000000953674316,-0.20000028610229492,2.799999713897705
normal,hero,thunderlottery,12,10.199999809265137,4.800000190734863,18.90000009536743,5.5,-5.399999618530273,4.5
normal,hero,thunderlottery,23,24.699999809265137,7.099999904632568,57.19999980926514,7.399999618530273,-17.59999990463257,6.800000190734863
normal,hero,thunderlottery,24,9,7.5,14,9.900000095367432,-1.5,7.699999809265137
normal,hero,thunderlottery,56,24.90000009536743,10.600000381469727,49.30000019073486,16.200000286102295,-14.299999713897705,10.199999809265137
normal,trail,thunderlottery,1,1.799999713897705,2.1000003814697266,2.0999999046325684,2.5999999046325684,0.3000006675720215,3.9000000953674316
normal,trail,thunderlottery,12,16.100000381469727,4.900000095367432,26,5.300000190734863,-11.200000286102295,5.699999809265137
normal,trail,thunderlottery,64,12.699999809265137,10,23.40000009536743,13.700000286102295,-2.6999998092651367,9.800000190734863
normal,impact,stormfront,1,1.6999998092651367,2,2.3000001907348633,2.5,0.3000001907348633,7.200000286102295
normal,impact,stormfront,12,4.099999904632568,3.6999998092651367,38.19999980926514,5,-0.40000009536743164,3.8999996185302734
normal,impact,stormfront,56,11.900000095367432,7.400000095367432,23.59999990463257,8.199999809265137,-4.5,10.199999809265137
normal,hero,stormfront,1,2.1999998092651367,2.0999999046325684,2.9000000953674316,2.1999998092651367,-0.09999990463256836,3.0999999046325684
normal,hero,stormfront,12,15.300000190734863,4.100000381469727,31.299999713897705,4.700000286102295,-11.199999809265137,4.5
normal,hero,stormfront,23,34.5,6.099999904632568,55.90000009536743,10,-28.40000009536743,6
normal,hero,stormfront,24,6.199999809265137,6.399999618530273,18.800000190734863,6.900000095367432,0.19999980926513672,7
normal,hero,stormfront,56,10,8.300000190734863,10.899999618530273,9,-1.6999998092651367,8.099999904632568
normal,trail,stormfront,1,1.700000286102295,2.1000003814697266,2.200000286102295,2.4000000953674316,0.40000009536743164,3.1000003814697266
normal,trail,stormfront,12,5.099999904632568,4.400000095367432,19.5,5,-0.6999998092651367,4.5
normal,trail,stormfront,64,13.599999904632568,9.799999713897705,30.100000381469727,11,-3.8000001907348633,9.900000095367432
normal,impact,ice,1,1.8000001907348633,2.0999999046325684,2.5,2.4000000953674316,0.2999997138977051,6.800000190734863
normal,impact,ice,12,4,4.699999809265137,4.200000286102295,5.099999904632568,0.6999998092651367,5
normal,impact,ice,56,14.199999809265137,9.400000095367432,15.800000190734863,10.400000095367432,-4.799999713897705,12.299999713897705
normal,hero,ice,1,2.3000001907348633,2.1999998092651367,2.9000000953674316,2.4000000953674316,-0.10000038146972656,3.0999999046325684
normal,hero,ice,12,12.5,5,12.700000286102295,5.299999713897705,-7.5,4.900000095367432
normal,hero,ice,23,22.90000009536743,8.400000095367432,23.300000190734863,9.400000095367432,-14.5,7.5
normal,hero,ice,24,6.800000190734863,7.900000095367432,7.100000381469727,11.599999904632568,1.0999999046325684,8.5
normal,hero,ice,56,14.599999904632568,10.099999904632568,15.900000095367432,10.5,-4.5,11.400000095367432
normal,trail,ice,1,1.8000001907348633,2.1999998092651367,1.9000000953674316,2.5,0.39999961853027344,2.8000001907348633
normal,trail,ice,12,4.699999809265137,5,5,5.700000286102295,0.3000001907348633,4.900000095367432
normal,trail,ice,64,11.099999904632568,9.900000095367432,11.5,10.599999904632568,-1.1999998092651367,10
normal,impact,shatter,1,1.8000001907348633,2.299999713897705,1.9000000953674316,2.5,0.4999995231628418,6.300000190734863
normal,impact,shatter,12,4.700000286102295,5.599999904632568,7.800000190734863,6.100000381469727,0.8999996185302734,6.099999904632568
normal,impact,shatter,56,16.800000190734863,11.200000286102295,17.5,19,-5.599999904632568,17.300000190734863
normal,hero,shatter,1,2.4000000953674316,2.299999713897705,2.5999999046325684,2.4000000953674316,-0.10000038146972656,3.3000001907348633
normal,hero,shatter,12,11.900000095367432,5.699999809265137,12.100000381469727,6.199999809265137,-6.200000286102295,5.599999904632568
normal,hero,shatter,23,21.300000190734863,8.599999904632568,25.200000286102295,9.200000286102295,-12.700000286102295,14.899999618530273
normal,hero,shatter,24,7.699999809265137,8.900000095367432,8.599999904632568,10.700000286102295,1.200000286102295,8.900000095367432
normal,hero,shatter,56,17.699999809265137,11.099999904632568,29.200000286102295,15.5,-6.599999904632568,10.599999904632568
normal,trail,shatter,1,1.8999996185302734,2.0999999046325684,2,2.299999713897705,0.20000028610229492,3.799999713897705
normal,trail,shatter,12,5.299999713897705,4.900000095367432,5.5,5.400000095367432,-0.39999961853027344,4.600000381469727
normal,trail,shatter,64,11.5,9.399999618530273,12.099999904632568,10.199999809265137,-2.1000003814697266,10.300000190734863
normal,impact,blizzard,1,2.5999999046325684,2.0999999046325684,2.700000286102295,2.200000286102295,-0.5,7.900000095367432
normal,impact,blizzard,12,10.400000095367432,5.400000095367432,11.300000190734863,5.599999904632568,-5,9.900000095367432
normal,impact,blizzard,56,42.5,11.199999809265137,46,12,-31.300000190734863,28.100000381469727
normal,hero,blizzard,1,4.100000381469727,2.0999999046325684,4.400000095367432,2.200000286102295,-2.000000476837158,2.5999999046325684
normal,hero,blizzard,12,30.799999713897705,5.799999713897705,31.90000009536743,6,-25,5.900000095367432
normal,hero,blizzard,23,56.799999713897705,9,58.30000019073486,14.200000286102295,-47.799999713897705,8.799999713897705
normal,hero,blizzard,24,18.90000009536743,9.099999904632568,22.199999809265137,9.300000190734863,-9.800000190734863,10
normal,hero,blizzard,56,42.5,11.5,48,14.699999809265137,-31,10.899999618530273
normal,trail,blizzard,1,2.6999998092651367,2,2.8999996185302734,2.200000286102295,-0.6999998092651367,3.4000000953674316
normal,trail,blizzard,12,10.700000286102295,5,11.5,5.299999713897705,-5.700000286102295,4.900000095367432
normal,trail,blizzard,64,20,9.700000286102295,25.09999990463257,10.199999809265137,-10.299999713897705,9.400000095367432
normal,impact,snowburst,1,2.4000000953674316,2,2.6999998092651367,2.1000003814697266,-0.40000009536743164,7.300000190734863
normal,impact,snowburst,12,8.300000190734863,5.300000190734863,9.099999904632568,5.5,-3,8.699999809265137
normal,impact,snowburst,56,34,11.300000190734863,42.59999990463257,14.600000381469727,-22.699999809265137,21.299999713897705
normal,hero,snowburst,1,3.8000001907348633,2.200000286102295,4.199999809265137,2.5,-1.5999999046325684,3.0999999046325684
normal,hero,snowburst,12,26.59999990463257,6.200000286102295,27.299999713897705,14.799999713897705,-20.399999618530273,6.200000286102295
normal,hero,snowburst,23,51.5,9.199999809265137,61.5,9.599999904632568,-42.30000019073486,9
normal,hero,snowburst,24,16.200000286102295,9.599999904632568,18.40000009536743,10.200000286102295,-6.600000381469727,9.5
normal,hero,snowburst,56,37.5,11.5,47.89999961853027,11.700000286102295,-26,11.900000095367432
normal,trail,snowburst,1,2.5,2.0999999046325684,2.700000286102295,2.5999999046325684,-0.40000009536743164,3.200000286102295
normal,trail,snowburst,12,9.400000095367432,4.900000095367432,10.099999904632568,6.099999904632568,-4.5,5.099999904632568
normal,trail,snowburst,64,16.800000190734863,10.5,19.800000190734863,11.799999713897705,-6.300000190734863,9.5
normal,impact,frostfire,1,2,2.200000286102295,2.5,2.5,0.20000028610229492,8.199999809265137
normal,impact,frostfire,12,5,4.799999713897705,5.300000190734863,5,-0.20000028610229492,5.099999904632568
normal,impact,frostfire,56,17.700000286102295,10.199999809265137,18.699999809265137,11.699999809265137,-7.500000476837158,14.599999904632568
normal,hero,frostfire,1,2.5999999046325684,2.1999998092651367,2.8000001907348633,2.3000001907348633,-0.40000009536743164,3
normal,hero,frostfire,12,14.199999809265137,5.400000095367432,15.099999904632568,5.800000190734863,-8.799999713897705,5.300000190734863
normal,hero,frostfire,23,30.5,8.299999713897705,48.59999990463257,10,-22.200000286102295,7.900000095367432
normal,hero,frostfire,24,8,8.699999809265137,8.600000381469727,15.199999809265137,0.6999998092651367,9.199999809265137
normal,hero,frostfire,56,16.699999809265137,10.400000095367432,27.09999990463257,10.800000190734863,-6.299999713897705,13
normal,trail,frostfire,1,2,2,2.4000000953674316,2.200000286102295,0,2.8000001907348633
normal,trail,frostfire,12,5.700000286102295,5,6,5.299999713897705,-0.7000002861022949,5.900000095367432
normal,trail,frostfire,64,13.799999713897705,9.5,14.900000095367432,9.800000190734863,-4.299999713897705,9.300000190734863
normal,impact,poison,1,1.6000003814697266,2,1.8000001907348633,2,0.39999961853027344,7
normal,impact,poison,12,3.5999999046325684,3.8999996185302734,3.8000001907348633,4,0.2999997138977051,4.300000190734863
normal,impact,poison,56,11,7.799999713897705,13.5,9.299999713897705,-3.200000286102295,9.600000381469727
normal,hero,poison,1,2.0999999046325684,2.0999999046325684,2.200000286102295,2.200000286102295,0,2.8000001907348633
normal,hero,poison,12,8.300000190734863,4.5,9.699999809265137,5.099999904632568,-3.8000001907348633,4.100000381469727
normal,hero,poison,23,15.099999904632568,6.400000095367432,16.700000286102295,8.400000095367432,-8.699999809265137,6.199999809265137
normal,hero,poison,24,5.599999904632568,6.5,6.200000286102295,7.300000190734863,0.9000000953674316,6.900000095367432
normal,hero,poison,56,11.199999809265137,8.5,11.900000095367432,9,-2.6999998092651367,8.400000095367432
normal,trail,poison,1,1.6999998092651367,2.0999999046325684,1.8000001907348633,2.1999998092651367,0.40000009536743164,2.8000001907348633
normal,trail,poison,12,4.199999809265137,4.800000190734863,4.300000190734863,7,0.6000003814697266,4.800000190734863
normal,trail,poison,64,11.399999618530273,10.199999809265137,11.900000095367432,17.600000381469727,-1.1999998092651367,9.299999713897705
normal,impact,decay,1,2,2.200000286102295,2.1000003814697266,2.4000000953674316,0.20000028610229492,10.899999618530273
normal,impact,decay,12,4.700000286102295,5,4.900000095367432,5.5,0.2999997138977051,4.900000095367432
normal,impact,decay,56,15.799999713897705,10.099999904632568,16.40000009536743,10.800000190734863,-5.699999809265137,15
normal,hero,decay,1,2.6999998092651367,2.299999713897705,2.8000001907348633,2.4000000953674316,-0.40000009536743164,3.3000001907348633
normal,hero,decay,12,14,5.700000286102295,14.800000190734863,6,-8.299999713897705,6.600000381469727
normal,hero,decay,23,25.700000286102295,8.699999809265137,29.59999990463257,10.700000286102295,-17.000000476837158,8.399999618530273
normal,hero,decay,24,7.900000095367432,9.099999904632568,11.299999713897705,9.5,1.1999998092651367,9.899999618530273
normal,hero,decay,56,15.800000190734863,10.699999809265137,16.300000190734863,11.199999809265137,-5.100000381469727,10.5
normal,trail,decay,1,2,2.1999998092651367,2.0999999046325684,2.4000000953674316,0.19999980926513672,3.200000286102295
normal,trail,decay,12,5,4.900000095367432,7.400000095367432,6.700000286102295,-0.09999990463256836,5
normal,trail,decay,64,12.699999809265137,10.200000286102295,13.800000190734863,11.599999904632568,-2.499999523162842,9.299999713897705
normal,impact,sweep,1,1.5999999046325684,2,1.700000286102295,2.1999998092651367,0.40000009536743164,6.800000190734863
normal,impact,sweep,12,3.6000003814697266,3.200000286102295,3.8000001907348633,3.799999713897705,-0.40000009536743164,4.5
normal,impact,sweep,56,11.900000095367432,5.800000190734863,12.400000095367432,6.099999904632568,-6.099999904632568,5.700000286102295
normal,hero,sweep,1,1.799999713897705,2.0999999046325684,1.9000000953674316,2.3000001907348633,0.3000001907348633,2.8999996185302734
normal,hero,sweep,12,6.900000095367432,3.4000000953674316,7.300000190734863,10.799999713897705,-3.5,3.4000000953674316
normal,hero,sweep,23,12,4.099999904632568,13.299999713897705,4.300000190734863,-7.900000095367432,4.5
normal,hero,sweep,24,6.099999904632568,4.300000190734863,6.899999618530273,5.399999618530273,-1.799999713897705,4.300000190734863
normal,hero,sweep,56,11.900000095367432,6.100000381469727,12.399999618530273,6.200000286102295,-5.799999713897705,7.300000190734863
normal,trail,sweep,1,1.5999999046325684,2.0999999046325684,1.6999998092651367,2.4000000953674316,0.5,2.4000000953674316
normal,trail,sweep,12,3.6999998092651367,5,3.8000001907348633,5.299999713897705,1.3000001907348633,6.399999618530273
normal,trail,sweep,64,12.199999809265137,11.399999618530273,12.699999809265137,17.800000190734863,-0.8000001907348633,9.199999809265137
normal,impact,lance,1,1.799999713897705,2.0999999046325684,1.9000000953674316,2.200000286102295,0.3000001907348633,8.200000286102295
normal,impact,lance,12,5.100000381469727,3.5,5.400000095367432,3.6999998092651367,-1.6000003814697266,4.699999809265137
normal,impact,lance,56,19.199999809265137,6.099999904632568,21.600000381469727,6.299999713897705,-13.099999904632568,6.299999713897705
normal,hero,lance,1,2.1999998092651367,2.1999998092651367,2.3999996185302734,2.3000001907348633,0,3
normal,hero,lance,12,11.399999618530273,3.8000001907348633,12.699999809265137,4,-7.59999942779541,4
normal,hero,lance,23,21.300000190734863,4.5,21.800000190734863,4.700000286102295,-16.800000190734863,4.599999904632568
normal,hero,lance,24,9.399999618530273,4.599999904632568,12.099999904632568,6.099999904632568,-4.799999713897705,4.599999904632568
normal,hero,lance,56,19.299999713897705,6.5,19.700000286102295,7.900000095367432,-12.799999713897705,6.400000095367432
normal,trail,lance,1,1.799999713897705,2,2,2.1999998092651367,0.20000028610229492,2.3000001907348633
normal,trail,lance,12,4.600000381469727,4.799999713897705,5.199999809265137,4.900000095367432,0.19999933242797852,4.599999904632568
normal,trail,lance,64,14.599999904632568,9.200000286102295,18.100000381469727,9.699999809265137,-5.399999618530273,9.5
normal,impact,crossfire,1,1.6999998092651367,2,2.0999999046325684,2.1999998092651367,0.3000001907348633,6
normal,impact,crossfire,12,3.700000286102295,3.0999999046325684,3.8000001907348633,3.200000286102295,-0.6000003814697266,3.5999999046325684
normal,impact,crossfire,56,12.300000190734863,5.699999809265137,12.599999904632568,5.800000190734863,-6.600000381469727,5.899999618530273
normal,hero,crossfire,1,1.8000001907348633,2.0999999046325684,1.9000000953674316,2.200000286102295,0.2999997138977051,2.5999999046325684
normal,hero,crossfire,12,7.099999904632568,3.4000000953674316,7.300000190734863,3.5999999046325684,-3.6999998092651367,3.5
normal,hero,crossfire,23,12.400000095367432,4.099999904632568,16.300000190734863,5.5,-8.300000190734863,4
normal,hero,crossfire,24,6.199999809265137,4,7,4.300000190734863,-2.1999998092651367,4.199999809265137
normal,hero,crossfire,56,12.299999713897705,5.900000095367432,15.800000190734863,12.699999809265137,-6.399999618530273,5.699999809265137
normal,trail,crossfire,1,1.5999999046325684,2,1.700000286102295,2.1999998092651367,0.40000009536743164,3
normal,trail,crossfire,12,3.6999998092651367,4.799999713897705,3.9000000953674316,5,1.0999999046325684,4.5
normal,trail,crossfire,64,12,9.299999713897705,15.800000190734863,9.5,-2.700000286102295,9.800000190734863
normal,impact,pulse,1,2,2.0999999046325684,2.0999999046325684,2.200000286102295,0.09999990463256836,7.099999904632568
normal,impact,pulse,12,6.5,6.699999809265137,7.599999904632568,6.800000190734863,0.19999980926513672,9
normal,impact,pulse,56,25.09999990463257,14.399999618530273,25.59999990463257,20.59999990463257,-10.700000286102295,17
normal,hero,pulse,1,3.0999999046325684,2.1999998092651367,7.700000286102295,2.3000001907348633,-0.9000000953674316,3.1999998092651367
normal,hero,pulse,12,21.300000190734863,7.299999713897705,22,7.400000095367432,-14.000000476837158,7.199999809265137
normal,hero,pulse,23,38.5,11.799999713897705,44.5,12,-26.700000286102295,12
normal,hero,pulse,24,11.400000095367432,12,11.599999904632568,12.400000095367432,0.5999999046325684,12.099999904632568
normal,hero,pulse,56,25.199999809265137,15.599999904632568,28.40000009536743,17.40000009536743,-9.599999904632568,14.399999618530273
normal,trail,pulse,1,1.8000001907348633,2,1.9000000953674316,2.1000003814697266,0.19999980926513672,2.5
normal,trail,pulse,12,4.399999618530273,3.9000000953674316,4.599999904632568,4.100000381469727,-0.4999995231628418,5.800000190734863
normal,trail,pulse,64,9.399999618530273,9.099999904632568,11.200000286102295,9.900000095367432,-0.2999997138977051,9.200000286102295
normal,impact,supernova,1,2,2.1999998092651367,2.1999998092651367,2.4000000953674316,0.19999980926513672,7
normal,impact,supernova,12,7.099999904632568,7.199999809265137,7.699999809265137,8.800000190734863,0.09999990463256836,20.699999809265137
normal,impact,supernova,56,28.800000190734863,15,33,15.299999713897705,-13.800000190734863,19
normal,hero,supernova,1,2.8000001907348633,2.3000001907348633,3,2.4000000953674316,-0.5,3.1000003814697266
normal,hero,supernova,12,21,7.5,21.5,7.700000286102295,-13.5,7.700000286102295
normal,hero,supernova,23,39.700000286102295,12.5,44,12.699999809265137,-27.200000286102295,12.199999809265137
normal,hero,supernova,24,12.899999618530273,12.700000286102295,13.400000095367432,14.699999809265137,-0.19999933242797852,12.400000095367432
normal,hero,supernova,56,28.799999713897705,15.5,29.300000190734863,16,-13.299999713897705,24.799999713897705
normal,trail,supernova,1,2,2.0999999046325684,2.1000003814697266,2.200000286102295,0.09999990463256836,2.9000000953674316
normal,trail,supernova,12,5.5,4.5,5.700000286102295,4.800000190734863,-1,4.200000286102295
normal,trail,supernova,64,12.5,10,13.099999904632568,11.099999904632568,-2.5,9.199999809265137
normal,impact,alchemist,1,1.5999999046325684,2,1.700000286102295,2.1000003814697266,0.40000009536743164,6.800000190734863
normal,impact,alchemist,12,2.9000000953674316,3.5,3.0999999046325684,4.799999713897705,0.5999999046325684,3.9000000953674316
normal,impact,alchemist,56,8.200000286102295,7.199999809265137,9.5,7.699999809265137,-1.0000004768371582,8.400000095367432
normal,hero,alchemist,1,2,2.0999999046325684,2.200000286102295,2.299999713897705,0.09999990463256836,3
normal,hero,alchemist,12,8,4,12.399999618530273,4.099999904632568,-4,4.900000095367432
normal,hero,alchemist,23,14.300000190734863,5.400000095367432,15,5.600000381469727,-8.900000095367432,5.399999618530273
normal,hero,alchemist,24,4.299999713897705,5.400000095367432,4.5,5.699999809265137,1.1000003814697266,6.299999713897705
normal,hero,alchemist,56,8,7.599999904632568,8.5,9.400000095367432,-0.40000009536743164,7.5
normal,trail,alchemist,1,1.6000003814697266,2.0999999046325684,1.799999713897705,2.200000286102295,0.4999995231628418,2.799999713897705
normal,trail,alchemist,12,3.799999713897705,4.600000381469727,4,4.899999618530273,0.8000006675720215,4.5
normal,trail,alchemist,64,10.400000095367432,9.599999904632568,10.699999809265137,10.099999904632568,-0.8000001907348633,9.299999713897705
normal,impact,mint,1,2.200000286102295,2.0999999046325684,2.3000001907348633,2.200000286102295,-0.10000038146972656,7.900000095367432
normal,impact,mint,12,7.099999904632568,5.599999904632568,8.900000095367432,5.699999809265137,-1.5,7.699999809265137
normal,impact,mint,56,27.40000009536743,11.5,31.40000009536743,11.700000286102295,-15.900000095367432,16.399999618530273
normal,hero,mint,1,3.0999999046325684,2.1999998092651367,3.3999996185302734,2.3000001907348633,-0.9000000953674316,2.8000001907348633
normal,hero,mint,12,18.5,6.099999904632568,21.09999990463257,6.300000190734863,-12.400000095367432,6
normal,hero,mint,23,33.89999961853027,9.200000286102295,34.40000009536743,9.5,-24.69999933242798,9.199999809265137
normal,hero,mint,24,12.300000190734863,9.599999904632568,12.900000095367432,9.900000095367432,-2.700000286102295,11.400000095367432
normal,hero,mint,56,27.09999990463257,11.800000190734863,27.5,19.300000190734863,-15.299999713897705,11.5
normal,trail,mint,1,2.0999999046325684,2.0999999046325684,2.200000286102295,2.200000286102295,0,2.6999998092651367
normal,trail,mint,12,6.399999618530273,4.800000190734863,6.599999904632568,5.799999713897705,-1.5999994277954102,4.400000095367432
normal,trail,mint,64,13.599999904632568,9.199999809265137,14.099999904632568,10.299999713897705,-4.400000095367432,9.800000190734863
normal,impact,treasury,1,1.8000001907348633,2.1000003814697266,1.9000000953674316,2.4000000953674316,0.3000001907348633,7.199999809265137
normal,impact,treasury,12,4.700000286102295,5.200000286102295,5,5.5,0.5,5.599999904632568
normal,impact,treasury,56,17.5,11.5,20.59999990463257,25.299999713897705,-6,13.399999618530273
normal,hero,treasury,1,2.5,2.200000286102295,2.5999999046325684,2.4000000953674316,-0.2999997138977051,2.8000001907348633
normal,hero,treasury,12,12.899999618530273,5.800000190734863,13.5,6,-7.09999942779541,5.5
normal,hero,treasury,23,23.699999809265137,8.600000381469727,24.200000286102295,10.699999809265137,-15.09999942779541,8.5
normal,hero,treasury,24,8.599999904632568,9.599999904632568,14.900000095367432,11.400000095367432,1,11.5
normal,hero,treasury,56,18.200000286102295,11.900000095367432,18.899999618530273,17.600000381469727,-6.300000190734863,11.5
normal,trail,treasury,1,1.9000000953674316,2.0999999046325684,2.6000003814697266,2.4000000953674316,0.19999980926513672,2.8999996185302734
normal,trail,treasury,12,5.599999904632568,4.600000381469727,6,5.200000286102295,-0.9999995231628418,4.599999904632568
normal,trail,treasury,64,12.700000286102295,9.5,18.90000009536743,10.100000381469727,-3.200000286102295,10.599999904632568
normal,impact,bargain,1,1.5999999046325684,2,2.1999998092651367,2.3000001907348633,0.40000009536743164,6.300000190734863
normal,impact,bargain,12,3,3.4000000953674316,3.4000000953674316,3.5,0.40000009536743164,3.9000000953674316
normal,impact,bargain,56,9.099999904632568,7,13.799999713897705,7.599999904632568,-2.0999999046325684,7.800000190734863
normal,hero,bargain,1,2.0999999046325684,2.0999999046325684,2.200000286102295,2.200000286102295,0,2.8000001907348633
normal,hero,bargain,12,8.800000190734863,3.9000000953674316,9.5,4.199999809265137,-4.900000095367432,4.100000381469727
normal,hero,bargain,23,16.100000381469727,5.400000095367432,19.59999990463257,5.599999904632568,-10.700000286102295,5.400000095367432
normal,hero,bargain,24,4.400000095367432,5.5,4.800000190734863,5.5,1.0999999046325684,5.900000095367432
normal,hero,bargain,56,8.400000095367432,7.800000190734863,8.599999904632568,10.199999809265137,-0.5999999046325684,7.600000381469727
normal,trail,bargain,1,1.6999998092651367,2.0999999046325684,1.8000001907348633,2.200000286102295,0.40000009536743164,2.9000000953674316
normal,trail,bargain,12,3.8000001907348633,4.599999904632568,4.799999713897705,4.800000190734863,0.7999997138977051,4.5
normal,trail,bargain,64,11,9.599999904632568,12.200000286102295,10.300000190734863,-1.4000000953674316,9.300000190734863
normal,impact,forge,1,1.6999998092651367,2,1.8000001907348633,2.1999998092651367,0.3000001907348633,6.800000190734863
normal,impact,forge,12,3.4000000953674316,3.9000000953674316,3.6000003814697266,4.400000095367432,0.5,4
normal,impact,forge,56,10.300000190734863,8.400000095367432,10.700000286102295,40,-1.9000000953674316,10.400000095367432
normal,hero,forge,1,2,2.0999999046325684,2.1999998092651367,3,0.09999990463256836,3.5999999046325684
normal,hero,forge,12,10.699999809265137,4.400000095367432,15.599999904632568,4.800000190734863,-6.299999713897705,4.599999904632568
normal,hero,forge,23,19.299999713897705,6.900000095367432,21.300000190734863,13.699999809265137,-12.399999618530273,6.300000190734863
normal,hero,forge,24,5.699999809265137,6.599999904632568,10.400000095367432,7,0.9000000953674316,6.700000286102295
normal,hero,forge,56,11,9,13.300000190734863,9.600000381469727,-2,8.799999713897705
normal,trail,forge,1,1.700000286102295,2.0999999046325684,1.8000001907348633,2.200000286102295,0.39999961853027344,3.6999998092651367
normal,trail,forge,12,4.299999713897705,4.800000190734863,4.700000286102295,5,0.5000004768371582,5
normal,trail,forge,64,11.700000286102295,10,14.400000095367432,10.299999713897705,-1.700000286102295,11
normal,impact,jackpot,1,1.700000286102295,2.0999999046325684,1.9000000953674316,2.200000286102295,0.39999961853027344,7.299999713897705
normal,impact,jackpot,12,3.9000000953674316,4.300000190734863,4.5,4.599999904632568,0.40000009536743164,4.5
normal,impact,jackpot,56,13.100000381469727,9.400000095367432,13.800000190734863,15.400000095367432,-3.700000286102295,11.100000381469727
normal,hero,jackpot,1,2.3000001907348633,2.200000286102295,2.5,2.4000000953674316,-0.09999990463256836,4.100000381469727
normal,hero,jackpot,12,11.200000286102295,5,11.799999713897705,5.5,-6.200000286102295,5.299999713897705
normal,hero,jackpot,23,20.600000381469727,7.099999904632568,21.199999809265137,7.5,-13.500000476837158,7.599999904632568
normal,hero,jackpot,24,6.300000190734863,7.5,7,8.799999713897705,1.1999998092651367,7.399999618530273
normal,hero,jackpot,56,13,9.5,18.399999618530273,9.900000095367432,-3.5,9.400000095367432
normal,trail,jackpot,1,1.8000001907348633,2.0999999046325684,1.9000000953674316,2.200000286102295,0.2999997138977051,2.8999996185302734
normal,trail,jackpot,12,4.699999809265137,4.400000095367432,4.900000095367432,4.900000095367432,-0.2999997138977051,4.699999809265137
normal,trail,jackpot,64,11.300000190734863,9.899999618530273,11.699999809265137,18.100000381469727,-1.4000005722045898,10.199999809265137
normal,impact,bounty,1,1.799999713897705,2.1999998092651367,1.9000000953674316,3,0.40000009536743164,7
normal,impact,bounty,12,4.199999809265137,4.5,4.5,5,0.3000001907348633,4.699999809265137
normal,impact,bounty,56,13.900000095367432,9.399999618530273,15.5,10.799999713897705,-4.500000476837158,13.200000286102295
normal,hero,bounty,1,2.4000000953674316,2.299999713897705,2.5,2.700000286102295,-0.10000038146972656,2.9000000953674316
normal,hero,bounty,12,12.5,5.300000190734863,18.5,5.600000381469727,-7.199999809265137,5.400000095367432
normal,hero,bounty,23,22.90000009536743,7.800000190734863,24,9.699999809265137,-15.099999904632568,7.799999713897705
normal,hero,bounty,24,6.699999809265137,8.299999713897705,14.900000095367432,9.300000190734863,1.5999999046325684,8
normal,hero,bounty,56,13.700000286102295,10,15.200000286102295,12.099999904632568,-3.700000286102295,11.300000190734863
normal,trail,bounty,1,1.799999713897705,2.1999998092651367,2.4000000953674316,2.5999999046325684,0.40000009536743164,2.4000000953674316
normal,trail,bounty,12,4.900000095367432,4.900000095367432,5.200000286102295,5,0,4.899999618530273
normal,trail,bounty,64,12.099999904632568,9.900000095367432,12.400000095367432,10.900000095367432,-2.1999998092651367,10
normal,impact,specialist,1,1.6999998092651367,2.0999999046325684,1.8000001907348633,3,0.40000009536743164,9.400000095367432
normal,impact,specialist,12,3.6999998092651367,4.099999904632568,4.700000286102295,4.5,0.40000009536743164,4.199999809265137
normal,impact,specialist,56,11.099999904632568,8.299999713897705,12,15.299999713897705,-2.8000001907348633,11.5
normal,hero,specialist,1,2,2.0999999046325684,2.1000003814697266,2.200000286102295,0.09999990463256836,2.5999999046325684
normal,hero,specialist,12,8.099999904632568,4.5,13.5,4.700000286102295,-3.5999999046325684,4.599999904632568
normal,hero,specialist,23,14.900000095367432,6.799999713897705,18.09999990463257,8.699999809265137,-8.100000381469727,6.199999809265137
normal,hero,specialist,24,5.699999809265137,7.300000190734863,6,12.599999904632568,1.6000003814697266,11.700000286102295
normal,hero,specialist,56,12.099999904632568,8.900000095367432,19.699999809265137,9.199999809265137,-3.1999998092651367,8.800000190734863
normal,trail,specialist,1,1.700000286102295,2,1.9000000953674316,2.1999998092651367,0.2999997138977051,2.8999996185302734
normal,trail,specialist,12,4.400000095367432,4.5,4.699999809265137,4.700000286102295,0.09999990463256836,4.300000190734863
normal,trail,specialist,64,11.199999809265137,9,12.099999904632568,9.300000190734863,-2.1999998092651367,8.700000286102295
normal,impact,resonance,1,1.799999713897705,2,2,2.0999999046325684,0.20000028610229492,6.299999713897705
normal,impact,resonance,12,4.199999809265137,4.5,4.400000095367432,4.700000286102295,0.3000001907348633,4.599999904632568
normal,impact,resonance,56,14.300000190734863,9.299999713897705,14.700000286102295,9.400000095367432,-5.000000476837158,12.199999809265137
normal,hero,resonance,1,2.3000001907348633,2.0999999046325684,2.5,2.200000286102295,-0.20000028610229492,2.700000286102295
normal,hero,resonance,12,11.5,5,12.099999904632568,5.300000190734863,-6.5,5
normal,hero,resonance,23,21.40000009536743,7.5,23.90000009536743,13.400000095367432,-13.900000095367432,8.700000286102295
normal,hero,resonance,24,7,7.700000286102295,7.599999904632568,8.300000190734863,0.7000002861022949,7.699999809265137
normal,hero,resonance,56,13.900000095367432,9.699999809265137,14.200000286102295,11.200000286102295,-4.200000286102295,9.799999713897705
normal,trail,resonance,1,1.6999998092651367,2,1.8000001907348633,2.0999999046325684,0.3000001907348633,2.8000001907348633
normal,trail,resonance,12,3.6999998092651367,3.9000000953674316,3.8000001907348633,4.099999904632568,0.20000028610229492,4.099999904632568
normal,trail,resonance,64,8.200000286102295,8.899999618530273,8.400000095367432,9.599999904632568,0.6999993324279785,8.900000095367432
normal,impact,corehunter,1,1.5999999046325684,1.9000000953674316,1.700000286102295,2,0.3000001907348633,6.300000190734863
normal,impact,corehunter,12,3.1999998092651367,3.5,3.700000286102295,3.6999998092651367,0.3000001907348633,4.5
normal,impact,corehunter,56,9.800000190734863,7.299999713897705,10.900000095367432,7.5,-2.500000476837158,8.5
normal,hero,corehunter,1,2,2,2.1999998092651367,2.1000003814697266,0,2.6999998092651367
normal,hero,corehunter,12,7.800000190734863,4.099999904632568,8.100000381469727,4.200000286102295,-3.700000286102295,4.200000286102295
normal,hero,corehunter,23,14.5,5.699999809265137,19.5,5.799999713897705,-8.800000190734863,5.699999809265137
normal,hero,corehunter,24,4.900000095367432,5.700000286102295,5.099999904632568,5.900000095367432,0.8000001907348633,5.799999713897705
normal,hero,corehunter,56,9.600000381469727,8,10,13.199999809265137,-1.6000003814697266,8
normal,trail,corehunter,1,1.799999713897705,2.0999999046325684,1.9000000953674316,2.200000286102295,0.3000001907348633,2.5999999046325684
normal,trail,corehunter,12,4.400000095367432,5.099999904632568,4.900000095367432,5.200000286102295,0.6999998092651367,4.900000095367432
normal,trail,corehunter,64,12.5,9.799999713897705,12.799999713897705,10.299999713897705,-2.700000286102295,10.199999809265137
normal,impact,roulette,1,1.700000286102295,2,1.9000000953674316,2.1000003814697266,0.2999997138977051,7.099999904632568
normal,impact,roulette,12,4,4.300000190734863,4.200000286102295,4.400000095367432,0.3000001907348633,5.199999809265137
normal,impact,roulette,56,13.599999904632568,9,13.899999618530273,9.599999904632568,-4.599999904632568,11.800000190734863
normal,hero,roulette,1,2.4000000953674316,2.0999999046325684,2.5,2.200000286102295,-0.3000001907348633,3.799999713897705
normal,hero,roulette,12,12.199999809265137,4.900000095367432,12.900000095367432,5.400000095367432,-7.299999713897705,4.799999713897705
normal,hero,roulette,23,23,7.200000286102295,26.799999713897705,7.400000095367432,-15.799999713897705,7
normal,hero,roulette,24,6.5,7.300000190734863,6.700000286102295,7.700000286102295,0.8000001907348633,7.099999904632568
normal,hero,roulette,56,13.699999809265137,9.5,14.300000190734863,9.700000286102295,-4.199999809265137,9.5
normal,trail,roulette,1,1.799999713897705,2,1.9000000953674316,2.0999999046325684,0.20000028610229492,2.4000000953674316
normal,trail,roulette,12,4.799999713897705,4.799999713897705,4.900000095367432,5.099999904632568,0,4.5
normal,trail,roulette,64,12.699999809265137,9.199999809265137,13.800000190734863,9.700000286102295,-3.5,9.099999904632568
normal,impact,boomerang,1,1.5999999046325684,1.9000000953674316,1.700000286102295,2,0.3000001907348633,5.600000381469727
normal,impact,boomerang,12,3.4000000953674316,3.700000286102295,3.6000003814697266,4,0.3000001907348633,4
normal,impact,boomerang,56,10.700000286102295,7.699999809265137,11.099999904632568,8.099999904632568,-3.000000476837158,10
normal,hero,boomerang,1,2.299999713897705,2,2.4000000953674316,2.1000003814697266,-0.2999997138977051,3
normal,hero,boomerang,12,11.300000190734863,4.400000095367432,11.699999809265137,4.699999809265137,-6.900000095367432,4.400000095367432
normal,hero,boomerang,23,20.59999990463257,6.099999904632568,22.59999990463257,7.900000095367432,-14.5,12.799999713897705
normal,hero,boomerang,24,5.300000190734863,6.300000190734863,5.699999809265137,7.200000286102295,1,6.5
normal,hero,boomerang,56,11.099999904632568,8.400000095367432,12.300000190734863,8.900000095367432,-2.6999998092651367,9.599999904632568
normal,trail,boomerang,1,1.6999998092651367,2,3,2.1000003814697266,0.3000001907348633,2.799999713897705
normal,trail,boomerang,12,4.099999904632568,4.900000095367432,4.400000095367432,5.400000095367432,0.8000001907348633,5.300000190734863
normal,trail,boomerang,64,12.099999904632568,9.400000095367432,16,9.700000286102295,-2.6999998092651367,9.599999904632568
normal,impact,wormhole,1,1.9000000953674316,2,2.4000000953674316,2.1000003814697266,0.09999990463256836,7.100000381469727
normal,impact,wormhole,12,4.700000286102295,5.300000190734863,5.300000190734863,6.5,0.5999999046325684,5.800000190734863
normal,impact,wormhole,56,16.5,11,17.90000009536743,11.799999713897705,-5.5,15.599999904632568
normal,hero,wormhole,1,2.5,2.1999998092651367,2.5999999046325684,2.5,-0.3000001907348633,3.700000286102295
normal,hero,wormhole,12,13.699999809265137,5.799999713897705,19.200000286102295,6.400000095367432,-7.900000095367432,5.600000381469727
normal,hero,wormhole,23,24.300000190734863,8.800000190734863,25.300000190734863,9.599999904632568,-15.5,8.900000095367432
normal,hero,wormhole,24,8.099999904632568,9.099999904632568,8.5,9.5,1,9
normal,hero,wormhole,56,16.800000190734863,11.299999713897705,17.200000286102295,11.700000286102295,-5.500000476837158,10.799999713897705
normal,trail,wormhole,1,1.8000001907348633,2.0999999046325684,2,2.200000286102295,0.2999997138977051,3.1000003814697266
normal,trail,wormhole,12,5.400000095367432,5.400000095367432,5.600000381469727,5.900000095367432,0,4.899999618530273
normal,trail,wormhole,64,16.40000009536743,10.400000095367432,18.199999809265137,11.599999904632568,-6,9.699999809265137
normal,impact,spectral,1,2.8000001907348633,2.700000286102295,3,4,-0.09999990463256836,14.300000190734863
normal,impact,spectral,12,8.199999809265137,6,8.699999809265137,6.599999904632568,-2.1999998092651367,8.5
normal,impact,spectral,56,35.60000038146973,11.700000286102295,42.39999961853027,13.800000190734863,-23.90000009536743,15.699999809265137
normal,hero,spectral,1,3.5999999046325684,2.799999713897705,3.8000001907348633,2.9000000953674316,-0.8000001907348633,3.6999998092651367
normal,hero,spectral,12,18.600000381469727,6.699999809265137,19,7.099999904632568,-11.90000057220459,6.900000095367432
normal,hero,spectral,23,33,9.800000190734863,35.09999990463257,10.100000381469727,-23.199999809265137,10.099999904632568
normal,hero,spectral,24,14.700000286102295,10,15.5,10.299999713897705,-4.700000286102295,10.899999618530273
normal,hero,spectral,56,30.90000009536743,13,32.80000019073486,16,-17.90000009536743,12.5
normal,trail,spectral,1,2.5999999046325684,2.6000003814697266,2.8000001907348633,3.0999999046325684,4.76837158203125e-7,3.5999999046325684
normal,trail,spectral,12,5.400000095367432,5,5.900000095367432,5.300000190734863,-0.40000009536743164,5.099999904632568
normal,trail,spectral,64,12,10.099999904632568,12.899999618530273,16.200000286102295,-1.9000000953674316,9.400000095367432
normal,impact,timeslip,1,1.9000000953674316,2.3000001907348633,2.3000001907348633,3.200000286102295,0.40000009536743164,7.599999904632568
normal,impact,timeslip,12,3.5,3.8000001907348633,4.400000095367432,4,0.3000001907348633,4.200000286102295
normal,impact,timeslip,56,10.300000190734863,7.900000095367432,11.5,8.599999904632568,-2.4000000953674316,9.599999904632568
normal,hero,timeslip,1,2.3000001907348633,2.0999999046325684,2.4000000953674316,2.299999713897705,-0.20000028610229492,3
normal,hero,timeslip,12,11.400000095367432,4.400000095367432,11.899999618530273,4.900000095367432,-7,4.299999713897705
normal,hero,timeslip,23,23,6.099999904632568,23.5,6.5,-16.90000009536743,6.400000095367432
normal,hero,timeslip,24,5.400000095367432,6.300000190734863,5.599999904632568,7.599999904632568,0.9000000953674316,6.299999713897705
normal,hero,timeslip,56,11.300000190734863,8.299999713897705,13.700000286102295,8.5,-3.000000476837158,8.099999904632568
normal,trail,timeslip,1,1.700000286102295,2.0999999046325684,1.9000000953674316,2.200000286102295,0.39999961853027344,2.5
normal,trail,timeslip,12,4.299999713897705,4.699999809265137,4.699999809265137,5,0.40000009536743164,5.299999713897705
normal,trail,timeslip,64,12.100000381469727,9.199999809265137,13.299999713897705,9.800000190734863,-2.90000057220459,9.100000381469727
normal,impact,buzzsaw,1,2.1000003814697266,2.0999999046325684,2.4000000953674316,2.200000286102295,-4.76837158203125e-7,6.900000095367432
normal,impact,buzzsaw,12,6.599999904632568,5.600000381469727,7.200000286102295,14.400000095367432,-0.9999995231628418,9.300000190734863
normal,impact,buzzsaw,56,25.699999809265137,11.799999713897705,26.09999990463257,12.400000095367432,-13.900000095367432,17.59999990463257
normal,hero,buzzsaw,1,3.0999999046325684,2.1000003814697266,3.4000000953674316,2.299999713897705,-0.9999995231628418,3.3000001907348633
normal,hero,buzzsaw,12,20,5.900000095367432,20.5,6.300000190734863,-14.099999904632568,5.900000095367432
normal,hero,buzzsaw,23,36.799999713897705,9.300000190734863,39.30000019073486,10.299999713897705,-27.499999523162842,10.099999904632568
normal,hero,buzzsaw,24,11.699999809265137,9.300000190734863,12.099999904632568,9.5,-2.3999996185302734,9.400000095367432
normal,hero,buzzsaw,56,26.5,11.799999713897705,30.59999990463257,12.200000286102295,-14.700000286102295,11.299999713897705
normal,trail,buzzsaw,1,2.0999999046325684,2.0999999046325684,2.299999713897705,2.200000286102295,0,2.8999996185302734
normal,trail,buzzsaw,12,5.900000095367432,4.799999713897705,6.300000190734863,5,-1.1000003814697266,4.800000190734863
normal,trail,buzzsaw,64,15.099999904632568,9.400000095367432,21.800000190734863,9.699999809265137,-5.699999809265137,9.5
normal,impact,siegebreaker,1,1.5999999046325684,2,1.8000001907348633,2.1000003814697266,0.40000009536743164,6.899999618530273
normal,impact,siegebreaker,12,3.5,3.9000000953674316,3.5999999046325684,4,0.40000009536743164,3.8999996185302734
normal,impact,siegebreaker,56,11.599999904632568,8.199999809265137,14.599999904632568,8.5,-3.4000000953674316,9.799999713897705
normal,hero,siegebreaker,1,2.0999999046325684,2.0999999046325684,2.200000286102295,2.5,0,3
normal,hero,siegebreaker,12,9.700000286102295,4.5,10.199999809265137,6,-5.200000286102295,4.700000286102295
normal,hero,siegebreaker,23,17.90000009536743,6.400000095367432,18.799999713897705,6.700000286102295,-11.5,6.800000190734863
normal,hero,siegebreaker,24,5.5,7,5.900000095367432,22.299999713897705,1.5,6.699999809265137
normal,hero,siegebreaker,56,11.099999904632568,8.700000286102295,14.200000286102295,9.700000286102295,-2.3999996185302734,8.700000286102295
normal,trail,siegebreaker,1,1.6000003814697266,2.0999999046325684,1.8000001907348633,2.3000001907348633,0.4999995231628418,3.1000003814697266
normal,trail,siegebreaker,12,4.099999904632568,4.699999809265137,4.199999809265137,5.200000286102295,0.5999999046325684,5.400000095367432
normal,trail,siegebreaker,64,11.699999809265137,9.599999904632568,12,10.200000286102295,-2.0999999046325684,9.099999904632568
normal,impact,threadweaver,1,1.8000001907348633,2,2.3000001907348633,2.299999713897705,0.19999980926513672,6.799999713897705
normal,impact,threadweaver,12,4.099999904632568,4.400000095367432,4.800000190734863,7.199999809265137,0.3000001907348633,4.299999713897705
normal,impact,threadweaver,56,14.799999713897705,9.400000095367432,19,11.599999904632568,-5.399999618530273,11.700000286102295
normal,hero,threadweaver,1,2.4000000953674316,2.1999998092651367,2.6999998092651367,2.3000001907348633,-0.20000028610229492,3
normal,hero,threadweaver,12,12.599999904632568,5,13.5,5.900000095367432,-7.599999904632568,4.800000190734863
normal,hero,threadweaver,23,24.59999990463257,7.100000381469727,26.799999713897705,7.5,-17.499999523162842,10.099999904632568
normal,hero,threadweaver,24,6.300000190734863,8,7,23.59999990463257,1.6999998092651367,13.399999618530273
normal,hero,threadweaver,56,13,10,13.300000190734863,11.400000095367432,-3,10.199999809265137
normal,trail,threadweaver,1,1.700000286102295,2.0999999046325684,1.8000001907348633,2.200000286102295,0.39999961853027344,2.799999713897705
normal,trail,threadweaver,12,4.699999809265137,5,5.300000190734863,5.400000095367432,0.3000001907348633,6
normal,trail,threadweaver,64,13.5,9.799999713897705,17.300000190734863,13.599999904632568,-3.700000286102295,9
normal,impact,transmute,1,1.5,2,1.6999998092651367,2.0999999046325684,0.5,5.699999809265137
normal,impact,transmute,12,2.9000000953674316,3.5,3.1000003814697266,3.6999998092651367,0.5999999046325684,3.6999998092651367
normal,impact,transmute,56,8.699999809265137,7,9.299999713897705,7.599999904632568,-1.6999998092651367,8.599999904632568
normal,hero,transmute,1,1.9000000953674316,2.0999999046325684,2.0999999046325684,2.1999998092651367,0.19999980926513672,2.5
normal,hero,transmute,12,7.700000286102295,4,8.400000095367432,4.100000381469727,-3.700000286102295,3.6999998092651367
normal,hero,transmute,23,13.900000095367432,5.599999904632568,14.299999713897705,12.5,-8.300000190734863,5.199999809265137
normal,hero,transmute,24,4.799999713897705,5.400000095367432,5.5,5.5,0.6000003814697266,5.699999809265137
normal,hero,transmute,56,8.700000286102295,7.700000286102295,10.5,7.900000095367432,-1,7.099999904632568
normal,trail,transmute,1,1.6000003814697266,2.0999999046325684,1.8000001907348633,2.8000001907348633,0.4999995231628418,2.9000000953674316
normal,trail,transmute,12,4.099999904632568,4.599999904632568,4.300000190734863,4.900000095367432,0.5,4.300000190734863
normal,trail,transmute,64,11.099999904632568,9.5,11.799999713897705,10,-1.5999999046325684,10.400000095367432
normal,impact,infection,1,2.299999713897705,2.0999999046325684,2.4000000953674316,2.200000286102295,-0.19999980926513672,7.5
normal,impact,infection,12,6.799999713897705,5.5,7.099999904632568,5.699999809265137,-1.299999713897705,8.5
normal,impact,infection,56,26.09999990463257,11.900000095367432,27.199999809265137,12.400000095367432,-14.199999809265137,17.09999990463257
normal,hero,infection,1,3,2.1999998092651367,3.1999998092651367,2.3000001907348633,-0.8000001907348633,3.5
normal,hero,infection,12,17.40000009536743,5.900000095367432,17.799999713897705,6.200000286102295,-11.5,6.299999713897705
normal,hero,infection,23,32,9.199999809265137,32.59999990463257,9.900000095367432,-22.800000190734863,9.200000286102295
normal,hero,infection,24,11.5,9.5,11.699999809265137,10,-2,9.5
normal,hero,infection,56,24.700000286102295,11.599999904632568,26.399999618530273,12.200000286102295,-13.100000381469727,11.599999904632568
normal,trail,infection,1,2,2.0999999046325684,2.1000003814697266,2.299999713897705,0.09999990463256836,2.6999998092651367
normal,trail,infection,12,5.899999618530273,4.800000190734863,6,5.400000095367432,-1.0999994277954102,4.900000095367432
normal,trail,infection,64,13.199999809265137,9.599999904632568,13.699999809265137,10.099999904632568,-3.5999999046325684,9.5
normal,impact,contract,1,1.5999999046325684,2,1.700000286102295,2.200000286102295,0.40000009536743164,5.800000190734863
normal,impact,contract,12,3.0999999046325684,3.5999999046325684,3.3000001907348633,4.099999904632568,0.5,3.5999999046325684
normal,impact,contract,56,8.900000095367432,7.700000286102295,9.200000286102295,9.300000190734863,-1.1999998092651367,10
normal,hero,contract,1,2,2,2,2.1999998092651367,0,4
normal,hero,contract,12,7.899999618530273,3.9000000953674316,8.099999904632568,4.100000381469727,-3.999999523162842,3.799999713897705
normal,hero,contract,23,14.200000286102295,5.599999904632568,14.699999809265137,5.700000286102295,-8.600000381469727,5.600000381469727
normal,hero,contract,24,4.599999904632568,5.599999904632568,4.900000095367432,5.899999618530273,1,5.900000095367432
normal,hero,contract,56,8.900000095367432,7.700000286102295,9.400000095367432,8.099999904632568,-1.1999998092651367,7.400000095367432
normal,trail,contract,1,1.5999999046325684,2,1.700000286102295,2.200000286102295,0.40000009536743164,2.4000000953674316
normal,trail,contract,12,4,4.600000381469727,7.599999904632568,7.199999809265137,0.6000003814697266,4.299999713897705
normal,trail,contract,64,10.900000095367432,9.600000381469727,12.299999713897705,13.400000095367432,-1.299999713897705,9.099999904632568
normal,impact,nailburst,1,1.799999713897705,3.0999999046325684,1.8999996185302734,3.6000003814697266,1.3000001907348633,6.5
normal,impact,nailburst,12,4.400000095367432,4.5,4.799999713897705,5,0.09999990463256836,4.800000190734863
normal,impact,nailburst,56,15.900000095367432,12.100000381469727,19.40000009536743,61.200000286102295,-3.799999713897705,12.899999618530273
normal,hero,nailburst,1,2.5,2.1999998092651367,4,2.3000001907348633,-0.3000001907348633,4.100000381469727
normal,hero,nailburst,12,12.5,5.600000381469727,14.300000190734863,10.200000286102295,-6.899999618530273,5.199999809265137
normal,hero,nailburst,23,21.800000190734863,8.400000095367432,23.09999990463257,20.200000286102295,-13.400000095367432,9.900000095367432
normal,hero,nailburst,24,7.399999618530273,11.599999904632568,7.900000095367432,22.300000190734863,4.200000286102295,18.09999990463257
normal,hero,nailburst,56,15.400000095367432,11.299999713897705,15.800000190734863,17.5,-4.100000381469727,16.90000009536743
normal,trail,nailburst,1,1.9000000953674316,2.1000003814697266,2.0999999046325684,2.700000286102295,0.20000028610229492,2.6999998092651367
normal,trail,nailburst,12,5.599999904632568,6.799999713897705,5.900000095367432,21.200000286102295,1.1999998092651367,5.899999618530273
normal,trail,nailburst,64,14.5,17,15.699999809265137,36.700000286102295,2.5,13.700000286102295
normal,impact,pendulum,1,1.6999998092651367,2,1.8000001907348633,3.6999998092651367,0.3000001907348633,9.300000190734863
normal,impact,pendulum,12,3.5999999046325684,3.799999713897705,4.099999904632568,5.699999809265137,0.19999980926513672,5.299999713897705
normal,impact,pendulum,56,11.400000095367432,9,16,19.699999809265137,-2.4000000953674316,12.300000190734863
normal,hero,pendulum,1,2.0999999046325684,2.0999999046325684,2.4000000953674316,2.5,0,3.1000003814697266
normal,hero,pendulum,12,8.699999809265137,4.200000286102295,9.100000381469727,4.899999618530273,-4.499999523162842,4.300000190734863
normal,hero,pendulum,23,15.800000190734863,6,16.59999990463257,6.299999713897705,-9.800000190734863,7
normal,hero,pendulum,24,5.199999809265137,6.099999904632568,5.799999713897705,6.300000190734863,0.9000000953674316,6.899999618530273
normal,hero,pendulum,56,10.099999904632568,8.099999904632568,10.599999904632568,8.800000190734863,-2,8.700000286102295
normal,trail,pendulum,1,1.700000286102295,2.0999999046325684,1.9000000953674316,2.1999998092651367,0.39999961853027344,2.6999998092651367
normal,trail,pendulum,12,4.400000095367432,5,4.900000095367432,5.199999809265137,0.5999999046325684,5.400000095367432
normal,trail,pendulum,64,13.300000190734863,9.600000381469727,14.400000095367432,10,-3.6999998092651367,9.099999904632568
normal,impact,fusepath,1,1.5,1.9000000953674316,1.6000003814697266,2,0.40000009536743164,6.300000190734863
normal,impact,fusepath,12,2.8000001907348633,3.1999998092651367,2.9000000953674316,3.3000001907348633,0.39999961853027344,3.1999998092651367
normal,impact,fusepath,56,8.5,6.599999904632568,21.899999618530273,6.900000095367432,-1.9000000953674316,7.400000095367432
normal,hero,fusepath,1,2,2,2.0999999046325684,2.1000003814697266,0,3.200000286102295
normal,hero,fusepath,12,8.399999618530273,3.700000286102295,9.200000286102295,4.099999904632568,-4.6999993324279785,3.6999998092651367
normal,hero,fusepath,23,14.699999809265137,4.900000095367432,15.900000095367432,5.199999809265137,-9.799999713897705,5
normal,hero,fusepath,24,4.400000095367432,5.099999904632568,4.699999809265137,5.300000190734863,0.6999998092651367,5.099999904632568
normal,hero,fusepath,56,8.700000286102295,7.099999904632568,9.099999904632568,7.299999713897705,-1.6000003814697266,6.900000095367432
normal,trail,fusepath,1,1.6999998092651367,2.0999999046325684,2.4000000953674316,2.1999998092651367,0.40000009536743164,2.5999999046325684
normal,trail,fusepath,12,4.300000190734863,4.900000095367432,5.400000095367432,5.199999809265137,0.5999999046325684,4.800000190734863
normal,trail,fusepath,64,13.899999618530273,9.600000381469727,18.100000381469727,15.200000286102295,-4.299999237060547,9
normal,impact,firewheel,1,1.9000000953674316,2.0999999046325684,2.799999713897705,2.200000286102295,0.19999980926513672,6.899999618530273
normal,impact,firewheel,12,5,5.099999904632568,5.699999809265137,5.199999809265137,0.09999990463256836,5.700000286102295
normal,impact,firewheel,56,17.59999990463257,10.199999809265137,17.800000190734863,10.5,-7.400000095367432,14.699999809265137
normal,hero,firewheel,1,2.5999999046325684,2.1999998092651367,2.6999998092651367,2.299999713897705,-0.40000009536743164,2.9000000953674316
normal,hero,firewheel,12,14.099999904632568,5.5,14.699999809265137,5.699999809265137,-8.599999904632568,5.900000095367432
normal,hero,firewheel,23,25,8.5,25.5,9.099999904632568,-16.5,8.199999809265137
normal,hero,firewheel,24,8,8.600000381469727,8.100000381469727,8.700000286102295,0.6000003814697266,9.299999713897705
normal,hero,firewheel,56,16.90000009536743,11.299999713897705,17.299999713897705,25.300000190734863,-5.600000381469727,10.5
normal,trail,firewheel,1,1.8000001907348633,2.0999999046325684,1.9000000953674316,2.200000286102295,0.2999997138977051,3.3000001907348633
normal,trail,firewheel,12,5.099999904632568,5,5.400000095367432,5.099999904632568,-0.09999990463256836,5.299999713897705
normal,trail,firewheel,64,13.400000095367432,9.300000190734863,13.699999809265137,9.399999618530273,-4.099999904632568,9
normal,impact,rhythm,1,1.799999713897705,2,1.9000000953674316,2.1000003814697266,0.20000028610229492,5.5
normal,impact,rhythm,12,4.300000190734863,4.5,4.5,4.600000381469727,0.19999980926513672,4.5
normal,impact,rhythm,56,14.900000095367432,9.099999904632568,16.299999713897705,9.299999713897705,-5.800000190734863,11.400000095367432
normal,hero,rhythm,1,2.5,2.0999999046325684,3.3000001907348633,2.200000286102295,-0.40000009536743164,3.0999999046325684
normal,hero,rhythm,12,11.900000095367432,5.099999904632568,13.099999904632568,5.5,-6.800000190734863,5.200000286102295
normal,hero,rhythm,23,21.399999618530273,7.5,22.5,8.100000381469727,-13.899999618530273,7.099999904632568
normal,hero,rhythm,24,7,7.700000286102295,8.699999809265137,9.700000286102295,0.7000002861022949,7.5
normal,hero,rhythm,56,14,9.800000190734863,14.599999904632568,10.200000286102295,-4.199999809265137,10
normal,trail,rhythm,1,1.799999713897705,2.200000286102295,1.9000000953674316,2.5,0.40000057220458984,3.4000000953674316
normal,trail,rhythm,12,5.099999904632568,4.699999809265137,6,4.800000190734863,-0.40000009536743164,5.100000381469727
normal,trail,rhythm,64,13,9.299999713897705,13.400000095367432,9.599999904632568,-3.700000286102295,9.199999809265137
normal,impact,worldfold,1,1.5,2,1.6000003814697266,2.0999999046325684,0.5,6.799999713897705
normal,impact,worldfold,12,2.9000000953674316,3.3000001907348633,3,3.4000000953674316,0.40000009536743164,3.4000000953674316
normal,impact,worldfold,56,8.400000095367432,6.800000190734863,11.199999809265137,7.099999904632568,-1.5999999046325684,8.099999904632568
normal,hero,worldfold,1,2.1999998092651367,2,2.4000000953674316,2.1999998092651367,-0.19999980926513672,2.5
normal,hero,worldfold,12,10.099999904632568,3.8999996185302734,15.099999904632568,4,-6.200000286102295,4
normal,hero,worldfold,23,18.09999990463257,5.300000190734863,18.700000286102295,5.400000095367432,-12.799999713897705,5.099999904632568
normal,hero,worldfold,24,4.599999904632568,5.400000095367432,4.900000095367432,5.5,0.8000001907348633,5.299999713897705
normal,hero,worldfold,56,9,7.5,12.199999809265137,9.299999713897705,-1.5,7.5
normal,trail,worldfold,1,1.6999998092651367,2.6999998092651367,1.9000000953674316,4.099999904632568,1,2.1999998092651367
normal,trail,worldfold,12,4.299999713897705,4.800000190734863,4.400000095367432,5.5,0.5000004768371582,9.300000190734863
normal,trail,worldfold,64,12.600000381469727,9.400000095367432,20.300000190734863,9.900000095367432,-3.200000286102295,10
normal,impact,reboundaim,1,1.5999999046325684,2,1.6999998092651367,2.1000003814697266,0.40000009536743164,6
normal,impact,reboundaim,12,2.9000000953674316,3.3000001907348633,3.1999998092651367,3.9000000953674316,0.40000009536743164,3.5
normal,impact,reboundaim,56,7.899999618530273,7.099999904632568,8.100000381469727,9.299999713897705,-0.7999997138977051,7.599999904632568
normal,hero,reboundaim,1,2,2.0999999046325684,2.0999999046325684,2.3000001907348633,0.09999990463256836,2.8000001907348633
normal,hero,reboundaim,12,8.5,3.9000000953674316,9.199999809265137,4.299999713897705,-4.599999904632568,4
normal,hero,reboundaim,23,14.900000095367432,5.5,21.100000381469727,12.5,-9.400000095367432,5
normal,hero,reboundaim,24,4.299999713897705,5.400000095367432,6.199999809265137,5.600000381469727,1.1000003814697266,5.300000190734863
normal,hero,reboundaim,56,8.300000190734863,7.600000381469727,12.300000190734863,8.200000286102295,-0.6999998092651367,7.599999904632568
normal,trail,reboundaim,1,1.5999999046325684,2.1999998092651367,1.700000286102295,2.3000001907348633,0.5999999046325684,4
normal,trail,reboundaim,12,3.9000000953674316,5,4.299999713897705,5.200000286102295,1.0999999046325684,5.599999904632568
normal,trail,reboundaim,64,11.400000095367432,9.599999904632568,12.099999904632568,11,-1.8000001907348633,10.900000095367432
normal,impact,overkill,1,1.5999999046325684,2,1.700000286102295,2.1999998092651367,0.40000009536743164,5.800000190734863
normal,impact,overkill,12,3,3.5,4.400000095367432,3.9000000953674316,0.5,3.8999996185302734
normal,impact,overkill,56,8.599999904632568,7.099999904632568,9.099999904632568,7.699999809265137,-1.5,8.100000381469727
normal,hero,overkill,1,2,2.0999999046325684,2.0999999046325684,3,0.09999990463256836,3.3999996185302734
normal,hero,overkill,12,8.099999904632568,4,11.799999713897705,5.399999618530273,-4.099999904632568,15.5
normal,hero,overkill,23,13.900000095367432,5.699999809265137,15.100000381469727,10,-8.200000286102295,6.700000286102295
normal,hero,overkill,24,4.5,6.199999809265137,4.899999618530273,10.300000190734863,1.6999998092651367,7.5
normal,hero,overkill,56,8.699999809265137,8,15.5,16.199999809265137,-0.6999998092651367,8.700000286102295
normal,trail,overkill,1,1.5999999046325684,2.0999999046325684,1.8000001907348633,3.4000000953674316,0.5,2.9000000953674316
normal,trail,overkill,12,4.099999904632568,5.099999904632568,4.799999713897705,5.700000286102295,1,4.699999809265137
normal,trail,overkill,64,12.199999809265137,10.299999713897705,12.700000286102295,10.900000095367432,-1.9000000953674316,10.199999809265137
normal,impact,teslanet,1,1.700000286102295,2.200000286102295,1.9000000953674316,3.8999996185302734,0.5,7.099999904632568
normal,impact,teslanet,12,4.199999809265137,4.5,4.5,6.5,0.3000001907348633,5.200000286102295
normal,impact,teslanet,56,14.300000190734863,9.400000095367432,15.800000190734863,14.800000190734863,-4.900000095367432,11.300000190734863
normal,hero,teslanet,1,2.299999713897705,2.1999998092651367,2.5999999046325684,2.3000001907348633,-0.09999990463256836,3.4000000953674316
normal,hero,teslanet,12,10.5,5,11.100000381469727,5.5,-5.5,5.5
normal,hero,teslanet,23,19.100000381469727,7.599999904632568,19.40000009536743,8.099999904632568,-11.500000476837158,7.599999904632568
normal,hero,teslanet,24,6.400000095367432,7.799999713897705,6.800000190734863,8.5,1.3999996185302734,8.900000095367432
normal,hero,teslanet,56,13.400000095367432,10,17.09999990463257,11.099999904632568,-3.4000000953674316,11
normal,trail,teslanet,1,1.700000286102295,2.0999999046325684,1.8000001907348633,2.299999713897705,0.39999961853027344,4.099999904632568
normal,trail,teslanet,12,4.5,4.800000190734863,4.700000286102295,5.099999904632568,0.3000001907348633,4.699999809265137
normal,trail,teslanet,64,11.700000286102295,10.099999904632568,12.199999809265137,12,-1.6000003814697266,10.300000190734863
normal,impact,undertow,1,1.8000001907348633,2.0999999046325684,1.9000000953674316,2.3000001907348633,0.2999997138977051,6.900000095367432
normal,impact,undertow,12,4.5,5,4.699999809265137,6.099999904632568,0.5,5
normal,impact,undertow,56,15.200000286102295,10.300000190734863,15.699999809265137,10.899999618530273,-4.900000095367432,13
normal,hero,undertow,1,2.8000001907348633,2.200000286102295,3,3,-0.5999999046325684,3.1999998092651367
normal,hero,undertow,12,15.300000190734863,5.800000190734863,15.700000286102295,7.5,-9.5,6.900000095367432
normal,hero,undertow,23,27.799999713897705,11.699999809265137,28,13.199999809265137,-16.09999990463257,12
normal,hero,undertow,24,7.300000190734863,9.099999904632568,7.599999904632568,30.40000009536743,1.799999713897705,9
normal,hero,undertow,56,15.200000286102295,10.800000190734863,15.300000190734863,11.300000190734863,-4.400000095367432,10.699999809265137
normal,trail,undertow,1,1.799999713897705,2.0999999046325684,1.9000000953674316,2.200000286102295,0.3000001907348633,2.9000000953674316
normal,trail,undertow,12,5,5,5.5,5.199999809265137,0,5.199999809265137
normal,trail,undertow,64,13.599999904632568,9.900000095367432,14.299999713897705,16.199999809265137,-3.6999998092651367,9.900000095367432
normal,impact,chronicle,1,1.700000286102295,2.0999999046325684,1.9000000953674316,2.3999996185302734,0.39999961853027344,5.700000286102295
normal,impact,chronicle,12,3.700000286102295,4.099999904632568,4.400000095367432,5.900000095367432,0.39999961853027344,4.5
normal,impact,chronicle,56,11.799999713897705,8.300000190734863,15.300000190734863,9.199999809265137,-3.499999523162842,11.200000286102295
normal,hero,chronicle,1,2.3000001907348633,2.1999998092651367,2.5999999046325684,2.3000001907348633,-0.10000038146972656,3
normal,hero,chronicle,12,12.200000286102295,4.599999904632568,15.199999809265137,4.800000190734863,-7.600000381469727,5.299999713897705
normal,hero,chronicle,23,22.09999990463257,6.699999809265137,25.799999713897705,7.400000095367432,-15.400000095367432,6.5
normal,hero,chronicle,24,5.899999618530273,6.900000095367432,6.299999713897705,7.200000286102295,1.0000004768371582,7.300000190734863
normal,hero,chronicle,56,11.699999809265137,8.899999618530273,12.300000190734863,9.5,-2.8000001907348633,8.699999809265137
normal,trail,chronicle,1,1.8000001907348633,2.1999998092651367,2.5,2.3000001907348633,0.39999961853027344,2.8000001907348633
normal,trail,chronicle,12,5,5.599999904632568,5.199999809265137,5.900000095367432,0.5999999046325684,5.5
normal,trail,chronicle,64,16,9.900000095367432,17,10.199999809265137,-6.099999904632568,10
normal,impact,starforge,1,2.0999999046325684,2.1999998092651367,2.5,2.3000001907348633,0.09999990463256836,6.400000095367432
normal,impact,starforge,12,7.300000190734863,6.900000095367432,7.800000190734863,7.099999904632568,-0.40000009536743164,8.300000190734863
normal,impact,starforge,56,29.399999618530273,14.400000095367432,31,16,-14.999999523162842,18.300000190734863
normal,hero,starforge,1,3.3000001907348633,2.299999713897705,4.700000286102295,2.4000000953674316,-1.0000004768371582,3
normal,hero,starforge,12,21.59999990463257,7.5,23.799999713897705,7.799999713897705,-14.099999904632568,7.5
normal,hero,starforge,23,39.30000019073486,12.100000381469727,41.90000009536743,12.300000190734863,-27.199999809265137,12.099999904632568
normal,hero,starforge,24,13.399999618530273,12.700000286102295,17.299999713897705,13.099999904632568,-0.6999993324279785,12.400000095367432
normal,hero,starforge,56,27.59999990463257,14.900000095367432,28.799999713897705,15.200000286102295,-12.699999809265137,14.700000286102295
normal,trail,starforge,1,2,2,2.1999998092651367,2.1999998092651367,0,2.5
normal,trail,starforge,12,5.399999618530273,4.300000190734863,7.800000190734863,5.300000190734863,-1.0999994277954102,4.400000095367432
normal,trail,starforge,64,12,8.699999809265137,12.800000190734863,9.300000190734863,-3.3000001907348633,8.699999809265137
normal,variant,supernova:nova,1,4.100000381469727,3.299999713897705,4.299999713897705,3.5,-0.8000006675720215,9.400000095367432
normal,variant,supernova:nova,12,50.5,11.800000190734863,59.39999961853027,13.199999809265137,-38.69999980926514,15.099999904632568
normal,variant,supernova:nova,23,105.2999997138977,12.399999618530273,111.59999990463257,28.100000381469727,-92.90000009536743,15.400000095367432
normal,variant,roulette:nova,1,3.8999996185302734,2.799999713897705,4,3,-1.0999999046325684,7.699999809265137
normal,variant,roulette:nova,12,34.700000286102295,7.399999618530273,35.09999990463257,10.800000190734863,-27.30000066757202,11.099999904632568
normal,variant,roulette:nova,23,64.80000019073486,8.399999618530273,70.10000038146973,11.699999809265137,-56.40000057220459,8.700000286102295
normal,variant,pulse:nova,1,5.900000095367432,3.299999713897705,6,3.4000000953674316,-2.6000003814697266,8.5
normal,variant,pulse:nova,12,77,12.100000381469727,77.90000009536743,13.400000095367432,-64.89999961853027,15.899999618530273
normal,variant,pulse:nova,23,143.19999980926514,12.300000190734863,145.5,13.300000190734863,-130.89999961853027,16.09999990463257
normal,variant,orbital:mark,1,3.200000286102295,2.9000000953674316,3.5,3.200000286102295,-0.3000001907348633,7.699999809265137
normal,variant,orbital:mark,12,23.199999809265137,6.5,23.399999618530273,6.900000095367432,-16.699999809265137,8.300000190734863
normal,variant,orbital:mark,23,43,7,43.80000019073486,7.400000095367432,-36,7.100000381469727
normal,variant,sharpshooter:power,1,2.700000286102295,2.4000000953674316,2.8000001907348633,3.1000003814697266,-0.3000001907348633,6.099999904632568
normal,variant,sharpshooter:power,12,18.40000009536743,4.900000095367432,18.899999618530273,5.199999809265137,-13.5,5.900000095367432
normal,variant,sharpshooter:power,23,34.90000009536743,5.700000286102295,39.40000009536743,6.100000381469727,-29.199999809265137,5.699999809265137
normal,variant,legion:split,1,2.5999999046325684,2.4000000953674316,2.8000001907348633,2.5999999046325684,-0.19999980926513672,6.400000095367432
normal,variant,legion:split,12,17,4.900000095367432,20.800000190734863,5.900000095367432,-12.099999904632568,6.700000286102295
normal,variant,legion:split,23,31.5,5.700000286102295,32,6.099999904632568,-25.799999713897705,6
normal,variant,sweep:beam,1,1.9000000953674316,2.0999999046325684,2.4000000953674316,2.200000286102295,0.19999980926513672,6.099999904632568
normal,variant,sweep:beam,12,6.099999904632568,3.299999713897705,6.700000286102295,3.4000000953674316,-2.8000001907348633,4.199999809265137
normal,variant,sweep:beam,23,10.099999904632568,3.9000000953674316,10.599999904632568,4.200000286102295,-6.199999809265137,3.799999713897705
normal,variant,lance:beam,1,2.1999998092651367,2.299999713897705,2.3000001907348633,2.4000000953674316,0.09999990463256836,5.800000190734863
normal,variant,lance:beam,12,11.399999618530273,4,11.900000095367432,5,-7.399999618530273,4.599999904632568
normal,variant,lance:beam,23,21.200000286102295,4.699999809265137,22.09999990463257,5.199999809265137,-16.500000476837158,5.599999904632568
normal,variant,crossfire:beam,1,1.9000000953674316,2.1999998092651367,2.4000000953674316,2.4000000953674316,0.2999997138977051,6.699999809265137
normal,variant,crossfire:beam,12,7.299999713897705,3.6000003814697266,8.5,12.5,-3.6999993324279785,5.400000095367432
normal,variant,crossfire:beam,23,12.800000190734863,4.199999809265137,13.800000190734863,5.299999713897705,-8.600000381469727,5.300000190734863
normal,variant,stormfront:beam,1,2.200000286102295,2.0999999046325684,2.3000001907348633,2.200000286102295,-0.10000038146972656,5.5
normal,variant,stormfront:beam,12,10.5,3.3999996185302734,10.899999618530273,3.5999999046325684,-7.100000381469727,4.299999713897705
normal,variant,stormfront:beam,23,19.5,4.099999904632568,20.09999990463257,4.199999809265137,-15.400000095367432,3.9000000953674316
normal,core,plain-trail,1,1.4000000953674316,1.5,1.5,1.6000003814697266,0.09999990463256836,2.0999999046325684
normal,core,overdrive-glow,1,1.700000286102295,1.700000286102295,1.9000000953674316,4.899999618530273,0,3.0999999046325684
normal,core,firewheel,1,2.5,2.4000000953674316,2.5999999046325684,3.5,-0.09999990463256836,9.200000286102295
normal,core,plain-trail,12,2.3000001907348633,2.4000000953674316,2.6000003814697266,2.6000003814697266,0.09999990463256836,2.5999999046325684
normal,core,overdrive-glow,12,6.599999904632568,4.700000286102295,7,5,-1.8999996185302734,5.300000190734863
normal,core,firewheel,12,12.200000286102295,6.800000190734863,12.5,8.099999904632568,-5.400000095367432,11.699999809265137
normal,core,plain-trail,64,6.400000095367432,5.199999809265137,6.699999809265137,5.400000095367432,-1.200000286102295,5.600000381469727
normal,core,overdrive-glow,64,30.09999990463257,12.400000095367432,30.5,13.200000286102295,-17.699999809265137,12.400000095367432
normal,core,firewheel,64,50.09999990463257,12,70.80000019073486,12.699999809265137,-38.09999990463257,14.5
normal,core,square-particles,0,1.3000001907348633,1.4000000953674316,1.5,1.5,0.09999990463256836,2.6999998092651367
normal,core,square-particles,100,1.5999999046325684,1.6999998092651367,1.8000001907348633,1.8000001907348633,0.09999990463256836,2.299999713897705
normal,core,square-particles,300,1.9000000953674316,2,2,2.4000000953674316,0.09999990463256836,2.6999998092651367
normal,core,square-particles,1000,3,3.0999999046325684,3.3000001907348633,3.5,0.09999990463256836,4.200000286102295
normal,core,square-particles,3000,6,7.5,8,11.100000381469727,1.5,6.5
normal,core,square-particles,8000,13.799999713897705,14.899999618530273,14.200000286102295,16.199999809265137,1.0999999046325684,13.900000095367432
normal,core,rings,1,1.3999996185302734,1.4000000953674316,1.5,1.5999999046325684,4.76837158203125e-7,3
normal,core,bolts,1,1.4000000953674316,1.5,1.5,1.6000003814697266,0.09999990463256836,2.200000286102295
normal,core,floating-text,1,1.3000001907348633,1.4000000953674316,1.4000000953674316,1.5,0.09999990463256836,4.299999713897705
normal,core,rings,30,4.399999618530273,4.100000381469727,4.5,4.599999904632568,-0.2999992370605469,4.200000286102295
normal,core,bolts,30,2.5999999046325684,4.400000095367432,2.799999713897705,4.799999713897705,1.8000001907348633,5.399999618530273
normal,core,floating-text,30,1.5,1.5999999046325684,1.5999999046325684,1.700000286102295,0.09999990463256836,3.5
normal,core,rings,100,12,4.400000095367432,12.700000286102295,4.799999713897705,-7.599999904632568,4.900000095367432
normal,core,bolts,100,5.700000286102295,6.100000381469727,6,6.599999904632568,0.40000009536743164,7.099999904632568
normal,core,floating-text,100,1.9000000953674316,1.6999998092651367,2,1.8000001907348633,-0.20000028610229492,4.699999809265137
normal,core,rings,300,33.5,4.199999809265137,47.40000009536743,4.400000095367432,-29.300000190734863,4.200000286102295
normal,core,bolts,300,15.099999904632568,5.700000286102295,15.599999904632568,6,-9.399999618530273,6.800000190734863
normal,core,floating-text,300,3,1.6999998092651367,3.0999999046325684,1.8000001907348633,-1.3000001907348633,3.5
normal,core,rings,1000,108.19999980926514,4.200000286102295,116.09999990463257,4.5,-103.99999952316284,4.800000190734863
normal,core,bolts,1000,46.80000019073486,5.5,53.30000019073486,5.700000286102295,-41.30000019073486,6.300000190734863
normal,core,floating-text,1000,6.300000190734863,1.6999998092651367,6.5,1.8000001907348633,-4.600000381469727,2.299999713897705
normal,core,income-tallies,1,1.3999996185302734,1.5,1.5,1.5,0.10000038146972656,9.799999713897705
normal,core,income-tallies,8,1.5999999046325684,1.700000286102295,1.700000286102295,1.8000001907348633,0.10000038146972656,6.400000095367432
normal,adjacent,aim-glow,1,2.5999999046325684,2.6999998092651367,2.700000286102295,2.9000000953674316,0.09999990463256836,8.700000286102295
normal,adjacent,core-cached-glow,1,1.5999999046325684,1.6999998092651367,1.799999713897705,1.8000001907348633,0.09999990463256836,3.6999998092651367
normal,adjacent,core-drifting-glow,1,1.6999998092651367,1.8000001907348633,1.8000001907348633,2,0.10000038146972656,2.8000001907348633
normal,mechanic,wormhole:portal,1,2,2.0999999046325684,2.0999999046325684,2.3000001907348633,0.09999990463256836,3
normal,mechanic,wormhole:portal,12,9.699999809265137,9.900000095367432,13.599999904632568,10.599999904632568,0.20000028610229492,9.100000381469727
normal,mechanic,wormhole:portal,80,63.10000038146973,25.40000009536743,69.19999980926514,32.19999980926514,-37.700000286102295,23
normal,mechanic,siegebreaker:rubble,1,1.4000000953674316,1.5,1.5999999046325684,1.6999998092651367,0.09999990463256836,3.0999999046325684
normal,mechanic,siegebreaker:rubble,12,2.8000001907348633,3,3.6999998092651367,3.200000286102295,0.19999980926513672,3
normal,mechanic,siegebreaker:rubble,80,11.900000095367432,5.599999904632568,12.399999618530273,6.800000190734863,-6.300000190734863,5.299999713897705
normal,mechanic,threadweaver:cut,1,1.4000000953674316,1.5,1.5,1.799999713897705,0.09999990463256836,2.1999998092651367
normal,mechanic,threadweaver:cut,12,2.799999713897705,3,3,9.699999809265137,0.20000028610229492,3.4000000953674316
normal,mechanic,threadweaver:cut,80,11.700000286102295,5.699999809265137,12.400000095367432,16.100000381469727,-6.000000476837158,6.400000095367432
normal,mechanic,infection:seed,1,1.5999999046325684,1.5,1.700000286102295,2.1999998092651367,-0.09999990463256836,2.4000000953674316
normal,mechanic,infection:seed,12,4.5,2.299999713897705,4.699999809265137,12.800000190734863,-2.200000286102295,2.8999996185302734
normal,mechanic,infection:seed,80,24.40000009536743,3.5,27.699999809265137,5.5,-20.90000009536743,3.9000000953674316
normal,mechanic,infection:root,1,1.3000001907348633,1.5,1.5,1.5999999046325684,0.19999980926513672,2.4000000953674316
normal,mechanic,infection:root,12,1.8000001907348633,1.9000000953674316,1.9000000953674316,2,0.09999990463256836,2.1999998092651367
normal,mechanic,infection:root,80,4.599999904632568,2.8000001907348633,5.599999904632568,3.0999999046325684,-1.799999713897705,2.9000000953674316
normal,mechanic,transmute:transform,1,1.4000000953674316,1.5999999046325684,1.5999999046325684,2.0999999046325684,0.19999980926513672,1.5999999046325684
normal,mechanic,transmute:transform,12,2.5999999046325684,2.8000001907348633,3,3.4000000953674316,0.20000028610229492,3.200000286102295
normal,mechanic,transmute:transform,80,10.699999809265137,4.900000095367432,12.400000095367432,5.300000190734863,-5.799999713897705,4.699999809265137
normal,mechanic,spectral:phase,1,1.700000286102295,1.5999999046325684,1.9000000953674316,1.9000000953674316,-0.10000038146972656,2.9000000953674316
normal,mechanic,spectral:phase,12,5.400000095367432,3,10.300000190734863,3.5,-2.4000000953674316,3
normal,mechanic,spectral:phase,80,29.699999809265137,5.800000190734863,31.200000286102295,6.200000286102295,-23.899999618530273,5.699999809265137
normal,mechanic,fusepath:signal,1,1.4000000953674316,1.5,1.5,2,0.09999990463256836,1.799999713897705
normal,mechanic,fusepath:signal,12,2,2.1000003814697266,2.1000003814697266,2.5,0.10000038146972656,2.5
normal,mechanic,fusepath:signal,96,7.199999809265137,3.3000001907348633,7.5,5.300000190734863,-3.8999996185302734,3.5
normal,mechanic,reboundaim:signal,1,1.5,1.5999999046325684,1.6999998092651367,1.700000286102295,0.09999990463256836,2
normal,mechanic,reboundaim:signal,12,4.099999904632568,4.399999618530273,4.299999713897705,5,0.2999997138977051,4.900000095367432
normal,mechanic,reboundaim:signal,96,25.59999990463257,9.5,26.40000009536743,10.5,-16.09999990463257,8.300000190734863
normal,mechanic,overkill:signal,1,1.3999996185302734,1.4000000953674316,1.5,1.5,4.76837158203125e-7,2.5
normal,mechanic,overkill:signal,12,2,2.0999999046325684,2.0999999046325684,2.200000286102295,0.09999990463256836,2
normal,mechanic,overkill:signal,96,6.900000095367432,3.200000286102295,7.400000095367432,3.3000001907348633,-3.6999998092651367,3.4000000953674316
normal,mechanic,chronicle:signal,1,1.5,1.5999999046325684,1.5999999046325684,1.700000286102295,0.09999990463256836,2.0999999046325684
normal,mechanic,chronicle:signal,12,3.200000286102295,3.200000286102295,3.700000286102295,3.4000000953674316,0,3.700000286102295
normal,mechanic,chronicle:signal,96,19,6.299999713897705,39.40000009536743,6.900000095367432,-12.700000286102295,7.200000286102295
normal,mechanic,worldfold:signal,1,1.5999999046325684,1.6999998092651367,2.3000001907348633,1.8000001907348633,0.09999990463256836,2.4000000953674316
normal,mechanic,worldfold:signal,12,4.300000190734863,4.200000286102295,6.200000286102295,4.5,-0.09999990463256836,4.300000190734863
normal,mechanic,worldfold:signal,96,25.800000190734863,9.199999809265137,50.59999990463257,9.799999713897705,-16.600000381469727,9.200000286102295
normal,mechanic,starforge:signal,1,1.4000000953674316,1.5,1.799999713897705,1.5999999046325684,0.09999990463256836,2.200000286102295
normal,mechanic,starforge:signal,12,2,2.0999999046325684,2.1999998092651367,3.1999998092651367,0.09999990463256836,2.200000286102295
normal,mechanic,starforge:signal,96,6.900000095367432,3.299999713897705,12.599999904632568,3.5999999046325684,-3.6000003814697266,3.3000001907348633
normal,mechanic,buzzsaw:disc,1,1.6999998092651367,1.8000001907348633,1.9000000953674316,1.9000000953674316,0.10000038146972656,3.5
normal,mechanic,buzzsaw:disc,6,3.5999999046325684,3.5999999046325684,3.8000001907348633,4.400000095367432,0,3.6999998092651367
normal,mechanic,teslanet:field,1,1.4000000953674316,1.5999999046325684,1.5,2,0.19999980926513672,2
normal,mechanic,teslanet:field,8,3,2.9000000953674316,3.1999998092651367,3.5,-0.09999990463256836,3.4000000953674316
normal,mechanic,teslanet:field,32,9,2.700000286102295,11.200000286102295,2.9000000953674316,-6.299999713897705,2.8000001907348633
normal,mechanic,undertow:field,1,1.6999998092651367,1.700000286102295,1.8000001907348633,1.8000001907348633,4.76837158203125e-7,1.799999713897705
normal,mechanic,undertow:field,8,4.300000190734863,3.5,5,3.6000003814697266,-0.8000001907348633,3.5
normal,mechanic,undertow:field,32,13.299999713897705,3.5,14.5,3.5999999046325684,-9.799999713897705,3.5
normal,mechanic,worldfold:field,1,1.700000286102295,1.799999713897705,2,1.9000000953674316,0.09999942779541016,2.1000003814697266
normal,mechanic,worldfold:field,8,4.900000095367432,3.9000000953674316,5.699999809265137,4,-1,3.5999999046325684
normal,mechanic,worldfold:field,32,16.5,3.9000000953674316,25.100000381469727,4.099999904632568,-12.599999904632568,4.299999713897705
normal,mechanic,starforge:field,1,1.8000001907348633,1.9000000953674316,2.0999999046325684,2.0999999046325684,0.09999990463256836,5.5
normal,mechanic,starforge:field,8,6.5,4.800000190734863,9.799999713897705,4.900000095367432,-1.6999998092651367,4.900000095367432
normal,mechanic,starforge:field,32,23.59999990463257,4.799999713897705,30.90000009536743,5.100000381469727,-18.800000190734863,4.800000190734863
normal,boss-particle,eye:well,1,1.0999999046325684,1,1.299999713897705,1,-0.09999990463256836,2.8000001907348633
normal,boss-particle,eye:well,4,3.8000001907348633,2.9000000953674316,8.400000095367432,3.0999999046325684,-0.9000000953674316,2.8999996185302734
normal,boss-particle,eye:well,32,25.90000009536743,23.5,28.199999809265137,25.5,-2.4000000953674316,19.5
normal,boss-particle,eye:beam,1,0.40000009536743164,0.39999961853027344,0.5,0.5,-4.76837158203125e-7,1.700000286102295
normal,boss-particle,eye:shards,1,0.3000001907348633,0.2999997138977051,0.40000009536743164,0.40000009536743164,-4.76837158203125e-7,0.6999998092651367
normal,boss-particle,clock:shards,1,0.3000001907348633,0.2999997138977051,0.40000009536743164,0.40000009536743164,-4.76837158203125e-7,0.5
normal,boss-particle,serpent:flare,1,0.8999996185302734,0.5999999046325684,0.9000000953674316,0.7000002861022949,-0.2999997138977051,1.5
normal,boss-particle,serpent:wave,1,0.40000009536743164,0.40000009536743164,0.5,0.5,0,0.5999999046325684
normal,boss-particle,serpent:streak,1,0.40000009536743164,0.3000001907348633,0.5,0.40000009536743164,-0.09999990463256836,0.5
normal,boss-particle,forge:embers,1,0.5,0.5,0.6000003814697266,0.5999999046325684,0,1.8000001907348633
normal,boss-particle,forge:meteors,1,0.7999997138977051,0.7000002861022949,0.9000000953674316,0.8000001907348633,-0.09999942779541016,1.5
normal,boss-particle,serpent:dust,1,0.2999997138977051,0.2999997138977051,0.40000009536743164,0.3000001907348633,0,0.8000001907348633
normal,boss-particle,serpent:ghosts,1,0.3000001907348633,0.2999997138977051,0.40000009536743164,0.40000009536743164,-4.76837158203125e-7,0.40000009536743164
normal,boss-particle,serpent:sparks,1,0.5,0.40000009536743164,0.5,0.5,-0.09999990463256836,1.299999713897705
normal,boss-particle,serpent:portals,1,1.5999999046325684,1.3000001907348633,1.6999998092651367,1.4000000953674316,-0.2999997138977051,3.5999999046325684
normal,boss-particle,serpent:debris,1,,0.2999997138977051,,0.40000009536743164,,0.6000003814697266
normal,boss-particle,eye:chain-snap,1,,0.3000001907348633,,0.40000009536743164,,1
normal,boss-particle,eye:beam,12,1.6999998092651367,1.6999998092651367,1.8000001907348633,1.8000001907348633,0,1.799999713897705
normal,boss-particle,eye:shards,12,0.5,0.5,0.5999999046325684,0.5999999046325684,0,0.9000000953674316
normal,boss-particle,clock:shards,12,0.5,0.5,0.6000003814697266,0.6000003814697266,0,0.6000003814697266
normal,boss-particle,serpent:flare,12,7.300000190734863,5,8.300000190734863,5.200000286102295,-2.3000001907348633,5.599999904632568
normal,boss-particle,serpent:wave,12,2,2,3.6999998092651367,2,0,2
normal,boss-particle,serpent:streak,12,1.5,1.3000001907348633,4.199999809265137,1.4000000953674316,-0.19999980926513672,2
normal,boss-particle,forge:embers,12,0.9000000953674316,0.8000001907348633,1.1999998092651367,0.9000000953674316,-0.09999990463256836,1.299999713897705
normal,boss-particle,forge:meteors,12,3.700000286102295,3.5999999046325684,6.900000095367432,3.8000001907348633,-0.10000038146972656,3.9000000953674316
normal,boss-particle,serpent:dust,12,0.3000001907348633,0.2999997138977051,0.40000009536743164,0.3000001907348633,-4.76837158203125e-7,0.8000001907348633
normal,boss-particle,serpent:ghosts,12,0.5999999046325684,0.5999999046325684,0.6999998092651367,0.6999998092651367,0,0.8000001907348633
normal,boss-particle,serpent:sparks,12,2,1.6999998092651367,2.1000003814697266,1.8000001907348633,-0.3000001907348633,1.9000000953674316
normal,boss-particle,serpent:portals,12,14.900000095367432,12.699999809265137,15.200000286102295,13,-2.200000286102295,12.800000190734863
normal,boss-particle,serpent:debris,12,,0.40000009536743164,,0.5,,0.8000001907348633
normal,boss-particle,eye:chain-snap,12,,0.6000003814697266,,0.7000002861022949,,0.7999997138977051
normal,boss-particle,eye:beam,70,8.599999904632568,9,9,9.5,0.40000009536743164,9
normal,boss-particle,eye:shards,70,1.4000000953674316,1.6000003814697266,1.5,1.700000286102295,0.20000028610229492,1.9000000953674316
normal,boss-particle,clock:shards,70,1.6000003814697266,1.9000000953674316,1.799999713897705,2,0.2999997138977051,1.9000000953674316
normal,boss-particle,serpent:flare,70,41.700000286102295,13.099999904632568,45,13.299999713897705,-28.600000381469727,12.900000095367432
normal,boss-particle,serpent:wave,70,10.300000190734863,4.800000190734863,10.5,7.299999713897705,-5.5,4.900000095367432
normal,boss-particle,serpent:streak,70,6.400000095367432,3,6.599999904632568,3.200000286102295,-3.4000000953674316,3.1000003814697266
normal,boss-particle,forge:embers,70,2.3000001907348633,2.200000286102295,2.4000000953674316,2.3000001907348633,-0.09999990463256836,3.3000001907348633
normal,boss-particle,forge:meteors,70,18.199999809265137,14.200000286102295,19.199999809265137,15.099999904632568,-3.999999523162842,13.5
normal,boss-particle,serpent:dust,70,0.3000001907348633,0.3000001907348633,0.40000009536743164,0.40000009536743164,0,1.0999999046325684
normal,boss-particle,serpent:ghosts,70,2,2,2.0999999046325684,2.0999999046325684,0,2
normal,boss-particle,serpent:sparks,70,9.5,6.5,10.099999904632568,6.799999713897705,-3,6
normal,boss-particle,serpent:portals,70,91.7000002861023,72.5,98,74.80000019073486,-19.200000286102295,69.19999980926514
normal,boss-particle,serpent:debris,70,,1,,1.1000003814697266,,2.0999999046325684
normal,boss-particle,eye:chain-snap,70,,2.5,,2.6999998092651367,,2.5
normal,boss-particle,eye:beam,300,38.200000286102295,38.30000019073486,61.59999990463257,38.90000009536743,0.09999990463256836,36.80000019073486
normal,boss-particle,eye:shards,300,5.300000190734863,2.0999999046325684,8.800000190734863,2.1000003814697266,-3.200000286102295,2.6999998092651367
normal,boss-particle,clock:shards,300,6.100000381469727,2.3000001907348633,10.599999904632568,2.5,-3.8000001907348633,2.3999996185302734
normal,boss-particle,serpent:flare,300,181.5,13.099999904632568,195.40000009536743,13.199999809265137,-168.40000009536743,13
normal,boss-particle,serpent:wave,300,43.19999980926514,4.899999618530273,44.09999990463257,5.700000286102295,-38.30000019073486,5.800000190734863
normal,boss-particle,serpent:streak,300,25.5,3,29.300000190734863,3.200000286102295,-22.5,3.0999999046325684
normal,boss-particle,forge:embers,300,7.900000095367432,8,9.400000095367432,8.400000095367432,0.09999990463256836,7.699999809265137
normal,boss-particle,forge:meteors,300,74.39999961853027,61.200000286102295,85.5,89.69999980926514,-13.199999332427979,45.19999980926514
normal,boss-particle,serpent:dust,300,0.5999999046325684,0.5999999046325684,0.7000002861022949,0.6999998092651367,0,1.5
normal,boss-particle,serpent:ghosts,300,7.900000095367432,7.900000095367432,8.400000095367432,8.199999809265137,0,7.599999904632568
normal,boss-particle,serpent:sparks,300,45.700000286102295,24.59999990463257,59.19999980926514,35.40000009536743,-21.100000381469727,22.299999713897705
normal,boss-particle,serpent:portals,300,407.30000019073486,344.40000009536743,433.09999990463257,399.40000009536743,-62.90000009536743,374.80000019073486
normal,boss-particle,serpent:debris,300,,3.8000001907348633,,6,,4.799999713897705
normal,boss-particle,eye:chain-snap,300,,11.5,,12,,12.599999904632568
normal,boss-particle,serpent:eye-trails,1,,0.40000009536743164,,0.5,,1.5999999046325684
normal,boss-particle,serpent:eye-trails,2,,0.5,,0.6000003814697266,,0.7999997138977051
normal,boss-particle,serpent:eye-trails,16,,2.3000001907348633,,4.099999904632568,,3.9000000953674316
normal,boss-particle,serpent:eclipse-lights,1,6,5.699999809265137,11.300000190734863,7.399999618530273,-0.3000001907348633,8.599999904632568
normal,boss-particle,serpent:eclipse-lights,12,7.100000381469727,6.300000190734863,7.300000190734863,6.5,-0.8000001907348633,6.400000095367432
normal,boss-particle,serpent:eclipse-lights,64,12.700000286102295,10,13.099999904632568,10.5,-2.700000286102295,10.400000095367432
normal,baseline,empty-canvas,0,0.20000028610229492,0.2999997138977051,0.3000001907348633,0.40000009536743164,0.09999942779541016,0.2999997138977051
normal,boss-scene,eye:idle,1,7.199999809265137,7.400000095367432,7.5,8,0.20000028610229492,28.40000009536743
normal,boss-layer,eye:back,1,,3.0999999046325684,,3.1999998092651367,,5
normal,boss-layer,eye:field,1,,2.9000000953674316,,3,,4.800000190734863
normal,boss-layer,eye:front,1,,0.2999997138977051,,0.39999961853027344,,1.9000000953674316
normal,boss-scene,eye:orbit,1,7.700000286102295,8.699999809265137,20.699999809265137,10.899999618530273,0.9999995231628418,22.5
normal,boss-scene,eye:summon,1,7,7.599999904632568,8.599999904632568,9,0.5999999046325684,17.40000009536743
normal,boss-scene,eye:tear,1,7.099999904632568,7.400000095367432,7.700000286102295,8,0.3000001907348633,17.40000009536743
normal,boss-scene,eye:gaze,1,6.900000095367432,7.199999809265137,7.100000381469727,11.600000381469727,0.2999997138977051,16.5
normal,boss-scene,eye:mirage,1,8,8.299999713897705,8.5,8.799999713897705,0.2999997138977051,17.199999809265137
normal,boss-scene,eye:doom,1,7,7.400000095367432,8.5,8.400000095367432,0.40000009536743164,16.699999809265137
normal,boss-scene,forge:idle,1,3.799999713897705,3.6999998092651367,3.9000000953674316,5,-0.09999990463256836,16.899999618530273
normal,boss-layer,forge:back,1,,2.200000286102295,,2.4000000953674316,,4.300000190734863
normal,boss-layer,forge:field,1,,0.5999999046325684,,0.7000002861022949,,2
normal,boss-layer,forge:front,1,,0.2999997138977051,,0.40000009536743164,,1.4000000953674316
normal,boss-scene,serpent:idle,1,22.300000190734863,15.300000190734863,22.90000009536743,20.90000009536743,-7,43.5
normal,boss-layer,serpent:back,1,,5,,5.300000190734863,,6.799999713897705
normal,boss-layer,serpent:field,1,,0.9000000953674316,,1.0999999046325684,,3.1000003814697266
normal,boss-layer,serpent:front,1,,5.599999904632568,,5.800000190734863,,7.5
normal,boss-scene,serpent:live-body,1,,28.40000009536743,,48.59999990463257,,40
normal,boss-scene,clock:idle,1,8,7.700000286102295,9.400000095367432,8.199999809265137,-0.2999997138977051,22.699999809265137
normal,boss-layer,clock:back,1,,4.900000095367432,,5.299999713897705,,7.300000190734863
normal,boss-layer,clock:field,1,,1.8000001907348633,,1.9000000953674316,,3.8000001907348633
normal,boss-layer,clock:front,1,,0.2999997138977051,,0.3000001907348633,,1.5999999046325684
normal,boss-scene,clock:stop,1,7.899999618530273,8.099999904632568,9.300000190734863,9.099999904632568,0.20000028610229492,16.800000190734863
normal,boss-scene,clock:toll,1,7.900000095367432,8.099999904632568,8.300000190734863,10.900000095367432,0.19999980926513672,16.199999809265137
normal,boss-scene,clock:pendulum,1,7.800000190734863,7.899999618530273,8.299999713897705,8.199999809265137,0.09999942779541016,15.300000190734863
normal,boss-scene,clock:rewind,1,8.099999904632568,8.099999904632568,12.699999809265137,9.099999904632568,0,15.700000286102295
normal,boss-scene,clock:haste,1,7.5,8.099999904632568,7.700000286102295,8.800000190734863,0.5999999046325684,16.800000190734863
normal,boss-scene,clock:midnight,1,8,8.400000095367432,8.400000095367432,10.799999713897705,0.40000009536743164,16.299999713897705
normal,intro,fragments,1,1.3000001907348633,1.1999998092651367,6.099999904632568,7.900000095367432,-0.10000038146972656,
normal,intro,fragments,4,2,1.5,2.200000286102295,1.5999999046325684,-0.5,
normal,intro,fragments,16,4.800000190734863,2.5999999046325684,5.300000190734863,2.8000001907348633,-2.200000286102295,
reduced,baseline,board,0,0.6999998092651367,0.6999998092651367,1.700000286102295,2.200000286102295,0,25
reduced,impact,trident,1,0.8000001907348633,0.9000000953674316,1.5999999046325684,2.3000001907348633,0.09999990463256836,9.5
reduced,impact,trident,12,1.8000001907348633,2,2.0999999046325684,4.600000381469727,0.19999980926513672,2.3000001907348633
reduced,impact,trident,56,5.699999809265137,3.3999996185302734,11.5,6.099999904632568,-2.3000001907348633,4.5
reduced,hero,trident,1,0.8000001907348633,0.9000000953674316,1.3999996185302734,1.1999998092651367,0.09999990463256836,1
reduced,hero,trident,12,1.8000001907348633,1.8999996185302734,2.3000001907348633,2.3000001907348633,0.09999942779541016,1.9000000953674316
reduced,hero,trident,23,2.9000000953674316,2.1999998092651367,3.8999996185302734,2.9000000953674316,-0.7000002861022949,2.4000000953674316
reduced,hero,trident,24,2.8000001907348633,2.1999998092651367,4,2.9000000953674316,-0.6000003814697266,2.5999999046325684
reduced,hero,trident,56,6,3.3000001907348633,10.5,13.599999904632568,-2.6999998092651367,9
reduced,trail,trident,1,0.9000000953674316,0.9000000953674316,1.1999998092651367,2.0999999046325684,0,3.1999998092651367
reduced,trail,trident,12,2.8000001907348633,2.200000286102295,3.4000000953674316,3.0999999046325684,-0.5999999046325684,2
reduced,trail,trident,64,8.099999904632568,5.300000190734863,9.199999809265137,6.800000190734863,-2.799999713897705,5.199999809265137
reduced,impact,echo,1,0.8000001907348633,0.8000001907348633,0.9000000953674316,1.3000001907348633,0,10.5
reduced,impact,echo,12,1.6000003814697266,1.799999713897705,1.799999713897705,2.6000003814697266,0.19999933242797852,1.8999996185302734
reduced,impact,echo,56,4.800000190734863,3,5.5,5.399999618530273,-1.8000001907348633,3.3000001907348633
reduced,hero,echo,1,0.7999997138977051,0.8000001907348633,0.9000000953674316,1.4000000953674316,4.76837158203125e-7,0.9000000953674316
reduced,hero,echo,12,1.5999999046325684,1.8000001907348633,1.799999713897705,2.200000286102295,0.20000028610229492,1.700000286102295
reduced,hero,echo,23,2.5,2.200000286102295,2.8000001907348633,3.4000000953674316,-0.2999997138977051,2.9000000953674316
reduced,hero,echo,24,2.5999999046325684,2,5.099999904632568,3.5,-0.5999999046325684,2
reduced,hero,echo,56,5,2.8000001907348633,7.199999809265137,2.9000000953674316,-2.1999998092651367,3
reduced,trail,echo,1,0.9000000953674316,0.8000001907348633,1,0.9000000953674316,-0.09999990463256836,1.3999996185302734
reduced,trail,echo,12,3,2.0999999046325684,3.700000286102295,2.3000001907348633,-0.9000000953674316,2.799999713897705
reduced,trail,echo,64,8.699999809265137,5,12.5,5.199999809265137,-3.6999998092651367,5
reduced,impact,legion,1,0.8000001907348633,0.9000000953674316,0.9000000953674316,1.3000001907348633,0.09999990463256836,7.300000190734863
reduced,impact,legion,12,2.0999999046325684,2.3000001907348633,2.3000001907348633,4.300000190734863,0.20000028610229492,2.299999713897705
reduced,impact,legion,56,7.099999904632568,3.4000000953674316,7.699999809265137,4.099999904632568,-3.6999998092651367,3.8000001907348633
reduced,hero,legion,1,0.8000001907348633,0.8000001907348633,0.9000000953674316,1.0999999046325684,0,1
reduced,hero,legion,12,2.0999999046325684,2.799999713897705,2.3000001907348633,3.700000286102295,0.6999998092651367,2.1000003814697266
reduced,hero,legion,23,3.4000000953674316,2.5,3.5999999046325684,3.4000000953674316,-0.9000000953674316,3
reduced,hero,legion,24,3.5,2.5,4.299999713897705,2.700000286102295,-1,2.6999998092651367
reduced,hero,legion,56,8.5,3.3000001907348633,10,3.4000000953674316,-5.199999809265137,3.5
reduced,trail,legion,1,1.0999999046325684,0.8000001907348633,1.5999999046325684,0.9000000953674316,-0.2999997138977051,1.299999713897705
reduced,trail,legion,12,3.799999713897705,2.1000003814697266,5.099999904632568,2.4000000953674316,-1.6999993324279785,2.4000000953674316
reduced,trail,legion,64,8.699999809265137,5.099999904632568,21.09999990463257,5.300000190734863,-3.5999999046325684,5.100000381469727
reduced,impact,prism,1,0.8000001907348633,0.8000001907348633,1,0.9000000953674316,0,5.199999809265137
reduced,impact,prism,12,1.6999998092651367,1.6999998092651367,2,1.9000000953674316,0,1.6000003814697266
reduced,impact,prism,56,4.599999904632568,2.9000000953674316,5.099999904632568,3.1999998092651367,-1.6999998092651367,2.9000000953674316
reduced,hero,prism,1,0.7000002861022949,0.7999997138977051,0.8000001907348633,0.9000000953674316,0.09999942779541016,1.1000003814697266
reduced,hero,prism,12,1.5,1.700000286102295,1.6000003814697266,2.1999998092651367,0.20000028610229492,1.6999998092651367
reduced,hero,prism,23,2.3000001907348633,2,2.5,2.200000286102295,-0.3000001907348633,2
reduced,hero,prism,24,2.4000000953674316,2,3.200000286102295,2.1999998092651367,-0.40000009536743164,2.1999998092651367
reduced,hero,prism,56,4.599999904632568,2.8000001907348633,4.799999713897705,3,-1.799999713897705,3
reduced,trail,prism,1,0.8999996185302734,0.8000001907348633,0.9000000953674316,1,-0.09999942779541016,1.5
reduced,trail,prism,12,3,2.1000003814697266,3.3000001907348633,2.4000000953674316,-0.8999996185302734,2.0999999046325684
reduced,trail,prism,64,7,5.099999904632568,8.400000095367432,5.399999618530273,-1.9000000953674316,5.5
reduced,impact,nova,1,0.7999997138977051,0.8000001907348633,0.8000001907348633,0.9000000953674316,4.76837158203125e-7,5.199999809265137
reduced,impact,nova,12,1.5999999046325684,1.700000286102295,1.799999713897705,2,0.10000038146972656,2
reduced,impact,nova,56,5.099999904632568,2.8999996185302734,6.200000286102295,3.0999999046325684,-2.200000286102295,3.4000000953674316
reduced,hero,nova,1,0.6999998092651367,0.7999997138977051,0.8000001907348633,1,0.09999990463256836,1.0999999046325684
reduced,hero,nova,12,1.5,1.700000286102295,2.5,1.9000000953674316,0.20000028610229492,1.6999998092651367
reduced,hero,nova,23,2.4000000953674316,2,2.5999999046325684,2.700000286102295,-0.40000009536743164,2.3000001907348633
reduced,hero,nova,24,2.700000286102295,2,11.199999809265137,3,-0.7000002861022949,2.5
reduced,hero,nova,56,5.199999809265137,2.9000000953674316,18.600000381469727,3.0999999046325684,-2.299999713897705,2.8000001907348633
reduced,trail,nova,1,0.9000000953674316,0.8000001907348633,1,1,-0.09999990463256836,1.5
reduced,trail,nova,12,2.5999999046325684,2.1000003814697266,2.8000001907348633,2.3999996185302734,-0.4999995231628418,2.3000001907348633
reduced,trail,nova,64,6.400000095367432,5,7,5.5,-1.4000000953674316,5.5
reduced,impact,mirror,1,0.8000001907348633,0.8000001907348633,0.9000000953674316,0.9000000953674316,0,4.699999809265137
reduced,impact,mirror,12,1.9000000953674316,1.9000000953674316,2.1000003814697266,2.299999713897705,0,2.4000000953674316
reduced,impact,mirror,56,5.699999809265137,3,6.300000190734863,3.799999713897705,-2.6999998092651367,3.299999713897705
reduced,hero,mirror,1,0.7000002861022949,0.8000001907348633,0.9000000953674316,1.0999999046325684,0.09999990463256836,0.9000000953674316
reduced,hero,mirror,12,1.700000286102295,2,1.9000000953674316,3.200000286102295,0.2999997138977051,3.9000000953674316
reduced,hero,mirror,23,2.700000286102295,2.1999998092651367,2.9000000953674316,3.0999999046325684,-0.5000004768371582,2.799999713897705
reduced,hero,mirror,24,2.799999713897705,2.200000286102295,2.8999996185302734,3.5,-0.5999994277954102,2.3999996185302734
reduced,hero,mirror,56,5.400000095367432,3.0999999046325684,6,4.699999809265137,-2.3000001907348633,3.5999999046325684
reduced,trail,mirror,1,0.9000000953674316,0.8999996185302734,1.0999999046325684,1,-4.76837158203125e-7,1.1999998092651367
reduced,trail,mirror,12,3.6999998092651367,2.1999998092651367,28.299999713897705,2.700000286102295,-1.5,2.5
reduced,trail,mirror,64,9.5,5.099999904632568,10.5,5.900000095367432,-4.400000095367432,4.900000095367432
reduced,impact,hunters,1,0.8000001907348633,0.8000001907348633,1,1,0,5.5
reduced,impact,hunters,12,2,2.0999999046325684,2.700000286102295,4.5,0.09999990463256836,2.200000286102295
reduced,impact,hunters,56,6.5,3.1999998092651367,9.199999809265137,6,-3.3000001907348633,7.700000286102295
reduced,hero,hunters,1,0.7999997138977051,0.8999996185302734,0.9000000953674316,1.3000001907348633,0.09999990463256836,1.1999998092651367
reduced,hero,hunters,12,1.700000286102295,1.9000000953674316,1.9000000953674316,2,0.19999980926513672,1.8000001907348633
reduced,hero,hunters,23,2.799999713897705,2.1000003814697266,3,2.200000286102295,-0.6999993324279785,2.4000000953674316
reduced,hero,hunters,24,2.8000001907348633,2.1000003814697266,3,2.3000001907348633,-0.6999998092651367,2.1999998092651367
reduced,hero,hunters,56,5.799999713897705,2.9000000953674316,6,3.200000286102295,-2.8999996185302734,3.3000001907348633
reduced,trail,hunters,1,0.9000000953674316,0.8000001907348633,1,1,-0.09999990463256836,1.700000286102295
reduced,trail,hunters,12,3.1999998092651367,2.1999998092651367,3.3000001907348633,2.3000001907348633,-1,2.1999998092651367
reduced,trail,hunters,64,8.299999713897705,5.100000381469727,8.5,5.700000286102295,-3.1999993324279785,5.199999809265137
reduced,impact,seeking,1,0.7000002861022949,0.8000001907348633,0.8000001907348633,0.9000000953674316,0.09999990463256836,4.700000286102295
reduced,impact,seeking,12,1.6000003814697266,1.700000286102295,1.8000001907348633,1.9000000953674316,0.09999990463256836,2.0999999046325684
reduced,impact,seeking,56,5.100000381469727,2.9000000953674316,5.300000190734863,3.0999999046325684,-2.200000286102295,2.8999996185302734
reduced,hero,seeking,1,0.7000002861022949,0.7999997138977051,0.9000000953674316,0.9000000953674316,0.09999942779541016,1.1000003814697266
reduced,hero,seeking,12,1.6999998092651367,1.700000286102295,4.5,1.8999996185302734,4.76837158203125e-7,1.6999998092651367
reduced,hero,seeking,23,2.700000286102295,2,4.800000190734863,2.1000003814697266,-0.7000002861022949,2.5
reduced,hero,seeking,24,2.799999713897705,2,6,2.1999998092651367,-0.7999997138977051,2.0999999046325684
reduced,hero,seeking,56,5.699999809265137,2.8999996185302734,6.100000381469727,3.8000001907348633,-2.8000001907348633,3
reduced,trail,seeking,1,0.9000000953674316,0.8000001907348633,1.0999999046325684,0.9000000953674316,-0.09999990463256836,1.200000286102295
reduced,trail,seeking,12,3.1999998092651367,2.1999998092651367,3.5999999046325684,2.5,-1,2.299999713897705
reduced,trail,seeking,64,9.099999904632568,5.300000190734863,10.799999713897705,10.599999904632568,-3.799999713897705,5.100000381469727
reduced,impact,swarmqueen,1,1.1999998092651367,0.7999997138977051,1.4000000953674316,0.9000000953674316,-0.40000009536743164,5.799999713897705
reduced,impact,swarmqueen,12,4.099999904632568,1.799999713897705,4.200000286102295,1.9000000953674316,-2.3000001907348633,1.9000000953674316
reduced,impact,swarmqueen,56,16.5,2.9000000953674316,20,3.0999999046325684,-13.599999904632568,3.5999999046325684
reduced,hero,swarmqueen,1,1.1999998092651367,0.7999997138977051,1.3000001907348633,0.9000000953674316,-0.40000009536743164,0.7999997138977051
reduced,hero,swarmqueen,12,4.099999904632568,1.700000286102295,4.199999809265137,1.8000001907348633,-2.3999996185302734,2.3000001907348633
reduced,hero,swarmqueen,23,7,2,7.900000095367432,2.1000003814697266,-5,2
reduced,hero,swarmqueen,24,7.199999809265137,2,7.599999904632568,2.1000003814697266,-5.199999809265137,6.800000190734863
reduced,hero,swarmqueen,56,15.800000190734863,2.8000001907348633,16.90000009536743,3,-13,2.799999713897705
reduced,trail,swarmqueen,1,1.3000001907348633,0.8000001907348633,1.5,0.9000000953674316,-0.5,1.6999998092651367
reduced,trail,swarmqueen,12,5.599999904632568,2.1999998092651367,5.800000190734863,2.4000000953674316,-3.4000000953674316,2.1999998092651367
reduced,trail,swarmqueen,64,11.900000095367432,5.099999904632568,12.200000286102295,5.400000095367432,-6.800000190734863,5.099999904632568
reduced,impact,bankshot,1,0.8000001907348633,0.8000001907348633,0.9000000953674316,0.9000000953674316,0,4.200000286102295
reduced,impact,bankshot,12,1.8000001907348633,1.6999998092651367,2.0999999046325684,1.9000000953674316,-0.10000038146972656,1.8000001907348633
reduced,impact,bankshot,56,5.5,2.8999996185302734,5.800000190734863,3.0999999046325684,-2.6000003814697266,3.1000003814697266
reduced,hero,bankshot,1,0.7999997138977051,0.7999997138977051,0.9000000953674316,0.9000000953674316,0,0.9000000953674316
reduced,hero,bankshot,12,1.700000286102295,1.700000286102295,1.9000000953674316,1.9000000953674316,0,1.5999999046325684
reduced,hero,bankshot,23,2.6999998092651367,2,2.9000000953674316,2.200000286102295,-0.6999998092651367,2
reduced,hero,bankshot,24,2.700000286102295,2,2.9000000953674316,2.1999998092651367,-0.7000002861022949,2.299999713897705
reduced,hero,bankshot,56,5.600000381469727,2.8000001907348633,7.699999809265137,3,-2.8000001907348633,2.6999998092651367
reduced,trail,bankshot,1,0.9000000953674316,0.8000001907348633,1,0.9000000953674316,-0.09999990463256836,1.3999996185302734
reduced,trail,bankshot,12,2.8999996185302734,2.1999998092651367,3,2.3000001907348633,-0.6999998092651367,2.1999998092651367
reduced,trail,bankshot,64,7.5,5.099999904632568,8.300000190734863,5.300000190734863,-2.4000000953674316,5.200000286102295
reduced,impact,titan,1,0.7000002861022949,0.7000002861022949,0.8000001907348633,0.8000001907348633,0,4.900000095367432
reduced,impact,titan,12,1.3000001907348633,1.299999713897705,1.5,1.3999996185302734,-4.76837158203125e-7,1.3000001907348633
reduced,impact,titan,56,3.3999996185302734,2.5,3.5,7.300000190734863,-0.8999996185302734,2.5999999046325684
reduced,hero,titan,1,0.7000002861022949,0.7000002861022949,0.8000001907348633,0.8000001907348633,0,0.8000001907348633
reduced,hero,titan,12,1.299999713897705,1.200000286102295,1.4000000953674316,1.4000000953674316,-0.09999942779541016,1.3000001907348633
reduced,hero,titan,23,1.799999713897705,1.5,2.299999713897705,1.6000003814697266,-0.2999997138977051,2
reduced,hero,titan,24,1.8000001907348633,1.5,3.4000000953674316,1.6000003814697266,-0.3000001907348633,1.5999999046325684
reduced,hero,titan,56,3.3000001907348633,2.3000001907348633,6.099999904632568,2.5,-1,2.5
reduced,trail,titan,1,0.8000001907348633,0.8000001907348633,1,1,0,1.299999713897705
reduced,trail,titan,12,2.4000000953674316,2.4000000953674316,3.8000001907348633,3.4000000953674316,0,2.299999713897705
reduced,trail,titan,64,6.900000095367432,5.199999809265137,12.400000095367432,5.700000286102295,-1.700000286102295,5
reduced,impact,piercer,1,0.7999997138977051,0.8000001907348633,0.9000000953674316,1,4.76837158203125e-7,4.799999713897705
reduced,impact,piercer,12,1.6999998092651367,1.8999996185302734,3,3,0.19999980926513672,2
reduced,impact,piercer,56,5.599999904632568,3.0999999046325684,7.400000095367432,3.8999996185302734,-2.5,3.4000000953674316
reduced,hero,piercer,1,0.7000002861022949,0.7999997138977051,1,0.9000000953674316,0.09999942779541016,0.9000000953674316
reduced,hero,piercer,12,1.6999998092651367,1.799999713897705,1.8000001907348633,1.9000000953674316,0.09999990463256836,1.8000001907348633
reduced,hero,piercer,23,2.5,2.0999999046325684,2.6000003814697266,2.200000286102295,-0.40000009536743164,2.6999998092651367
reduced,hero,piercer,24,2.5999999046325684,2,2.6999998092651367,2.200000286102295,-0.5999999046325684,2
reduced,hero,piercer,56,4.900000095367432,2.8999996185302734,5,3,-2.000000476837158,2.9000000953674316
reduced,trail,piercer,1,0.8000001907348633,0.8000001907348633,1,0.9000000953674316,0,1.1999998092651367
reduced,trail,piercer,12,2.8999996185302734,2.0999999046325684,3,2.299999713897705,-0.7999997138977051,2.1999998092651367
reduced,trail,piercer,64,7.900000095367432,4.900000095367432,9.199999809265137,5.299999713897705,-3,4.800000190734863
reduced,impact,heavy,1,0.6999998092651367,0.7999997138977051,0.8000001907348633,0.9000000953674316,0.09999990463256836,4.699999809265137
reduced,impact,heavy,12,1.3000001907348633,1.4000000953674316,1.4000000953674316,1.5999999046325684,0.09999990463256836,1.4000000953674316
reduced,impact,heavy,56,3.8000001907348633,2.5999999046325684,4.800000190734863,2.8000001907348633,-1.200000286102295,2.799999713897705
reduced,hero,heavy,1,0.6999998092651367,0.7000002861022949,0.7999997138977051,0.8999996185302734,4.76837158203125e-7,0.7999997138977051
reduced,hero,heavy,12,1.3000001907348633,1.4000000953674316,1.4000000953674316,1.5,0.09999990463256836,1.5
reduced,hero,heavy,23,1.9000000953674316,1.6999998092651367,2,1.8000001907348633,-0.20000028610229492,1.799999713897705
reduced,hero,heavy,24,2,1.6999998092651367,2.0999999046325684,1.8000001907348633,-0.3000001907348633,2
reduced,hero,heavy,56,3.700000286102295,2.5,3.9000000953674316,2.700000286102295,-1.200000286102295,2.4000000953674316
reduced,trail,heavy,1,0.7999997138977051,0.8000001907348633,0.8999996185302734,0.9000000953674316,4.76837158203125e-7,1.299999713897705
reduced,trail,heavy,12,2.4000000953674316,2.4000000953674316,2.6000003814697266,2.5999999046325684,0,2.299999713897705
reduced,trail,heavy,64,6.5,5.099999904632568,6.699999809265137,5.200000286102295,-1.4000000953674316,4.900000095367432
reduced,impact,railgun,1,0.7000002861022949,0.7999997138977051,0.8000001907348633,0.9000000953674316,0.09999942779541016,4.900000095367432
reduced,impact,railgun,12,1.799999713897705,1.8999996185302734,1.9000000953674316,2,0.09999990463256836,1.6999998092651367
reduced,impact,railgun,56,5.5,3,5.700000286102295,3.200000286102295,-2.5,3.1999998092651367
reduced,hero,railgun,1,0.7000002861022949,0.7999997138977051,0.8000001907348633,0.9000000953674316,0.09999942779541016,0.6999998092651367
reduced,hero,railgun,12,1.9000000953674316,1.8000001907348633,2,1.9000000953674316,-0.09999990463256836,1.8999996185302734
reduced,hero,railgun,23,2.9000000953674316,2.0999999046325684,3.0999999046325684,2.200000286102295,-0.8000001907348633,2.1000003814697266
reduced,hero,railgun,24,3,2.1000003814697266,4.300000190734863,2.3000001907348633,-0.8999996185302734,2.0999999046325684
reduced,hero,railgun,56,5.800000190734863,2.9000000953674316,9.199999809265137,3.1000003814697266,-2.9000000953674316,2.799999713897705
reduced,trail,railgun,1,0.8999996185302734,0.8000001907348633,1,0.9000000953674316,-0.09999942779541016,1.3000001907348633
reduced,trail,railgun,12,3.1999998092651367,2.0999999046325684,4.599999904632568,2.200000286102295,-1.0999999046325684,1.9000000953674316
reduced,trail,railgun,64,8.700000286102295,4.900000095367432,21.40000009536743,5.200000286102295,-3.8000001907348633,4.700000286102295
reduced,impact,sharpshooter,1,0.9000000953674316,0.8000001907348633,1.0999999046325684,0.9000000953674316,-0.09999990463256836,4.900000095367432
reduced,impact,sharpshooter,12,2.0999999046325684,2.0999999046325684,2.6999998092651367,2.1999998092651367,0,2.0999999046325684
reduced,impact,sharpshooter,56,6.800000190734863,3.3000001907348633,8,8.5,-3.5,3.5999999046325684
reduced,hero,sharpshooter,1,0.8000001907348633,0.8000001907348633,1,0.9000000953674316,0,0.8000001907348633
reduced,hero,sharpshooter,12,2.0999999046325684,2.0999999046325684,2.3000001907348633,2.3000001907348633,0,2.0999999046325684
reduced,hero,sharpshooter,23,3.1999998092651367,2.299999713897705,3.3000001907348633,2.4000000953674316,-0.9000000953674316,2.5
reduced,hero,sharpshooter,24,3.200000286102295,2.3000001907348633,3.5,2.4000000953674316,-0.9000000953674316,2.4000000953674316
reduced,hero,sharpshooter,56,6.599999904632568,3.0999999046325684,10.700000286102295,3.3000001907348633,-3.5,3.4000000953674316
reduced,trail,sharpshooter,1,1,0.8000001907348633,1.3000001907348633,0.9000000953674316,-0.19999980926513672,1.1999998092651367
reduced,trail,sharpshooter,12,3.5999999046325684,2.0999999046325684,6.400000095367432,2.3000001907348633,-1.5,2.200000286102295
reduced,trail,sharpshooter,64,9.599999904632568,4.899999618530273,12,5.099999904632568,-4.700000286102295,4.700000286102295
reduced,impact,rapid,1,0.6999998092651367,0.7000002861022949,0.8000001907348633,0.8000001907348633,4.76837158203125e-7,4.5
reduced,impact,rapid,12,1.1999998092651367,1.200000286102295,1.700000286102295,1.3000001907348633,4.76837158203125e-7,1.1999998092651367
reduced,impact,rapid,56,3.1999998092651367,2.4000000953674316,4.099999904632568,6.700000286102295,-0.7999997138977051,2.4000000953674316
reduced,hero,rapid,1,0.6999998092651367,0.6999998092651367,0.8000001907348633,0.8000001907348633,0,0.8999996185302734
reduced,hero,rapid,12,1.1999998092651367,1.200000286102295,1.3000001907348633,1.4000000953674316,4.76837158203125e-7,1.299999713897705
reduced,hero,rapid,23,1.700000286102295,1.5,2.0999999046325684,3,-0.20000028610229492,2
reduced,hero,rapid,24,1.8000001907348633,1.5,2.5,1.6999998092651367,-0.3000001907348633,1.5999999046325684
reduced,hero,rapid,56,3.3000001907348633,2.3000001907348633,4.700000286102295,2.6000003814697266,-1,2.5999999046325684
reduced,trail,rapid,1,0.7999997138977051,0.7999997138977051,0.9000000953674316,0.9000000953674316,0,1.200000286102295
reduced,trail,rapid,12,2.3000001907348633,2,2.5,2.200000286102295,-0.3000001907348633,2.299999713897705
reduced,trail,rapid,64,7.400000095367432,4.900000095367432,7.599999904632568,5.099999904632568,-2.5,5
reduced,impact,growing,1,0.6999998092651367,0.7000002861022949,0.8000001907348633,0.8999996185302734,4.76837158203125e-7,5.399999618530273
reduced,impact,growing,12,1.4000000953674316,1.5,1.5,1.700000286102295,0.09999990463256836,2
reduced,impact,growing,56,4.299999713897705,2.799999713897705,5.599999904632568,2.9000000953674316,-1.5,2.9000000953674316
reduced,hero,growing,1,0.6999998092651367,0.7999997138977051,0.8000001907348633,0.9000000953674316,0.09999990463256836,1.200000286102295
reduced,hero,growing,12,1.5,1.5999999046325684,1.5999999046325684,1.6999998092651367,0.09999990463256836,1.5
reduced,hero,growing,23,2.1000003814697266,1.8000001907348633,2.3000001907348633,2.0999999046325684,-0.3000001907348633,2
reduced,hero,growing,24,2.200000286102295,1.9000000953674316,2.4000000953674316,2,-0.3000001907348633,2
reduced,hero,growing,56,4.299999713897705,2.799999713897705,4.5,2.8000001907348633,-1.5,3
reduced,trail,growing,1,0.8000001907348633,0.8000001907348633,0.9000000953674316,0.9000000953674316,0,1.1999998092651367
reduced,trail,growing,12,2.8000001907348633,2.1999998092651367,3,2.3000001907348633,-0.6000003814697266,2.3000001907348633
reduced,trail,growing,64,9,5.099999904632568,9.700000286102295,5.199999809265137,-3.9000000953674316,4.800000190734863
reduced,impact,critical,1,0.7999997138977051,0.8000001907348633,0.9000000953674316,0.9000000953674316,4.76837158203125e-7,5.099999904632568
reduced,impact,critical,12,1.9000000953674316,1.9000000953674316,2.1000003814697266,2.0999999046325684,0,2
reduced,impact,critical,56,6.300000190734863,3.0999999046325684,6.700000286102295,4.299999713897705,-3.200000286102295,3.0999999046325684
reduced,hero,critical,1,0.8000001907348633,0.8000001907348633,0.9000000953674316,0.9000000953674316,0,4.300000190734863
reduced,hero,critical,12,1.9000000953674316,1.9000000953674316,2,2.0999999046325684,0,1.799999713897705
reduced,hero,critical,23,3,2.1000003814697266,3.1999998092651367,2.3000001907348633,-0.8999996185302734,2.4000000953674316
reduced,hero,critical,24,3.0999999046325684,2.1999998092651367,3.200000286102295,2.4000000953674316,-0.9000000953674316,2.299999713897705
reduced,hero,critical,56,6.199999809265137,3,6.5,3.4000000953674316,-3.1999998092651367,3.3000001907348633
reduced,trail,critical,1,0.9000000953674316,0.8000001907348633,1,1,-0.09999990463256836,1.4000000953674316
reduced,trail,critical,12,2.5999999046325684,2.1999998092651367,3,2.6999998092651367,-0.40000009536743164,2.5
reduced,trail,critical,64,6,4.900000095367432,6.900000095367432,5.099999904632568,-1.0999999046325684,8.200000286102295
reduced,impact,execute,1,0.7999997138977051,0.7999997138977051,0.8999996185302734,0.9000000953674316,0,4.699999809265137
reduced,impact,execute,12,1.5999999046325684,1.6000003814697266,1.700000286102295,1.8000001907348633,4.76837158203125e-7,1.5999999046325684
reduced,impact,execute,56,5,2.8000001907348633,5.200000286102295,3,-2.1999998092651367,3.200000286102295
reduced,hero,execute,1,0.7999997138977051,0.7999997138977051,0.8999996185302734,0.9000000953674316,0,1
reduced,hero,execute,12,1.6999998092651367,1.6999998092651367,1.8000001907348633,1.8000001907348633,0,2
reduced,hero,execute,23,2.4000000953674316,1.9000000953674316,2.5999999046325684,2.0999999046325684,-0.5,2.0999999046325684
reduced,hero,execute,24,2.5,1.9000000953674316,2.9000000953674316,2,-0.5999999046325684,2.3000001907348633
reduced,hero,execute,56,5,2.6999998092651367,6.099999904632568,2.8000001907348633,-2.3000001907348633,2.700000286102295
reduced,trail,execute,1,0.8000001907348633,0.8000001907348633,0.9000000953674316,0.9000000953674316,0,1.5
reduced,trail,execute,12,2.200000286102295,2.1999998092651367,2.5,3.4000000953674316,-4.76837158203125e-7,2.5
reduced,trail,execute,64,5.699999809265137,5.099999904632568,5.900000095367432,5.400000095367432,-0.5999999046325684,5.300000190734863
reduced,impact,rage,1,0.9000000953674316,0.8999996185302734,1,1,-4.76837158203125e-7,4.599999904632568
reduced,impact,rage,12,2.3000001907348633,2.4000000953674316,2.5,2.5,0.09999990463256836,2.299999713897705
reduced,impact,rage,56,7.599999904632568,3.5,8.699999809265137,3.799999713897705,-4.099999904632568,3.700000286102295
reduced,hero,rage,1,0.8999996185302734,0.8000001907348633,0.9000000953674316,0.9000000953674316,-0.09999942779541016,0.8000001907348633
reduced,hero,rage,12,2.3000001907348633,2.4000000953674316,2.5,2.9000000953674316,0.09999990463256836,2.299999713897705
reduced,hero,rage,23,3.6999998092651367,2.5999999046325684,3.8000001907348633,2.8000001907348633,-1.0999999046325684,2.5999999046325684
reduced,hero,rage,24,3.799999713897705,2.5999999046325684,5.600000381469727,2.799999713897705,-1.1999998092651367,3
reduced,hero,rage,56,7.600000381469727,3.4000000953674316,7.799999713897705,3.6000003814697266,-4.200000286102295,3.3999996185302734
reduced,trail,rage,1,1,0.8000001907348633,1.0999999046325684,0.9000000953674316,-0.19999980926513672,1.5
reduced,trail,rage,12,3.799999713897705,2.0999999046325684,4.5,2.299999713897705,-1.6999998092651367,2.0999999046325684
reduced,trail,rage,64,10.400000095367432,5,10.899999618530273,5.200000286102295,-5.400000095367432,5.199999809265137
reduced,impact,ambush,1,0.9000000953674316,0.9000000953674316,1,1,0,4.800000190734863
reduced,impact,ambush,12,1.700000286102295,1.799999713897705,1.9000000953674316,1.9000000953674316,0.09999942779541016,1.9000000953674316
reduced,impact,ambush,56,5.100000381469727,2.9000000953674316,5.700000286102295,3.1999998092651367,-2.200000286102295,3
reduced,hero,ambush,1,0.8000001907348633,0.9000000953674316,0.9000000953674316,1,0.09999990463256836,0.9000000953674316
reduced,hero,ambush,12,1.700000286102295,1.8000001907348633,1.9000000953674316,1.9000000953674316,0.09999990463256836,1.6999998092651367
reduced,hero,ambush,23,2.5,2.0999999046325684,2.700000286102295,2.5999999046325684,-0.40000009536743164,2
reduced,hero,ambush,24,2.5999999046325684,2.0999999046325684,2.8000001907348633,2.4000000953674316,-0.5,1.8999996185302734
reduced,hero,ambush,56,5.099999904632568,2.9000000953674316,5.199999809265137,4.400000095367432,-2.1999998092651367,2.8000001907348633
reduced,trail,ambush,1,0.9000000953674316,0.9000000953674316,1,1,0,1.9000000953674316
reduced,trail,ambush,12,2.299999713897705,2.3000001907348633,2.5,3.1000003814697266,4.76837158203125e-7,2.200000286102295
reduced,trail,ambush,64,5.599999904632568,5.099999904632568,5.900000095367432,5.5,-0.5,6.599999904632568
reduced,impact,opportunist,1,0.7999997138977051,0.7999997138977051,0.8999996185302734,0.8000001907348633,0,4.400000095367432
reduced,impact,opportunist,12,1.5999999046325684,1.5,1.700000286102295,1.700000286102295,-0.09999990463256836,2.0999999046325684
reduced,impact,opportunist,56,4.799999713897705,2.8999996185302734,5.100000381469727,3.4000000953674316,-1.9000000953674316,3
reduced,hero,opportunist,1,0.7000002861022949,0.7999997138977051,0.9000000953674316,0.9000000953674316,0.09999942779541016,1.5
reduced,hero,opportunist,12,1.5999999046325684,1.6999998092651367,1.9000000953674316,2.1999998092651367,0.09999990463256836,1.6000003814697266
reduced,hero,opportunist,23,2.4000000953674316,1.9000000953674316,2.5999999046325684,2,-0.5,1.8000001907348633
reduced,hero,opportunist,24,2.5,1.9000000953674316,2.799999713897705,2,-0.5999999046325684,2
reduced,hero,opportunist,56,4.700000286102295,2.9000000953674316,5,3,-1.8000001907348633,3.0999999046325684
reduced,trail,opportunist,1,0.8000001907348633,0.8000001907348633,1,0.9000000953674316,0,1.0999999046325684
reduced,trail,opportunist,12,2.3000001907348633,2.299999713897705,2.5,2.4000000953674316,-4.76837158203125e-7,2.4000000953674316
reduced,trail,opportunist,64,5.899999618530273,5,8.900000095367432,5.300000190734863,-0.8999996185302734,5
reduced,impact,reaper,1,0.7999997138977051,0.8000001907348633,1,0.9000000953674316,4.76837158203125e-7,4.599999904632568
reduced,impact,reaper,12,1.6999998092651367,1.700000286102295,7.199999809265137,1.9000000953674316,4.76837158203125e-7,1.6999998092651367
reduced,impact,reaper,56,4.700000286102295,2.9000000953674316,7.399999618530273,3,-1.8000001907348633,3.0999999046325684
reduced,hero,reaper,1,0.7000002861022949,0.8000001907348633,0.8000001907348633,0.9000000953674316,0.09999990463256836,0.7999997138977051
reduced,hero,reaper,12,1.5999999046325684,1.6999998092651367,1.6999998092651367,1.8000001907348633,0.09999990463256836,1.6999998092651367
reduced,hero,reaper,23,2.3999996185302734,2,2.5,2.1999998092651367,-0.39999961853027344,2.0999999046325684
reduced,hero,reaper,24,2.4000000953674316,2.0999999046325684,2.5,2.299999713897705,-0.3000001907348633,2
reduced,hero,reaper,56,4.699999809265137,3,4.900000095367432,3.1999998092651367,-1.6999998092651367,2.8000001907348633
reduced,trail,reaper,1,0.8000001907348633,0.8999996185302734,1.0999999046325684,1,0.09999942779541016,1.1999998092651367
reduced,trail,reaper,12,2.1999998092651367,2.299999713897705,2.8999996185302734,2.4000000953674316,0.09999990463256836,2.0999999046325684
reduced,trail,reaper,64,5.400000095367432,5.199999809265137,5.700000286102295,5.600000381469727,-0.20000028610229492,5.099999904632568
reduced,impact,siphon,1,0.7999997138977051,0.8000001907348633,0.9000000953674316,1,4.76837158203125e-7,5.5
reduced,impact,siphon,12,1.6999998092651367,1.8000001907348633,1.799999713897705,2,0.10000038146972656,1.700000286102295
reduced,impact,siphon,56,5.199999809265137,3,5.300000190734863,3.1000003814697266,-2.1999998092651367,3.3999996185302734
reduced,hero,siphon,1,0.7000002861022949,0.7999997138977051,0.8000001907348633,0.8999996185302734,0.09999942779541016,0.8000001907348633
reduced,hero,siphon,12,1.5999999046325684,1.8000001907348633,1.8000001907348633,1.9000000953674316,0.20000028610229492,1.6999998092651367
reduced,hero,siphon,23,2.5,2.0999999046325684,2.6999998092651367,2.200000286102295,-0.40000009536743164,2.0999999046325684
reduced,hero,siphon,24,2.5,2.0999999046325684,2.8000001907348633,2.200000286102295,-0.40000009536743164,2.200000286102295
reduced,hero,siphon,56,5,3,5.199999809265137,3.0999999046325684,-2,2.8000001907348633
reduced,trail,siphon,1,0.9000000953674316,0.8000001907348633,1,0.9000000953674316,-0.09999990463256836,1.5
reduced,trail,siphon,12,3,2.200000286102295,3.6999998092651367,2.4000000953674316,-0.7999997138977051,2.299999713897705
reduced,trail,siphon,64,9,5.5,9.199999809265137,9.899999618530273,-3.5,5.5
reduced,impact,ricochet,1,0.7000002861022949,0.8000001907348633,0.8000001907348633,0.9000000953674316,0.09999990463256836,9.5
reduced,impact,ricochet,12,1.5999999046325684,1.6999998092651367,2.0999999046325684,1.8000001907348633,0.09999990463256836,1.6999998092651367
reduced,impact,ricochet,56,5.099999904632568,2.8000001907348633,6.200000286102295,3,-2.299999713897705,3.5999999046325684
reduced,hero,ricochet,1,0.8000001907348633,0.7999997138977051,1,0.9000000953674316,-4.76837158203125e-7,0.6999998092651367
reduced,hero,ricochet,12,1.5999999046325684,1.6999998092651367,1.9000000953674316,2.1000003814697266,0.09999990463256836,1.8000001907348633
reduced,hero,ricochet,23,2.4000000953674316,1.9000000953674316,2.9000000953674316,2,-0.5,2
reduced,hero,ricochet,24,2.5,1.9000000953674316,2.700000286102295,2.0999999046325684,-0.5999999046325684,2.1999998092651367
reduced,hero,ricochet,56,4.899999618530273,2.8000001907348633,5.5,4.300000190734863,-2.09999942779541,2.799999713897705
reduced,trail,ricochet,1,0.8000001907348633,0.7999997138977051,0.9000000953674316,0.9000000953674316,-4.76837158203125e-7,1.5
reduced,trail,ricochet,12,2.4000000953674316,2.0999999046325684,2.5999999046325684,2.1000003814697266,-0.3000001907348633,2.0999999046325684
reduced,trail,ricochet,64,6.900000095367432,4.800000190734863,7.099999904632568,5,-2.0999999046325684,5
reduced,impact,meteor,1,0.8000001907348633,0.8000001907348633,1,0.9000000953674316,0,4.399999618530273
reduced,impact,meteor,12,2.4000000953674316,2.5999999046325684,2.5999999046325684,4.200000286102295,0.19999980926513672,3
reduced,impact,meteor,56,7.900000095367432,3.799999713897705,8.800000190734863,4.400000095367432,-4.100000381469727,4
reduced,hero,meteor,1,0.8000001907348633,0.8000001907348633,0.9000000953674316,1,0,0.9000000953674316
reduced,hero,meteor,12,2.4000000953674316,2.5,2.5,2.700000286102295,0.09999990463256836,2.3999996185302734
reduced,hero,meteor,23,3.799999713897705,2.8000001907348633,4,4.400000095367432,-0.9999995231628418,3.1999998092651367
reduced,hero,meteor,24,4,2.799999713897705,4.700000286102295,3,-1.200000286102295,2.6999998092651367
reduced,hero,meteor,56,8,3.6999998092651367,11.400000095367432,5.400000095367432,-4.300000190734863,3.5999999046325684
reduced,trail,meteor,1,0.9000000953674316,0.8000001907348633,1,0.9000000953674316,-0.09999990463256836,1.1999998092651367
reduced,trail,meteor,12,3.1999998092651367,2.1000003814697266,3.4000000953674316,2.3000001907348633,-1.0999994277954102,2.200000286102295
reduced,trail,meteor,64,7.299999713897705,5,7.5,5.300000190734863,-2.299999713897705,5
reduced,impact,blast,1,0.9000000953674316,0.9000000953674316,1,1,0,4.300000190734863
reduced,impact,blast,12,2.5,2.5999999046325684,2.6000003814697266,2.6999998092651367,0.09999990463256836,2.5999999046325684
reduced,impact,blast,56,8.799999713897705,3.6999998092651367,14.599999904632568,3.700000286102295,-5.099999904632568,3.9000000953674316
reduced,hero,blast,1,0.9000000953674316,0.8000001907348633,1,0.9000000953674316,-0.09999990463256836,0.9000000953674316
reduced,hero,blast,12,2.5,2.5,2.6000003814697266,2.8000001907348633,0,2.5
reduced,hero,blast,23,4,2.799999713897705,4.799999713897705,3,-1.200000286102295,2.8000001907348633
reduced,hero,blast,24,4.199999809265137,2.8000001907348633,4.400000095367432,2.9000000953674316,-1.3999996185302734,2.799999713897705
reduced,hero,blast,56,8.699999809265137,3.5999999046325684,8.800000190734863,3.8000001907348633,-5.099999904632568,3.6999998092651367
reduced,trail,blast,1,0.9000000953674316,0.8000001907348633,1,0.9000000953674316,-0.09999990463256836,1.200000286102295
reduced,trail,blast,12,3.1999998092651367,2.0999999046325684,5,2.1999998092651367,-1.0999999046325684,2.0999999046325684
reduced,trail,blast,64,7.299999713897705,4.800000190734863,7.5,5,-2.499999523162842,4.800000190734863
reduced,impact,doubletap,1,0.7999997138977051,0.8000001907348633,0.9000000953674316,0.9000000953674316,4.76837158203125e-7,4.800000190734863
reduced,impact,doubletap,12,1.8000001907348633,1.9000000953674316,2,2.4000000953674316,0.09999990463256836,1.9000000953674316
reduced,impact,doubletap,56,6,3,7.300000190734863,3.1999998092651367,-3,3.299999713897705
reduced,hero,doubletap,1,0.7000002861022949,0.7999997138977051,0.8999996185302734,0.9000000953674316,0.09999942779541016,0.8999996185302734
reduced,hero,doubletap,12,1.8999996185302734,1.9000000953674316,2,2.0999999046325684,4.76837158203125e-7,1.8000001907348633
reduced,hero,doubletap,23,2.8999996185302734,2.1999998092651367,3.0999999046325684,2.3000001907348633,-0.6999998092651367,2.1999998092651367
reduced,hero,doubletap,24,3,2.1999998092651367,3.200000286102295,2.4000000953674316,-0.8000001907348633,2.200000286102295
reduced,hero,doubletap,56,6.099999904632568,3.0999999046325684,6.300000190734863,4.799999713897705,-3,3.1000003814697266
reduced,trail,doubletap,1,0.8000001907348633,0.8000001907348633,0.9000000953674316,0.9000000953674316,0,1
reduced,trail,doubletap,12,2.299999713897705,2.0999999046325684,2.4000000953674316,2.200000286102295,-0.19999980926513672,2
reduced,trail,doubletap,64,5.900000095367432,5.099999904632568,12.799999713897705,5.399999618530273,-0.8000001907348633,7.699999809265137
reduced,impact,aftershock,1,0.7999997138977051,0.8000001907348633,0.9000000953674316,0.9000000953674316,4.76837158203125e-7,4.400000095367432
reduced,impact,aftershock,12,2,2,3.3000001907348633,2.1999998092651367,0,2.1999998092651367
reduced,impact,aftershock,56,6.400000095367432,3.1999998092651367,7,4.400000095367432,-3.200000286102295,3.5
reduced,hero,aftershock,1,0.7999997138977051,0.8000001907348633,0.9000000953674316,0.9000000953674316,4.76837158203125e-7,1.0999999046325684
reduced,hero,aftershock,12,2,2,2.6999998092651367,2.0999999046325684,0,1.9000000953674316
reduced,hero,aftershock,23,3.0999999046325684,2.200000286102295,3.4000000953674316,2.4000000953674316,-0.8999996185302734,2.6000003814697266
reduced,hero,aftershock,24,3.0999999046325684,2.200000286102295,3.200000286102295,2.4000000953674316,-0.8999996185302734,2.3000001907348633
reduced,hero,aftershock,56,6.299999713897705,3.1999998092651367,7.199999809265137,3.3000001907348633,-3.0999999046325684,3
reduced,trail,aftershock,1,0.8999996185302734,0.8000001907348633,1,0.9000000953674316,-0.09999942779541016,1
reduced,trail,aftershock,12,2.5999999046325684,2.200000286102295,2.9000000953674316,2.4000000953674316,-0.39999961853027344,2.0999999046325684
reduced,trail,aftershock,64,7.600000381469727,5.199999809265137,11.700000286102295,5.699999809265137,-2.40000057220459,5
reduced,impact,cascade,1,0.9000000953674316,0.9000000953674316,1,1,0,5.099999904632568
reduced,impact,cascade,12,2.4000000953674316,2.3999996185302734,2.5,2.5,-4.76837158203125e-7,2.3000001907348633
reduced,impact,cascade,56,7.700000286102295,3.5,9.099999904632568,3.6999998092651367,-4.200000286102295,3.8000001907348633
reduced,hero,cascade,1,0.9000000953674316,0.8000001907348633,1,0.9000000953674316,-0.09999990463256836,0.9000000953674316
reduced,hero,cascade,12,2.3000001907348633,2.3000001907348633,2.5,2.5,0,2.299999713897705
reduced,hero,cascade,23,3.6000003814697266,2.5999999046325684,4.099999904632568,2.700000286102295,-1.0000004768371582,2.5
reduced,hero,cascade,24,4.400000095367432,2.5999999046325684,6.099999904632568,2.8000001907348633,-1.8000001907348633,2.6000003814697266
reduced,hero,cascade,56,8.900000095367432,3.5,10,3.700000286102295,-5.400000095367432,3.3000001907348633
reduced,trail,cascade,1,1,0.8000001907348633,1.1999998092651367,0.9000000953674316,-0.19999980926513672,1.3000001907348633
reduced,trail,cascade,12,3.1999998092651367,2.1999998092651367,3.4000000953674316,2.3000001907348633,-1,2.1999998092651367
reduced,trail,cascade,64,7.5,5.099999904632568,11.699999809265137,5.300000190734863,-2.4000000953674316,5
reduced,impact,orbital,1,0.9000000953674316,0.9000000953674316,1.0999999046325684,1,0,4.399999618530273
reduced,impact,orbital,12,2.700000286102295,3.0999999046325684,2.9000000953674316,4.5,0.39999961853027344,3.9000000953674316
reduced,impact,orbital,56,10.099999904632568,4.099999904632568,10.699999809265137,4.5,-6,4.599999904632568
reduced,hero,orbital,1,0.9000000953674316,0.8999996185302734,1,1,-4.76837158203125e-7,1.3000001907348633
reduced,hero,orbital,12,2.6999998092651367,2.6000003814697266,2.8000001907348633,2.8000001907348633,-0.09999942779541016,3.0999999046325684
reduced,hero,orbital,23,4.400000095367432,3.0999999046325684,5.599999904632568,3.4000000953674316,-1.3000001907348633,3.0999999046325684
reduced,hero,orbital,24,4.699999809265137,3,5.599999904632568,3.4000000953674316,-1.6999998092651367,3.1999998092651367
reduced,hero,orbital,56,9.800000190734863,4.099999904632568,10,4.599999904632568,-5.700000286102295,4.300000190734863
reduced,trail,orbital,1,1,0.8000001907348633,1.0999999046325684,0.9000000953674316,-0.19999980926513672,1.1999998092651367
reduced,trail,orbital,12,3.5,2.0999999046325684,5.900000095367432,2.4000000953674316,-1.4000000953674316,2.299999713897705
reduced,trail,orbital,64,9,5.099999904632568,9.5,5.300000190734863,-3.9000000953674316,4.799999713897705
reduced,impact,minefield,1,1,0.9000000953674316,1.0999999046325684,1.1000003814697266,-0.09999990463256836,4.300000190734863
reduced,impact,minefield,12,2.799999713897705,2.700000286102295,2.9000000953674316,2.8999996185302734,-0.09999942779541016,3.0999999046325684
reduced,impact,minefield,56,9.400000095367432,3.8000001907348633,10.699999809265137,4,-5.599999904632568,4.300000190734863
reduced,hero,minefield,1,0.9000000953674316,0.8000001907348633,1,1,-0.09999990463256836,1.200000286102295
reduced,hero,minefield,12,2.9000000953674316,2.8000001907348633,3,3,-0.09999990463256836,3.0999999046325684
reduced,hero,minefield,23,4.599999904632568,3,6.400000095367432,3.1999998092651367,-1.5999999046325684,2.9000000953674316
reduced,hero,minefield,24,4.5,3,4.699999809265137,3.1000003814697266,-1.5,3.0999999046325684
reduced,hero,minefield,56,9.400000095367432,3.8000001907348633,11.800000190734863,4,-5.599999904632568,4.099999904632568
reduced,trail,minefield,1,1,0.8000001907348633,1.0999999046325684,0.9000000953674316,-0.19999980926513672,1.299999713897705
reduced,trail,minefield,12,3.4000000953674316,2.0999999046325684,3.5999999046325684,2.200000286102295,-1.3000001907348633,2.1000003814697266
reduced,trail,minefield,64,6.900000095367432,4.900000095367432,7.199999809265137,5.099999904632568,-2,4.799999713897705
reduced,impact,lightning,1,0.8999996185302734,0.8000001907348633,0.9000000953674316,0.9000000953674316,-0.09999942779541016,4.700000286102295
reduced,impact,lightning,12,2.299999713897705,2.3000001907348633,2.4000000953674316,3.0999999046325684,4.76837158203125e-7,2.200000286102295
reduced,impact,lightning,56,7.800000190734863,3.4000000953674316,10.099999904632568,4.400000095367432,-4.400000095367432,3.5999999046325684
reduced,hero,lightning,1,0.8000001907348633,0.8000001907348633,0.9000000953674316,0.9000000953674316,0,0.9000000953674316
reduced,hero,lightning,12,2.1999998092651367,2.299999713897705,2.3000001907348633,2.4000000953674316,0.09999990463256836,2.0999999046325684
reduced,hero,lightning,23,3.5999999046325684,2.5,3.700000286102295,2.700000286102295,-1.0999999046325684,2.6000003814697266
reduced,hero,lightning,24,3.700000286102295,2.5999999046325684,4.199999809265137,2.8000001907348633,-1.1000003814697266,2.6000003814697266
reduced,hero,lightning,56,8,3.4000000953674316,11.5,3.5999999046325684,-4.599999904632568,4
reduced,trail,lightning,1,0.9000000953674316,0.8000001907348633,1,0.9000000953674316,-0.09999990463256836,1.4000000953674316
reduced,trail,lightning,12,3.0999999046325684,2.0999999046325684,3.3000001907348633,2.1999998092651367,-1,2.3000001907348633
reduced,trail,lightning,64,7.599999904632568,4.800000190734863,9.299999713897705,5,-2.799999713897705,4.800000190734863
reduced,impact,storm,1,0.7999997138977051,0.8000001907348633,0.9000000953674316,0.9000000953674316,4.76837158203125e-7,4.400000095367432
reduced,impact,storm,12,1.8000001907348633,1.9000000953674316,2.1999998092651367,2,0.09999990463256836,1.9000000953674316
reduced,impact,storm,56,5.700000286102295,3,5.900000095367432,3.1000003814697266,-2.700000286102295,3.1999998092651367
reduced,hero,storm,1,0.7000002861022949,0.8000001907348633,0.8999996185302734,0.9000000953674316,0.09999990463256836,0.9000000953674316
reduced,hero,storm,12,1.799999713897705,1.9000000953674316,1.9000000953674316,2,0.10000038146972656,1.9000000953674316
reduced,hero,storm,23,2.700000286102295,2.0999999046325684,2.9000000953674316,2.200000286102295,-0.6000003814697266,2.1000003814697266
reduced,hero,storm,24,2.8999996185302734,2.1999998092651367,3,2.5999999046325684,-0.6999998092651367,2.1000003814697266
reduced,hero,storm,56,5.700000286102295,3,10.099999904632568,3.1000003814697266,-2.700000286102295,2.9000000953674316
reduced,trail,storm,1,0.8000001907348633,0.8000001907348633,0.9000000953674316,0.9000000953674316,0,1.299999713897705
reduced,trail,storm,12,2.5,2.0999999046325684,2.6000003814697266,2.1999998092651367,-0.40000009536743164,2.1999998092651367
reduced,trail,storm,64,7.099999904632568,5,7.5,5.099999904632568,-2.0999999046325684,4.699999809265137
reduced,impact,thunderlottery,1,0.7000002861022949,0.7999997138977051,0.8000001907348633,0.9000000953674316,0.09999942779541016,4.5
reduced,impact,thunderlottery,12,1.700000286102295,1.8000001907348633,1.8000001907348633,1.9000000953674316,0.09999990463256836,1.799999713897705
reduced,impact,thunderlottery,56,5.400000095367432,2.9000000953674316,5.599999904632568,3.0999999046325684,-2.5,3.5999999046325684
reduced,hero,thunderlottery,1,0.7000002861022949,0.7999997138977051,0.8000001907348633,0.8999996185302734,0.09999942779541016,0.9000000953674316
reduced,hero,thunderlottery,12,1.700000286102295,1.8000001907348633,1.8000001907348633,2,0.09999990463256836,2.0999999046325684
reduced,hero,thunderlottery,23,2.6999998092651367,2.0999999046325684,2.8000001907348633,2.5,-0.5999999046325684,2
reduced,hero,thunderlottery,24,2.799999713897705,2.0999999046325684,2.9000000953674316,2.299999713897705,-0.6999998092651367,2
reduced,hero,thunderlottery,56,5.300000190734863,2.9000000953674316,6.799999713897705,3,-2.4000000953674316,2.9000000953674316
reduced,trail,thunderlottery,1,0.9000000953674316,0.8000001907348633,1,0.9000000953674316,-0.09999990463256836,1
reduced,trail,thunderlottery,12,3,2.0999999046325684,3.1000003814697266,2.200000286102295,-0.9000000953674316,2
reduced,trail,thunderlottery,64,7.5,4.800000190734863,7.900000095367432,5,-2.6999998092651367,4.699999809265137
reduced,impact,stormfront,1,0.7999997138977051,0.7999997138977051,0.9000000953674316,0.9000000953674316,0,3.700000286102295
reduced,impact,stormfront,12,2,2.0999999046325684,2.4000000953674316,3,0.09999990463256836,1.9000000953674316
reduced,impact,stormfront,56,6.099999904632568,4.5,6.599999904632568,6.099999904632568,-1.5999999046325684,5.099999904632568
reduced,hero,stormfront,1,0.7000002861022949,1,0.8000001907348633,1.3000001907348633,0.2999997138977051,1
reduced,hero,stormfront,12,1.8000001907348633,1.9000000953674316,1.9000000953674316,2.0999999046325684,0.09999990463256836,1.9000000953674316
reduced,hero,stormfront,23,2.9000000953674316,2.1999998092651367,3.1000003814697266,2.3000001907348633,-0.7000002861022949,2.5
reduced,hero,stormfront,24,3.299999713897705,2.1999998092651367,4.699999809265137,2.3000001907348633,-1.0999999046325684,2.1999998092651367
reduced,hero,stormfront,56,6.099999904632568,3,7.699999809265137,5,-3.0999999046325684,3
reduced,trail,stormfront,1,0.9000000953674316,0.8000001907348633,1,1,-0.09999990463256836,1.0999999046325684
reduced,trail,stormfront,12,3.1000003814697266,2.0999999046325684,3.3000001907348633,2.200000286102295,-1.0000004768371582,2.0999999046325684
reduced,trail,stormfront,64,8.400000095367432,5,8.800000190734863,5.400000095367432,-3.4000000953674316,5.699999809265137
reduced,impact,ice,1,0.9000000953674316,0.8000001907348633,1,0.9000000953674316,-0.09999990463256836,4.299999713897705
reduced,impact,ice,12,2.4000000953674316,2.5,2.5,3.200000286102295,0.09999990463256836,3
reduced,impact,ice,56,8.399999618530273,3.5,8.5,4,-4.899999618530273,3.6999998092651367
reduced,hero,ice,1,0.8000001907348633,0.8000001907348633,0.9000000953674316,1.0999999046325684,0,1.0999999046325684
reduced,hero,ice,12,2.4000000953674316,2.5,2.5,3.9000000953674316,0.09999990463256836,3.4000000953674316
reduced,hero,ice,23,3.9000000953674316,2.6999998092651367,7.599999904632568,4.599999904632568,-1.200000286102295,2.8000001907348633
reduced,hero,ice,24,4,2.6999998092651367,4.199999809265137,2.8000001907348633,-1.3000001907348633,3.5
reduced,hero,ice,56,8.400000095367432,3.4000000953674316,8.799999713897705,3.6000003814697266,-5,3.5
reduced,trail,ice,1,0.9000000953674316,0.7999997138977051,1,0.9000000953674316,-0.10000038146972656,1.0999999046325684
reduced,trail,ice,12,3.0999999046325684,2,3.3000001907348633,2.200000286102295,-1.0999999046325684,2
reduced,trail,ice,64,7.200000286102295,4.899999618530273,21.799999713897705,5,-2.3000006675720215,4.800000190734863
reduced,impact,shatter,1,1,0.9000000953674316,1.1999998092651367,1,-0.09999990463256836,3.799999713897705
reduced,impact,shatter,12,5.599999904632568,2.9000000953674316,6.900000095367432,3,-2.6999998092651367,2.8000001907348633
reduced,impact,shatter,56,11.300000190734863,3.9000000953674316,13.700000286102295,4.099999904632568,-7.400000095367432,4.099999904632568
reduced,hero,shatter,1,0.9000000953674316,0.8000001907348633,1.0999999046325684,0.9000000953674316,-0.09999990463256836,0.8000001907348633
reduced,hero,shatter,12,2.9000000953674316,3,3.0999999046325684,3.1000003814697266,0.09999990463256836,2.6000003814697266
reduced,hero,shatter,23,4.899999618530273,3.299999713897705,5.199999809265137,7.400000095367432,-1.5999999046325684,3.0999999046325684
reduced,hero,shatter,24,5,3.3000001907348633,5.100000381469727,3.5,-1.6999998092651367,3.299999713897705
reduced,hero,shatter,56,10.800000190734863,4.200000286102295,13.400000095367432,4.300000190734863,-6.599999904632568,3.8999996185302734
reduced,trail,shatter,1,1,0.8000001907348633,1.0999999046325684,0.9000000953674316,-0.19999980926513672,1.4000000953674316
reduced,trail,shatter,12,3.6999998092651367,2,6.700000286102295,2.200000286102295,-1.6999998092651367,2
reduced,trail,shatter,64,7.400000095367432,4.800000190734863,10.099999904632568,4.900000095367432,-2.5999999046325684,5.199999809265137
reduced,impact,blizzard,1,1.799999713897705,0.7000002861022949,2.6999998092651367,0.8000001907348633,-1.0999994277954102,5.300000190734863
reduced,impact,blizzard,12,7.700000286102295,1.6999998092651367,8,1.8000001907348633,-6.000000476837158,1.9000000953674316
reduced,impact,blizzard,56,48.80000019073486,2.799999713897705,60,2.9000000953674316,-46.00000047683716,3.299999713897705
reduced,hero,blizzard,1,1.6999998092651367,0.7000002861022949,1.9000000953674316,0.8000001907348633,-0.9999995231628418,0.9000000953674316
reduced,hero,blizzard,12,8,1.6999998092651367,17.199999809265137,1.700000286102295,-6.300000190734863,1.700000286102295
reduced,hero,blizzard,23,14.699999809265137,2,16.40000009536743,2.0999999046325684,-12.699999809265137,1.8999996185302734
reduced,hero,blizzard,24,15.100000381469727,1.9000000953674316,16.5,2,-13.200000286102295,1.8999996185302734
reduced,hero,blizzard,56,34.299999713897705,2.700000286102295,39.69999980926514,2.8999996185302734,-31.59999942779541,2.6999998092651367
reduced,trail,blizzard,1,1.8000001907348633,0.7999997138977051,2,0.9000000953674316,-1.0000004768371582,1.5
reduced,trail,blizzard,12,9.099999904632568,2,15.400000095367432,2.200000286102295,-7.099999904632568,1.9000000953674316
reduced,trail,blizzard,64,15.5,4.799999713897705,20.09999990463257,5,-10.700000286102295,4.699999809265137
reduced,impact,snowburst,1,1.5,0.7000002861022949,1.6999998092651367,0.8000001907348633,-0.7999997138977051,4.799999713897705
reduced,impact,snowburst,12,6.200000286102295,1.6999998092651367,6.599999904632568,1.8000001907348633,-4.500000476837158,1.6999998092651367
reduced,impact,snowburst,56,27.40000009536743,2.799999713897705,33.19999980926514,2.9000000953674316,-24.600000381469727,3.1999998092651367
reduced,hero,snowburst,1,1.5999999046325684,0.7000002861022949,2.5,0.8000001907348633,-0.8999996185302734,0.6999998092651367
reduced,hero,snowburst,12,6.300000190734863,1.6999998092651367,6.800000190734863,1.8000001907348633,-4.600000381469727,1.6999998092651367
reduced,hero,snowburst,23,10.800000190734863,1.9000000953674316,11.400000095367432,2.0999999046325684,-8.900000095367432,1.9000000953674316
reduced,hero,snowburst,24,11.299999713897705,1.9000000953674316,17.199999809265137,2,-9.399999618530273,2
reduced,hero,snowburst,56,26.40000009536743,2.8999996185302734,27.199999809265137,5.099999904632568,-23.500000476837158,2.5999999046325684
reduced,trail,snowburst,1,1.5,0.8000001907348633,1.6999998092651367,1.0999999046325684,-0.6999998092651367,1.6999998092651367
reduced,trail,snowburst,12,7,2.0999999046325684,7.5,3.700000286102295,-4.900000095367432,2.1000003814697266
reduced,trail,snowburst,64,11,4.899999618530273,16.700000286102295,7.899999618530273,-6.100000381469727,5.300000190734863
reduced,impact,frostfire,1,0.9000000953674316,0.9000000953674316,1,1.4000000953674316,0,4.599999904632568
reduced,impact,frostfire,12,2.6999998092651367,2.799999713897705,2.9000000953674316,4.099999904632568,0.09999990463256836,2.6999998092651367
reduced,impact,frostfire,56,9.5,4,9.800000190734863,5.099999904632568,-5.5,3.9000000953674316
reduced,hero,frostfire,1,0.9000000953674316,0.8999996185302734,1,1,-4.76837158203125e-7,0.9000000953674316
reduced,hero,frostfire,12,2.6999998092651367,2.6999998092651367,2.8999996185302734,3.5999999046325684,0,2.6999998092651367
reduced,hero,frostfire,23,4.5,2.8999996185302734,6.099999904632568,3,-1.6000003814697266,2.9000000953674316
reduced,hero,frostfire,24,5.400000095367432,2.9000000953674316,10.699999809265137,3.0999999046325684,-2.5,3.0999999046325684
reduced,hero,frostfire,56,9.900000095367432,3.700000286102295,11.5,3.9000000953674316,-6.199999809265137,3.700000286102295
reduced,trail,frostfire,1,1,0.8000001907348633,1.700000286102295,0.9000000953674316,-0.19999980926513672,1.3000001907348633
reduced,trail,frostfire,12,4,2.0999999046325684,5,2.4000000953674316,-1.9000000953674316,2.1000003814697266
reduced,trail,frostfire,64,9.900000095367432,4.899999618530273,10.5,5.199999809265137,-5.000000476837158,4.800000190734863
reduced,impact,poison,1,0.7999997138977051,0.8000001907348633,0.8000001907348633,0.9000000953674316,4.76837158203125e-7,4.199999809265137
reduced,impact,poison,12,1.8000001907348633,1.9000000953674316,1.9000000953674316,2.200000286102295,0.09999990463256836,2
reduced,impact,poison,56,5.599999904632568,2.9000000953674316,5.800000190734863,3.200000286102295,-2.6999998092651367,3.299999713897705
reduced,hero,poison,1,0.7999997138977051,0.7999997138977051,0.9000000953674316,1.1000003814697266,0,1
reduced,hero,poison,12,1.8000001907348633,1.9000000953674316,2,3.3000001907348633,0.09999990463256836,2.3000001907348633
reduced,hero,poison,23,2.8000001907348633,2.1000003814697266,3,3,-0.6999998092651367,3.6000003814697266
reduced,hero,poison,24,2.9000000953674316,2.1999998092651367,3.200000286102295,3.4000000953674316,-0.7000002861022949,2.4000000953674316
reduced,hero,poison,56,5.599999904632568,2.9000000953674316,15,3.0999999046325684,-2.6999998092651367,3.1000003814697266
reduced,trail,poison,1,0.8000001907348633,0.7999997138977051,0.9000000953674316,0.9000000953674316,-4.76837158203125e-7,1.1000003814697266
reduced,trail,poison,12,2.5,2,2.6000003814697266,2.1000003814697266,-0.5,1.8999996185302734
reduced,trail,poison,64,6.099999904632568,4.799999713897705,11.699999809265137,5,-1.3000001907348633,4.599999904632568
reduced,impact,decay,1,1,0.9000000953674316,1.0999999046325684,1,-0.09999990463256836,3.8000001907348633
reduced,impact,decay,12,2.4000000953674316,2.5,2.5999999046325684,9.5,0.09999990463256836,2.299999713897705
reduced,impact,decay,56,8.300000190734863,3.5999999046325684,10.800000190734863,8.5,-4.700000286102295,4.099999904632568
reduced,hero,decay,1,1,0.9000000953674316,1.1999998092651367,1,-0.09999990463256836,1.1000003814697266
reduced,hero,decay,12,2.5,2.4000000953674316,2.700000286102295,2.5,-0.09999990463256836,2.3000001907348633
reduced,hero,decay,23,3.9000000953674316,2.6999998092651367,4.100000381469727,2.8999996185302734,-1.200000286102295,2.8000001907348633
reduced,hero,decay,24,4.099999904632568,2.799999713897705,4.199999809265137,2.9000000953674316,-1.3000001907348633,2.799999713897705
reduced,hero,decay,56,8.300000190734863,3.5,8.800000190734863,3.700000286102295,-4.800000190734863,3.6000003814697266
reduced,trail,decay,1,1,0.9000000953674316,1.200000286102295,1,-0.09999990463256836,1.3000001907348633
reduced,trail,decay,12,3.0999999046325684,2.1999998092651367,3.4000000953674316,2.3000001907348633,-0.9000000953674316,2.0999999046325684
reduced,trail,decay,64,6.699999809265137,5,12.599999904632568,5.200000286102295,-1.6999998092651367,5.300000190734863
reduced,impact,sweep,1,0.7000002861022949,0.8000001907348633,1,0.9000000953674316,0.09999990463256836,4.799999713897705
reduced,impact,sweep,12,1.5999999046325684,1.200000286102295,1.700000286102295,1.3000001907348633,-0.39999961853027344,1.8000001907348633
reduced,impact,sweep,56,5,2.3000001907348633,5.300000190734863,2.6000003814697266,-2.6999998092651367,2.1999998092651367
reduced,hero,sweep,1,0.6999998092651367,0.7999997138977051,0.7000002861022949,0.9000000953674316,0.09999990463256836,0.9000000953674316
reduced,hero,sweep,12,1.5999999046325684,1.0999999046325684,1.6999998092651367,1.200000286102295,-0.5,1.1000003814697266
reduced,hero,sweep,23,2.4000000953674316,1.4000000953674316,2.5999999046325684,1.5,-1,1.4000000953674316
reduced,hero,sweep,24,2.5,1.4000000953674316,2.700000286102295,1.799999713897705,-1.0999999046325684,1.5
reduced,hero,sweep,56,5.099999904632568,2.200000286102295,5.299999713897705,2.4000000953674316,-2.8999996185302734,2.0999999046325684
reduced,trail,sweep,1,0.7999997138977051,0.8000001907348633,0.9000000953674316,0.9000000953674316,4.76837158203125e-7,1.1000003814697266
reduced,trail,sweep,12,2.4000000953674316,2.0999999046325684,4.199999809265137,2.200000286102295,-0.3000001907348633,2.200000286102295
reduced,trail,sweep,64,8.5,5,9.100000381469727,5.800000190734863,-3.5,4.900000095367432
reduced,impact,lance,1,0.8000001907348633,0.9000000953674316,0.9000000953674316,1,0.09999990463256836,5
reduced,impact,lance,12,2.799999713897705,1.3000001907348633,3.5,1.4000000953674316,-1.4999995231628418,1.5999999046325684
reduced,impact,lance,56,10.700000286102295,2.5,11.699999809265137,2.5999999046325684,-8.200000286102295,2.6999998092651367
reduced,hero,lance,1,0.9000000953674316,0.8999996185302734,1.0999999046325684,0.9000000953674316,-4.76837158203125e-7,1.0999999046325684
reduced,hero,lance,12,2.700000286102295,1.299999713897705,3.0999999046325684,1.4000000953674316,-1.4000005722045898,1.6000003814697266
reduced,hero,lance,23,4.699999809265137,1.5999999046325684,7.200000286102295,1.6999998092651367,-3.0999999046325684,1.5999999046325684
reduced,hero,lance,24,4.599999904632568,1.5999999046325684,5.400000095367432,1.700000286102295,-3,1.5999999046325684
reduced,hero,lance,56,10.299999713897705,2.3999996185302734,10.900000095367432,2.5,-7.900000095367432,2.3000001907348633
reduced,trail,lance,1,0.9000000953674316,0.7999997138977051,1.1000003814697266,0.9000000953674316,-0.10000038146972656,1.1999998092651367
reduced,trail,lance,12,3.0999999046325684,2.0999999046325684,3.799999713897705,2.1999998092651367,-1,2
reduced,trail,lance,64,9,4.800000190734863,10.5,5.100000381469727,-4.199999809265137,5
reduced,impact,crossfire,1,0.7999997138977051,0.7999997138977051,0.9000000953674316,0.9000000953674316,0,3.9000000953674316
reduced,impact,crossfire,12,1.799999713897705,1.0999999046325684,2.200000286102295,1.200000286102295,-0.6999998092651367,1.5999999046325684
reduced,impact,crossfire,56,5.699999809265137,2.200000286102295,6.200000286102295,3,-3.499999523162842,2.3000001907348633
reduced,hero,crossfire,1,0.7000002861022949,0.7999997138977051,1,0.8999996185302734,0.09999942779541016,0.7999997138977051
reduced,hero,crossfire,12,1.700000286102295,1.0999999046325684,2.0999999046325684,1.200000286102295,-0.6000003814697266,1.200000286102295
reduced,hero,crossfire,23,2.8000001907348633,1.4000000953674316,6.099999904632568,2.0999999046325684,-1.4000000953674316,1.5
reduced,hero,crossfire,24,2.799999713897705,1.4000000953674316,3.1999998092651367,1.5,-1.3999996185302734,1.4000000953674316
reduced,hero,crossfire,56,5.599999904632568,2.1999998092651367,6.300000190734863,2.3000001907348633,-3.4000000953674316,2.3000001907348633
reduced,trail,crossfire,1,0.8000001907348633,0.7999997138977051,1,0.9000000953674316,-4.76837158203125e-7,1.1000003814697266
reduced,trail,crossfire,12,2.4000000953674316,2.0999999046325684,2.8000001907348633,2.1999998092651367,-0.3000001907348633,2.799999713897705
reduced,trail,crossfire,64,7.799999713897705,4.800000190734863,8.5,4.900000095367432,-2.999999523162842,4.899999618530273
reduced,impact,pulse,1,1.0999999046325684,0.8999996185302734,1.3000001907348633,0.9000000953674316,-0.20000028610229492,4.900000095367432
reduced,impact,pulse,12,4.199999809265137,2.8000001907348633,5.5,2.9000000953674316,-1.3999996185302734,2.700000286102295
reduced,impact,pulse,56,16.200000286102295,3.9000000953674316,19.800000190734863,4,-12.300000190734863,4
reduced,hero,pulse,1,1,0.8000001907348633,1.0999999046325684,0.9000000953674316,-0.19999980926513672,0.9000000953674316
reduced,hero,pulse,12,3.9000000953674316,2.8000001907348633,4.099999904632568,2.9000000953674316,-1.0999999046325684,2.6999998092651367
reduced,hero,pulse,23,6.800000190734863,3,7,3.1000003814697266,-3.8000001907348633,3
reduced,hero,pulse,24,7.099999904632568,3,7.300000190734863,3.1000003814697266,-4.099999904632568,3
reduced,hero,pulse,56,15.599999904632568,3.9000000953674316,16,4,-11.699999809265137,3.6999998092651367
reduced,trail,pulse,1,0.9000000953674316,0.7999997138977051,1,0.9000000953674316,-0.10000038146972656,1
reduced,trail,pulse,12,2.8000001907348633,2,3.5,2.1999998092651367,-0.8000001907348633,1.9000000953674316
reduced,trail,pulse,64,5.5,4.799999713897705,5.700000286102295,4.900000095367432,-0.7000002861022949,4.599999904632568
reduced,impact,supernova,1,1.0999999046325684,0.8000001907348633,1.200000286102295,0.9000000953674316,-0.2999997138977051,3.9000000953674316
reduced,impact,supernova,12,4.5,2.8000001907348633,4.700000286102295,2.9000000953674316,-1.6999998092651367,2.8000001907348633
reduced,impact,supernova,56,18.799999713897705,3.9000000953674316,19.199999809265137,4.900000095367432,-14.899999618530273,3.9000000953674316
reduced,hero,supernova,1,1.0999999046325684,0.8999996185302734,1.200000286102295,1,-0.20000028610229492,0.8999996185302734
reduced,hero,supernova,12,4.5,2.799999713897705,4.699999809265137,3,-1.700000286102295,2.799999713897705
reduced,hero,supernova,23,8,3,8.200000286102295,3.200000286102295,-5,3.3000001907348633
reduced,hero,supernova,24,8.300000190734863,3.0999999046325684,8.699999809265137,3.1999998092651367,-5.200000286102295,3.0999999046325684
reduced,hero,supernova,56,18.699999809265137,3.9000000953674316,18.90000009536743,4,-14.799999713897705,4.5
reduced,trail,supernova,1,1,0.7999997138977051,1.1999998092651367,0.9000000953674316,-0.20000028610229492,2.3000001907348633
reduced,trail,supernova,12,3.6999998092651367,2.0999999046325684,3.9000000953674316,2.200000286102295,-1.5999999046325684,2.1999998092651367
reduced,trail,supernova,64,7.900000095367432,4.800000190734863,8.099999904632568,5.5,-3.0999999046325684,4.900000095367432
reduced,impact,alchemist,1,0.7000002861022949,0.7999997138977051,0.8000001907348633,0.9000000953674316,0.09999942779541016,4.5
reduced,impact,alchemist,12,1.4000000953674316,1.5,1.5999999046325684,1.6000003814697266,0.09999990463256836,1.5
reduced,impact,alchemist,56,4.099999904632568,2.5999999046325684,4.400000095367432,2.700000286102295,-1.5,2.700000286102295
reduced,hero,alchemist,1,0.6999998092651367,0.7000002861022949,0.8000001907348633,0.8000001907348633,4.76837158203125e-7,0.6999998092651367
reduced,hero,alchemist,12,1.4000000953674316,1.5,1.5,1.5999999046325684,0.09999990463256836,1.5
reduced,hero,alchemist,23,2.1999998092651367,1.799999713897705,2.4000000953674316,1.9000000953674316,-0.40000009536743164,1.8000001907348633
reduced,hero,alchemist,24,2.1000003814697266,1.799999713897705,2.3000001907348633,1.9000000953674316,-0.3000006675720215,1.8000001907348633
reduced,hero,alchemist,56,4.300000190734863,2.6000003814697266,4.5,3,-1.6999998092651367,2.6000003814697266
reduced,trail,alchemist,1,0.8000001907348633,0.8000001907348633,0.9000000953674316,0.9000000953674316,0,1.1999998092651367
reduced,trail,alchemist,12,2.299999713897705,2,2.5,2.299999713897705,-0.2999997138977051,2
reduced,trail,alchemist,64,5.900000095367432,4.800000190734863,6.199999809265137,5,-1.0999999046325684,5.099999904632568
reduced,impact,mint,1,1.0999999046325684,0.7000002861022949,1.200000286102295,0.8000001907348633,-0.39999961853027344,4.799999713897705
reduced,impact,mint,12,3.5,1.6999998092651367,3.8000001907348633,1.8000001907348633,-1.8000001907348633,1.9000000953674316
reduced,impact,mint,56,12.799999713897705,2.8000001907348633,13.100000381469727,3.1999998092651367,-9.999999523162842,2.9000000953674316
reduced,hero,mint,1,1,0.7000002861022949,1.1000003814697266,0.8000001907348633,-0.2999997138977051,1
reduced,hero,mint,12,3.5,1.6999998092651367,3.700000286102295,1.8000001907348633,-1.8000001907348633,1.799999713897705
reduced,hero,mint,23,5.800000190734863,1.9000000953674316,6.300000190734863,2.1000003814697266,-3.9000000953674316,1.9000000953674316
reduced,hero,mint,24,6,1.9000000953674316,6.199999809265137,2,-4.099999904632568,1.9000000953674316
reduced,hero,mint,56,12.800000190734863,2.799999713897705,13.5,2.9000000953674316,-10.000000476837158,2.700000286102295
reduced,trail,mint,1,1.0999999046325684,0.8000001907348633,1.5999999046325684,0.9000000953674316,-0.2999997138977051,1.0999999046325684
reduced,trail,mint,12,3.5999999046325684,2,3.8000001907348633,2.200000286102295,-1.5999999046325684,2.0999999046325684
reduced,trail,mint,64,7.300000190734863,4.899999618530273,9,5,-2.40000057220459,4.699999809265137
reduced,impact,treasury,1,1,0.8000001907348633,1.1999998092651367,0.9000000953674316,-0.19999980926513672,4.099999904632568
reduced,impact,treasury,12,2.799999713897705,2.5999999046325684,3.6000003814697266,2.6999998092651367,-0.19999980926513672,2.6999998092651367
reduced,impact,treasury,56,9,3.6000003814697266,9.300000190734863,3.8000001907348633,-5.399999618530273,4.099999904632568
reduced,hero,treasury,1,1,0.8000001907348633,1.0999999046325684,0.9000000953674316,-0.19999980926513672,1
reduced,hero,treasury,12,2.6999998092651367,2.5,2.8000001907348633,3,-0.19999980926513672,2.4000000953674316
reduced,hero,treasury,23,4.299999713897705,2.8999996185302734,4.5,3,-1.4000000953674316,6.700000286102295
reduced,hero,treasury,24,4.400000095367432,2.8999996185302734,4.599999904632568,3,-1.5000004768371582,2.8999996185302734
reduced,hero,treasury,56,9,3.6999998092651367,13.099999904632568,3.8000001907348633,-5.300000190734863,4
reduced,trail,treasury,1,1,0.8000001907348633,1.1999998092651367,0.9000000953674316,-0.19999980926513672,1.299999713897705
reduced,trail,treasury,12,3.700000286102295,2.0999999046325684,3.9000000953674316,2.1999998092651367,-1.6000003814697266,2.3000001907348633
reduced,trail,treasury,64,7.199999809265137,4.800000190734863,7.400000095367432,5,-2.3999996185302734,4.700000286102295
reduced,impact,bargain,1,0.6999998092651367,0.7000002861022949,0.8000001907348633,0.8000001907348633,4.76837158203125e-7,4.400000095367432
reduced,impact,bargain,12,1.4000000953674316,1.5,1.5999999046325684,1.6000003814697266,0.09999990463256836,1.5999999046325684
reduced,impact,bargain,56,4.300000190734863,2.6000003814697266,4.5,2.700000286102295,-1.6999998092651367,2.8000001907348633
reduced,hero,bargain,1,0.6999998092651367,0.7000002861022949,0.8000001907348633,0.8999996185302734,4.76837158203125e-7,0.8000001907348633
reduced,hero,bargain,12,1.5,1.5,2,1.6999998092651367,0,1.5
reduced,hero,bargain,23,2.1999998092651367,1.799999713897705,2.4000000953674316,1.9000000953674316,-0.40000009536743164,1.6999998092651367
reduced,hero,bargain,24,2.4000000953674316,1.8000001907348633,3.1000003814697266,2,-0.5999999046325684,1.9000000953674316
reduced,hero,bargain,56,4.599999904632568,2.6000003814697266,4.699999809265137,2.8000001907348633,-1.9999995231628418,2.6999998092651367
reduced,trail,bargain,1,0.8999996185302734,0.7999997138977051,1,0.9000000953674316,-0.09999990463256836,0.9000000953674316
reduced,trail,bargain,12,2.6999998092651367,2,2.8000001907348633,2.3000001907348633,-0.6999998092651367,2.0999999046325684
reduced,trail,bargain,64,8.099999904632568,5.099999904632568,9.200000286102295,6.100000381469727,-3,5
reduced,impact,forge,1,0.8000001907348633,0.8000001907348633,0.9000000953674316,1.1999998092651367,0,9.299999713897705
reduced,impact,forge,12,1.8000001907348633,1.9000000953674316,1.9000000953674316,2.0999999046325684,0.09999990463256836,2.299999713897705
reduced,impact,forge,56,6.099999904632568,3.0999999046325684,9.900000095367432,3.3000001907348633,-3,3.3000001907348633
reduced,hero,forge,1,0.7999997138977051,0.8000001907348633,0.9000000953674316,0.9000000953674316,4.76837158203125e-7,0.8999996185302734
reduced,hero,forge,12,1.799999713897705,1.9000000953674316,1.9000000953674316,2.0999999046325684,0.10000038146972656,2.1999998092651367
reduced,hero,forge,23,2.700000286102295,2.1999998092651367,2.9000000953674316,2.5,-0.5000004768371582,2.0999999046325684
reduced,hero,forge,24,2.8000001907348633,2.200000286102295,3,2.5,-0.5999999046325684,2.6999998092651367
reduced,hero,forge,56,5.700000286102295,3.0999999046325684,5.899999618530273,3.3000001907348633,-2.6000003814697266,3
reduced,trail,forge,1,0.8000001907348633,0.8000001907348633,1,0.9000000953674316,0,1.6999998092651367
reduced,trail,forge,12,2.5,2.1999998092651367,2.9000000953674316,2.3000001907348633,-0.3000001907348633,2.3000001907348633
reduced,trail,forge,64,6.199999809265137,5,7.199999809265137,5.200000286102295,-1.1999998092651367,5.099999904632568
reduced,impact,jackpot,1,0.8999996185302734,0.8999996185302734,1.200000286102295,1,0,4
reduced,impact,jackpot,12,2.1999998092651367,2.3000001907348633,2.3000001907348633,2.4000000953674316,0.10000038146972656,2.299999713897705
reduced,impact,jackpot,56,7.400000095367432,3.5,7.800000190734863,3.6999998092651367,-3.9000000953674316,3.5999999046325684
reduced,hero,jackpot,1,0.8000001907348633,0.8000001907348633,0.9000000953674316,1,0,1
reduced,hero,jackpot,12,2.1999998092651367,2.299999713897705,2.3000001907348633,2.4000000953674316,0.09999990463256836,2.200000286102295
reduced,hero,jackpot,23,3.5,2.5999999046325684,4.199999809265137,3.4000000953674316,-0.9000000953674316,2.6999998092651367
reduced,hero,jackpot,24,3.5999999046325684,2.5999999046325684,3.700000286102295,2.799999713897705,-1,2.6000003814697266
reduced,hero,jackpot,56,7.399999618530273,3.4000000953674316,7.799999713897705,3.5999999046325684,-3.999999523162842,3.3999996185302734
reduced,trail,jackpot,1,0.9000000953674316,0.8000001907348633,1,0.9000000953674316,-0.09999990463256836,1.200000286102295
reduced,trail,jackpot,12,3,2.1999998092651367,3.0999999046325684,2.4000000953674316,-0.8000001907348633,2.1999998092651367
reduced,trail,jackpot,64,6.5,5.099999904632568,7.900000095367432,5.5,-1.4000000953674316,5.599999904632568
reduced,impact,bounty,1,0.9000000953674316,0.8000001907348633,1,0.9000000953674316,-0.09999990463256836,4.400000095367432
reduced,impact,bounty,12,2.5999999046325684,2.5999999046325684,2.8000001907348633,3,0,2.8000001907348633
reduced,impact,bounty,56,8.799999713897705,3.9000000953674316,10.099999904632568,5.800000190734863,-4.899999618530273,4.300000190734863
reduced,hero,bounty,1,0.8999996185302734,0.8000001907348633,1,0.9000000953674316,-0.09999942779541016,1.1000003814697266
reduced,hero,bounty,12,2.5999999046325684,2.5999999046325684,2.700000286102295,2.8000001907348633,0,2.4000000953674316
reduced,hero,bounty,23,4.199999809265137,2.9000000953674316,4.400000095367432,3.0999999046325684,-1.299999713897705,3
reduced,hero,bounty,24,4.400000095367432,2.9000000953674316,5.199999809265137,3.0999999046325684,-1.5,3
reduced,hero,bounty,56,8.800000190734863,3.799999713897705,9.200000286102295,4,-5.000000476837158,3.5999999046325684
reduced,trail,bounty,1,0.9000000953674316,0.8000001907348633,1,0.9000000953674316,-0.09999990463256836,1.3000001907348633
reduced,trail,bounty,12,3.1000003814697266,2.0999999046325684,3.3000001907348633,2.299999713897705,-1.0000004768371582,2
reduced,trail,bounty,64,6.700000286102295,5,7,5.299999713897705,-1.700000286102295,4.800000190734863
reduced,impact,specialist,1,0.8999996185302734,0.9000000953674316,0.9000000953674316,1,4.76837158203125e-7,4.400000095367432
reduced,impact,specialist,12,2.0999999046325684,2.1999998092651367,2.299999713897705,2.4000000953674316,0.09999990463256836,2.0999999046325684
reduced,impact,specialist,56,6.799999713897705,3.299999713897705,8.299999713897705,3.6000003814697266,-3.5,3.5
reduced,hero,specialist,1,0.8000001907348633,0.8000001907348633,0.9000000953674316,0.9000000953674316,0,1.1999998092651367
reduced,hero,specialist,12,2.0999999046325684,2.0999999046325684,2.200000286102295,2.200000286102295,0,2.200000286102295
reduced,hero,specialist,23,3.299999713897705,2.3000001907348633,3.4000000953674316,2.5,-0.9999995231628418,2.8000001907348633
reduced,hero,specialist,24,3.4000000953674316,2.4000000953674316,4.399999618530273,2.5999999046325684,-1,2.4000000953674316
reduced,hero,specialist,56,6.700000286102295,3.3000001907348633,7.299999713897705,4.099999904632568,-3.4000000953674316,3.5
reduced,trail,specialist,1,0.9000000953674316,0.8000001907348633,1,0.9000000953674316,-0.09999990463256836,1.1999998092651367
reduced,trail,specialist,12,2.9000000953674316,2.0999999046325684,3.0999999046325684,2.3000001907348633,-0.8000001907348633,2.200000286102295
reduced,trail,specialist,64,6.5,5,6.799999713897705,5.199999809265137,-1.5,5
reduced,impact,resonance,1,0.9000000953674316,0.9000000953674316,1,1,0,4.800000190734863
reduced,impact,resonance,12,2.4000000953674316,2.4000000953674316,2.5999999046325684,2.5999999046325684,0,2.6999998092651367
reduced,impact,resonance,56,8.600000381469727,3.5999999046325684,8.800000190734863,4.799999713897705,-5.000000476837158,3.6999998092651367
reduced,hero,resonance,1,0.8999996185302734,0.8000001907348633,1,0.9000000953674316,-0.09999942779541016,1
reduced,hero,resonance,12,2.4000000953674316,2.4000000953674316,2.5,2.5999999046325684,0,2.5
reduced,hero,resonance,23,3.9000000953674316,2.700000286102295,4.099999904632568,2.9000000953674316,-1.1999998092651367,3.3000001907348633
reduced,hero,resonance,24,4.099999904632568,2.700000286102295,4.200000286102295,2.8999996185302734,-1.3999996185302734,3
reduced,hero,resonance,56,8.5,3.5999999046325684,8.799999713897705,4.5,-4.900000095367432,3.799999713897705
reduced,trail,resonance,1,0.8999996185302734,0.8000001907348633,1,0.9000000953674316,-0.09999942779541016,1
reduced,trail,resonance,12,2.299999713897705,2.0999999046325684,2.4000000953674316,2.299999713897705,-0.19999980926513672,2.3000001907348633
reduced,trail,resonance,64,5.099999904632568,4.900000095367432,6.199999809265137,5.099999904632568,-0.19999980926513672,4.800000190734863
reduced,impact,corehunter,1,0.7000002861022949,0.7999997138977051,0.9000000953674316,0.9000000953674316,0.09999942779541016,4.699999809265137
reduced,impact,corehunter,12,1.5999999046325684,1.5999999046325684,1.8000001907348633,1.700000286102295,0,1.6999998092651367
reduced,impact,corehunter,56,4.800000190734863,2.700000286102295,5.199999809265137,2.8000001907348633,-2.0999999046325684,2.8000001907348633
reduced,hero,corehunter,1,0.7000002861022949,0.7999997138977051,1,0.9000000953674316,0.09999942779541016,1
reduced,hero,corehunter,12,1.5999999046325684,1.5999999046325684,1.700000286102295,1.700000286102295,0,1.6999998092651367
reduced,hero,corehunter,23,2.3999996185302734,1.9000000953674316,2.5,2,-0.4999995231628418,2
reduced,hero,corehunter,24,2.4000000953674316,1.9000000953674316,2.5,2.5,-0.5,1.8999996185302734
reduced,hero,corehunter,56,4.799999713897705,2.799999713897705,4.900000095367432,2.9000000953674316,-2,2.799999713897705
reduced,trail,corehunter,1,0.9000000953674316,0.8000001907348633,1,0.9000000953674316,-0.09999990463256836,1.200000286102295
reduced,trail,corehunter,12,3,2.1999998092651367,4.400000095367432,2.3000001907348633,-0.8000001907348633,2.5
reduced,trail,corehunter,64,9.199999809265137,5.099999904632568,9.599999904632568,5.300000190734863,-4.099999904632568,5.300000190734863
reduced,impact,roulette,1,0.8000001907348633,0.8000001907348633,0.9000000953674316,0.9000000953674316,0,5
reduced,impact,roulette,12,2.200000286102295,2.3000001907348633,2.3999996185302734,3.3000001907348633,0.09999990463256836,2.3000001907348633
reduced,impact,roulette,56,7.5,3.5,7.800000190734863,4.900000095367432,-4,4
reduced,hero,roulette,1,0.8000001907348633,0.8000001907348633,0.9000000953674316,1,0,1.0999999046325684
reduced,hero,roulette,12,2.1999998092651367,2.3000001907348633,2.3000001907348633,2.8000001907348633,0.10000038146972656,2.5
reduced,hero,roulette,23,3.5,2.6000003814697266,3.6999998092651367,2.8000001907348633,-0.8999996185302734,2.700000286102295
reduced,hero,roulette,24,3.5999999046325684,2.5999999046325684,3.8000001907348633,2.8000001907348633,-1,3
reduced,hero,roulette,56,7.599999904632568,3.5,7.800000190734863,3.9000000953674316,-4.099999904632568,3.5999999046325684
reduced,trail,roulette,1,0.9000000953674316,0.8000001907348633,1,0.9000000953674316,-0.09999990463256836,1.3000001907348633
reduced,trail,roulette,12,3.4000000953674316,2.1999998092651367,3.5,2.5,-1.200000286102295,2
reduced,trail,roulette,64,9.400000095367432,5.100000381469727,9.699999809265137,6.200000286102295,-4.299999713897705,4.900000095367432
reduced,impact,boomerang,1,0.7000002861022949,0.8000001907348633,0.8000001907348633,1,0.09999990463256836,4.099999904632568
reduced,impact,boomerang,12,1.5999999046325684,1.8000001907348633,1.700000286102295,2,0.20000028610229492,1.8000001907348633
reduced,impact,boomerang,56,5.099999904632568,2.9000000953674316,5.700000286102295,3.0999999046325684,-2.1999998092651367,3.0999999046325684
reduced,hero,boomerang,1,0.7000002861022949,0.7999997138977051,0.8000001907348633,1,0.09999942779541016,0.6999998092651367
reduced,hero,boomerang,12,1.5999999046325684,1.6999998092651367,1.700000286102295,1.8000001907348633,0.09999990463256836,1.799999713897705
reduced,hero,boomerang,23,2.4000000953674316,2,2.5999999046325684,2.0999999046325684,-0.40000009536743164,2.3000001907348633
reduced,hero,boomerang,24,2.5,2,2.6000003814697266,2,-0.5,2
reduced,hero,boomerang,56,5,2.8000001907348633,5.099999904632568,2.9000000953674316,-2.1999998092651367,3
reduced,trail,boomerang,1,0.8000001907348633,0.8000001907348633,0.9000000953674316,1.799999713897705,0,1.0999999046325684
reduced,trail,boomerang,12,2.6999998092651367,2.299999713897705,2.8000001907348633,2.5,-0.40000009536743164,2.4000000953674316
reduced,trail,boomerang,64,8.700000286102295,5,9.099999904632568,7.300000190734863,-3.700000286102295,5.099999904632568
reduced,impact,wormhole,1,0.9000000953674316,0.9000000953674316,1,1.0999999046325684,0,4.800000190734863
reduced,impact,wormhole,12,2.700000286102295,2.8000001907348633,2.8999996185302734,3.3000001907348633,0.09999990463256836,2.8000001907348633
reduced,impact,wormhole,56,9.599999904632568,3.9000000953674316,10.099999904632568,4.200000286102295,-5.699999809265137,4.300000190734863
reduced,hero,wormhole,1,0.9000000953674316,0.9000000953674316,1,1,0,0.8999996185302734
reduced,hero,wormhole,12,2.700000286102295,2.8000001907348633,2.8000001907348633,3,0.09999990463256836,2.5
reduced,hero,wormhole,23,4.400000095367432,3.0999999046325684,4.599999904632568,3.3000001907348633,-1.3000001907348633,3.0999999046325684
reduced,hero,wormhole,24,4.599999904632568,3.1999998092651367,4.800000190734863,3.3000001907348633,-1.4000000953674316,3.5999999046325684
reduced,hero,wormhole,56,9.799999713897705,4,21.200000286102295,4.300000190734863,-5.799999713897705,4
reduced,trail,wormhole,1,1,0.8000001907348633,1.0999999046325684,0.9000000953674316,-0.19999980926513672,1.1999998092651367
reduced,trail,wormhole,12,3.4000000953674316,2.1999998092651367,3.5999999046325684,2.4000000953674316,-1.200000286102295,2.0999999046325684
reduced,trail,wormhole,64,9.099999904632568,5.200000286102295,9.699999809265137,6,-3.8999996185302734,4.900000095367432
reduced,impact,spectral,1,1.4000000953674316,0.9000000953674316,1.5999999046325684,1.0999999046325684,-0.5,5.5
reduced,impact,spectral,12,5.199999809265137,1.9000000953674316,5.700000286102295,2.1000003814697266,-3.299999713897705,2.200000286102295
reduced,impact,spectral,56,20.5,3.0999999046325684,24,3.299999713897705,-17.40000009536743,3.5999999046325684
reduced,hero,spectral,1,1.4000000953674316,0.9000000953674316,1.5,1,-0.5,1
reduced,hero,spectral,12,5.099999904632568,1.9000000953674316,5.200000286102295,2,-3.1999998092651367,2.200000286102295
reduced,hero,spectral,23,8.800000190734863,2.1999998092651367,9.099999904632568,2.4000000953674316,-6.600000381469727,2.200000286102295
reduced,hero,spectral,24,9.199999809265137,2.1999998092651367,10.800000190734863,2.3000001907348633,-7,2.5
reduced,hero,spectral,56,20.199999809265137,3.0999999046325684,20.700000286102295,3.5999999046325684,-17.09999990463257,2.8999996185302734
reduced,trail,spectral,1,1.3000001907348633,1,1.4000000953674316,1.0999999046325684,-0.3000001907348633,1.799999713897705
reduced,trail,spectral,12,3.700000286102295,2.3000001907348633,4.100000381469727,2.5,-1.4000000953674316,2.299999713897705
reduced,trail,spectral,64,9.199999809265137,5.199999809265137,10.199999809265137,5.5,-4,5.300000190734863
reduced,impact,timeslip,1,0.7999997138977051,0.8000001907348633,0.9000000953674316,0.9000000953674316,4.76837158203125e-7,4.599999904632568
reduced,impact,timeslip,12,1.700000286102295,1.8000001907348633,2,1.9000000953674316,0.09999990463256836,2
reduced,impact,timeslip,56,5.599999904632568,2.9000000953674316,5.800000190734863,3.0999999046325684,-2.6999998092651367,3
reduced,hero,timeslip,1,0.7999997138977051,0.8000001907348633,0.9000000953674316,0.9000000953674316,4.76837158203125e-7,0.9000000953674316
reduced,hero,timeslip,12,1.799999713897705,1.799999713897705,1.9000000953674316,1.9000000953674316,0,1.8999996185302734
reduced,hero,timeslip,23,2.6999998092651367,2.0999999046325684,2.9000000953674316,2.200000286102295,-0.5999999046325684,2.1999998092651367
reduced,hero,timeslip,24,2.700000286102295,2.0999999046325684,2.9000000953674316,2.200000286102295,-0.6000003814697266,2.1999998092651367
reduced,hero,timeslip,56,5.5,3,5.700000286102295,3.1000003814697266,-2.5,3.1999998092651367
reduced,trail,timeslip,1,0.9000000953674316,0.8000001907348633,1.0999999046325684,0.9000000953674316,-0.09999990463256836,1.1999998092651367
reduced,trail,timeslip,12,2.9000000953674316,2.1000003814697266,3.0999999046325684,2.4000000953674316,-0.7999997138977051,2.1999998092651367
reduced,trail,timeslip,64,8.899999618530273,5.099999904632568,9,5.800000190734863,-3.799999713897705,5
reduced,impact,buzzsaw,1,1.0999999046325684,0.7999997138977051,1.200000286102295,0.9000000953674316,-0.3000001907348633,5.800000190734863
reduced,impact,buzzsaw,12,3.799999713897705,1.799999713897705,3.9000000953674316,1.9000000953674316,-2,2.4000000953674316
reduced,impact,buzzsaw,56,14.799999713897705,2.9000000953674316,15,3.0999999046325684,-11.899999618530273,3.0999999046325684
reduced,hero,buzzsaw,1,1.0999999046325684,0.7999997138977051,1.1999998092651367,0.9000000953674316,-0.3000001907348633,1
reduced,hero,buzzsaw,12,3.700000286102295,1.799999713897705,3.9000000953674316,1.9000000953674316,-1.9000005722045898,1.700000286102295
reduced,hero,buzzsaw,23,6.400000095367432,2,6.600000381469727,2.200000286102295,-4.400000095367432,2.299999713897705
reduced,hero,buzzsaw,24,6.700000286102295,2,17.5,2.1999998092651367,-4.700000286102295,2
reduced,hero,buzzsaw,56,14.599999904632568,2.9000000953674316,15,3.0999999046325684,-11.699999809265137,2.8999996185302734
reduced,trail,buzzsaw,1,1.0999999046325684,0.9000000953674316,1.200000286102295,1,-0.19999980926513672,1.3000001907348633
reduced,trail,buzzsaw,12,4,2.5,4.100000381469727,2.6999998092651367,-1.5,2.4000000953674316
reduced,trail,buzzsaw,64,8.100000381469727,5.200000286102295,8.299999713897705,5.699999809265137,-2.9000000953674316,5.199999809265137
reduced,impact,siegebreaker,1,0.7000002861022949,0.8000001907348633,0.9000000953674316,0.9000000953674316,0.09999990463256836,3.8000001907348633
reduced,impact,siegebreaker,12,1.6999998092651367,1.8000001907348633,1.8000001907348633,1.9000000953674316,0.10000038146972656,1.9000000953674316
reduced,impact,siegebreaker,56,5.299999713897705,2.9000000953674316,5.400000095367432,3.0999999046325684,-2.3999996185302734,3
reduced,hero,siegebreaker,1,0.7000002861022949,0.8000001907348633,0.8000001907348633,0.9000000953674316,0.09999990463256836,0.9000000953674316
reduced,hero,siegebreaker,12,1.6999998092651367,1.8000001907348633,1.8000001907348633,2.200000286102295,0.10000038146972656,1.5999999046325684
reduced,hero,siegebreaker,23,2.5999999046325684,2.0999999046325684,2.9000000953674316,2.1999998092651367,-0.5,1.9000000953674316
reduced,hero,siegebreaker,24,2.6000003814697266,2.0999999046325684,2.8000001907348633,2.200000286102295,-0.5000004768371582,2.0999999046325684
reduced,hero,siegebreaker,56,5.300000190734863,2.9000000953674316,5.599999904632568,3.0999999046325684,-2.4000000953674316,2.9000000953674316
reduced,trail,siegebreaker,1,0.8000001907348633,0.8000001907348633,0.9000000953674316,1,0,1.1000003814697266
reduced,trail,siegebreaker,12,2.5999999046325684,2.1999998092651367,2.700000286102295,2.3000001907348633,-0.40000009536743164,2.1999998092651367
reduced,trail,siegebreaker,64,7.200000286102295,5,7.599999904632568,5.100000381469727,-2.200000286102295,4.799999713897705
reduced,impact,threadweaver,1,0.7999997138977051,0.8000001907348633,0.9000000953674316,0.9000000953674316,4.76837158203125e-7,4.5
reduced,impact,threadweaver,12,1.9000000953674316,2,2,2.200000286102295,0.09999990463256836,2.1000003814697266
reduced,impact,threadweaver,56,6.299999713897705,3.0999999046325684,7.099999904632568,3.3000001907348633,-3.1999998092651367,3.299999713897705
reduced,hero,threadweaver,1,0.7999997138977051,0.8000001907348633,0.9000000953674316,0.9000000953674316,4.76837158203125e-7,1
reduced,hero,threadweaver,12,1.9000000953674316,1.9000000953674316,2,2.0999999046325684,0,2
reduced,hero,threadweaver,23,3,2.299999713897705,3.0999999046325684,2.3000001907348633,-0.7000002861022949,2.0999999046325684
reduced,hero,threadweaver,24,3.0999999046325684,2.200000286102295,3.200000286102295,2.3000001907348633,-0.8999996185302734,2.299999713897705
reduced,hero,threadweaver,56,6.299999713897705,3,9.700000286102295,5.400000095367432,-3.299999713897705,3
reduced,trail,threadweaver,1,0.9000000953674316,0.8000001907348633,1,1,-0.09999990463256836,1.0999999046325684
reduced,trail,threadweaver,12,2.9000000953674316,2.1999998092651367,3,2.4000000953674316,-0.7000002861022949,2.0999999046325684
reduced,trail,threadweaver,64,8.099999904632568,5.199999809265137,8.199999809265137,6.200000286102295,-2.9000000953674316,5.200000286102295
reduced,impact,transmute,1,0.7000002861022949,0.8000001907348633,0.8000001907348633,0.9000000953674316,0.09999990463256836,4.299999713897705
reduced,impact,transmute,12,1.5999999046325684,1.799999713897705,1.6999998092651367,2.0999999046325684,0.19999980926513672,2
reduced,impact,transmute,56,4.600000381469727,2.700000286102295,4.800000190734863,3.1000003814697266,-1.9000000953674316,2.9000000953674316
reduced,hero,transmute,1,0.6999998092651367,0.7999997138977051,0.8000001907348633,0.9000000953674316,0.09999990463256836,0.9000000953674316
reduced,hero,transmute,12,1.5,1.5999999046325684,1.6999998092651367,1.700000286102295,0.09999990463256836,1.5999999046325684
reduced,hero,transmute,23,2.3000001907348633,1.9000000953674316,2.5,2,-0.40000009536743164,2
reduced,hero,transmute,24,2.3999996185302734,1.9000000953674316,2.5,2,-0.4999995231628418,2.1999998092651367
reduced,hero,transmute,56,4.699999809265137,2.700000286102295,4.900000095367432,3,-1.9999995231628418,2.5999999046325684
reduced,trail,transmute,1,0.8000001907348633,0.8000001907348633,1,0.9000000953674316,0,1.5
reduced,trail,transmute,12,2.5999999046325684,2.0999999046325684,2.700000286102295,2.5,-0.5,2
reduced,trail,transmute,64,6.400000095367432,4.900000095367432,8.799999713897705,5.899999618530273,-1.5,5.299999713897705
reduced,impact,infection,1,1.0999999046325684,0.7999997138977051,1.3000001907348633,0.9000000953674316,-0.3000001907348633,5
reduced,impact,infection,12,3.8999996185302734,1.799999713897705,4.099999904632568,2,-2.0999999046325684,2.3000001907348633
reduced,impact,infection,56,15.199999809265137,2.8999996185302734,17.5,3.700000286102295,-12.300000190734863,3.0999999046325684
reduced,hero,infection,1,1.0999999046325684,0.7999997138977051,1.1999998092651367,0.8999996185302734,-0.3000001907348633,0.7999997138977051
reduced,hero,infection,12,3.700000286102295,1.700000286102295,3.9000000953674316,1.8000001907348633,-2,1.6999998092651367
reduced,hero,infection,23,6.5,2,8.199999809265137,2.0999999046325684,-4.5,2
reduced,hero,infection,24,6.800000190734863,2,10.799999713897705,2.0999999046325684,-4.800000190734863,2
reduced,hero,infection,56,14.600000381469727,2.8000001907348633,15.599999904632568,3,-11.800000190734863,2.700000286102295
reduced,trail,infection,1,1.0999999046325684,0.8000001907348633,1.200000286102295,1,-0.2999997138977051,1.3000001907348633
reduced,trail,infection,12,3.9000000953674316,2.0999999046325684,5.199999809265137,2.200000286102295,-1.8000001907348633,2
reduced,trail,infection,64,7.600000381469727,4.900000095367432,7.900000095367432,5,-2.700000286102295,5.199999809265137
reduced,impact,contract,1,0.8000001907348633,0.8000001907348633,0.9000000953674316,0.9000000953674316,0,4.5
reduced,impact,contract,12,1.5999999046325684,1.6999998092651367,2.6999998092651367,1.8000001907348633,0.09999990463256836,1.6000003814697266
reduced,impact,contract,56,4.900000095367432,2.799999713897705,5.600000381469727,2.9000000953674316,-2.1000003814697266,3.0999999046325684
reduced,hero,contract,1,0.7000002861022949,0.7999997138977051,0.8000001907348633,0.9000000953674316,0.09999942779541016,0.9000000953674316
reduced,hero,contract,12,1.5999999046325684,1.6000003814697266,2.8000001907348633,1.799999713897705,4.76837158203125e-7,1.8999996185302734
reduced,hero,contract,23,2.4000000953674316,1.9000000953674316,2.5999999046325684,2,-0.5,2.0999999046325684
reduced,hero,contract,24,2.4000000953674316,1.9000000953674316,2.5,2,-0.5,2.3000001907348633
reduced,hero,contract,56,4.799999713897705,2.799999713897705,5,2.9000000953674316,-2,2.6999998092651367
reduced,trail,contract,1,0.8000001907348633,0.8000001907348633,0.9000000953674316,0.9000000953674316,0,1.0999999046325684
reduced,trail,contract,12,2.299999713897705,2.0999999046325684,2.4000000953674316,2.200000286102295,-0.19999980926513672,2
reduced,trail,contract,64,5.899999618530273,4.899999618530273,6,5,-1,4.800000190734863
reduced,impact,nailburst,1,0.9000000953674316,0.9000000953674316,1,1,0,4.599999904632568
reduced,impact,nailburst,12,2.5999999046325684,2.6999998092651367,2.799999713897705,2.9000000953674316,0.09999990463256836,2.6999998092651367
reduced,impact,nailburst,56,9.300000190734863,3.799999713897705,9.599999904632568,4.699999809265137,-5.500000476837158,3.8000001907348633
reduced,hero,nailburst,1,0.9000000953674316,0.8000001907348633,1.0999999046325684,1,-0.09999990463256836,1
reduced,hero,nailburst,12,2.5999999046325684,2.5999999046325684,2.700000286102295,2.799999713897705,0,2.6999998092651367
reduced,hero,nailburst,23,4.200000286102295,2.8000001907348633,4.300000190734863,3,-1.4000000953674316,3.3000001907348633
reduced,hero,nailburst,24,4.300000190734863,2.9000000953674316,4.400000095367432,3.0999999046325684,-1.4000000953674316,2.9000000953674316
reduced,hero,nailburst,56,9.300000190734863,3.6000003814697266,9.599999904632568,3.9000000953674316,-5.699999809265137,4
reduced,trail,nailburst,1,1,0.8000001907348633,1.0999999046325684,0.9000000953674316,-0.19999980926513672,1.5
reduced,trail,nailburst,12,3.5999999046325684,2.0999999046325684,3.8000001907348633,2.200000286102295,-1.5,2.4000000953674316
reduced,trail,nailburst,64,7.900000095367432,5,8.199999809265137,7.599999904632568,-2.9000000953674316,4.900000095367432
reduced,impact,pendulum,1,0.7000002861022949,1.299999713897705,0.8000001907348633,2.4000000953674316,0.5999994277954102,8.400000095367432
reduced,impact,pendulum,12,1.5999999046325684,2.4000000953674316,1.8000001907348633,3.3000001907348633,0.8000001907348633,3.200000286102295
reduced,impact,pendulum,56,5.099999904632568,3,5.300000190734863,4.299999713897705,-2.0999999046325684,3.3999996185302734
reduced,hero,pendulum,1,0.7000002861022949,0.7999997138977051,0.8000001907348633,0.9000000953674316,0.09999942779541016,1
reduced,hero,pendulum,12,1.5999999046325684,1.6999998092651367,1.700000286102295,1.9000000953674316,0.09999990463256836,2
reduced,hero,pendulum,23,2.4000000953674316,2,2.6000003814697266,2.0999999046325684,-0.40000009536743164,2.0999999046325684
reduced,hero,pendulum,24,2.5,2,2.700000286102295,2.6999998092651367,-0.5,2.1999998092651367
reduced,hero,pendulum,56,5,2.8999996185302734,5.200000286102295,3,-2.1000003814697266,2.9000000953674316
reduced,trail,pendulum,1,0.9000000953674316,0.8000001907348633,1,0.9000000953674316,-0.09999990463256836,1.4000000953674316
reduced,trail,pendulum,12,3,2.0999999046325684,3.1999998092651367,2.3000001907348633,-0.9000000953674316,2.0999999046325684
reduced,trail,pendulum,64,9.200000286102295,5,9.5,5.200000286102295,-4.200000286102295,5.199999809265137
reduced,impact,fusepath,1,0.6999998092651367,0.7999997138977051,0.8000001907348633,0.9000000953674316,0.09999990463256836,4.699999809265137
reduced,impact,fusepath,12,1.3000001907348633,1.4000000953674316,1.4000000953674316,1.5,0.09999990463256836,2
reduced,impact,fusepath,56,3.700000286102295,2.5,3.9000000953674316,2.700000286102295,-1.200000286102295,2.799999713897705
reduced,hero,fusepath,1,0.6999998092651367,0.7000002861022949,0.8000001907348633,0.8000001907348633,4.76837158203125e-7,1.299999713897705
reduced,hero,fusepath,12,1.3000001907348633,1.4000000953674316,1.5,1.5,0.09999990463256836,1.3000001907348633
reduced,hero,fusepath,23,1.9000000953674316,1.6999998092651367,2.799999713897705,1.8000001907348633,-0.20000028610229492,2
reduced,hero,fusepath,24,2.0999999046325684,1.6999998092651367,2.4000000953674316,1.8000001907348633,-0.40000009536743164,1.799999713897705
reduced,hero,fusepath,56,3.700000286102295,2.5,3.9000000953674316,2.6999998092651367,-1.200000286102295,3.1999998092651367
reduced,trail,fusepath,1,0.8000001907348633,0.8000001907348633,0.9000000953674316,0.9000000953674316,0,1.200000286102295
reduced,trail,fusepath,12,2.6999998092651367,2.0999999046325684,2.8000001907348633,2.200000286102295,-0.5999999046325684,2
reduced,trail,fusepath,64,8.900000095367432,4.900000095367432,9.200000286102295,5.099999904632568,-4,4.800000190734863
reduced,impact,firewheel,1,1,0.8000001907348633,1.5,0.9000000953674316,-0.19999980926513672,8.099999904632568
reduced,impact,firewheel,12,2.5,2.5,2.8000001907348633,2.5999999046325684,0,2.5
reduced,impact,firewheel,56,8.699999809265137,3.5999999046325684,8.899999618530273,4.700000286102295,-5.099999904632568,3.700000286102295
reduced,hero,firewheel,1,0.8999996185302734,0.8000001907348633,1,0.9000000953674316,-0.09999942779541016,1
reduced,hero,firewheel,12,2.5,2.5,2.5999999046325684,2.5999999046325684,0,2.4000000953674316
reduced,hero,firewheel,23,4,2.799999713897705,4.199999809265137,2.9000000953674316,-1.200000286102295,3.4000000953674316
reduced,hero,firewheel,24,4.100000381469727,2.700000286102295,4.400000095367432,2.8000001907348633,-1.4000000953674316,2.9000000953674316
reduced,hero,firewheel,56,8.699999809265137,3.5999999046325684,8.800000190734863,3.6999998092651367,-5.099999904632568,4.200000286102295
reduced,trail,firewheel,1,1,0.8000001907348633,1.1999998092651367,0.9000000953674316,-0.19999980926513672,1.4000000953674316
reduced,trail,firewheel,12,3.6000003814697266,2.0999999046325684,3.8000001907348633,2.200000286102295,-1.5000004768371582,2.5999999046325684
reduced,trail,firewheel,64,9.800000190734863,4.900000095367432,10.599999904632568,5,-4.900000095367432,4.800000190734863
reduced,impact,rhythm,1,0.9000000953674316,0.8999996185302734,1,0.9000000953674316,-4.76837158203125e-7,6.400000095367432
reduced,impact,rhythm,12,2.6000003814697266,2.5999999046325684,2.9000000953674316,2.8000001907348633,-4.76837158203125e-7,2.799999713897705
reduced,impact,rhythm,56,9.199999809265137,3.6999998092651367,9.599999904632568,3.8000001907348633,-5.5,4.300000190734863
reduced,hero,rhythm,1,0.8999996185302734,0.8000001907348633,1,0.9000000953674316,-0.09999942779541016,1.3000001907348633
reduced,hero,rhythm,12,2.5,2.5999999046325684,2.8000001907348633,2.8000001907348633,0.09999990463256836,2.5999999046325684
reduced,hero,rhythm,23,4.199999809265137,2.8000001907348633,4.400000095367432,3,-1.3999996185302734,2.9000000953674316
reduced,hero,rhythm,24,4.400000095367432,2.9000000953674316,4.5,3,-1.5,2.799999713897705
reduced,hero,rhythm,56,9.199999809265137,3.6999998092651367,9.5,3.9000000953674316,-5.5,3.6999998092651367
reduced,trail,rhythm,1,0.9000000953674316,0.7999997138977051,1,0.9000000953674316,-0.10000038146972656,1.1000003814697266
reduced,trail,rhythm,12,3.0999999046325684,2.0999999046325684,3.3999996185302734,2.5,-1,2.0999999046325684
reduced,trail,rhythm,64,6.700000286102295,5,7.099999904632568,5.200000286102295,-1.700000286102295,5.199999809265137
reduced,impact,worldfold,1,0.6999998092651367,0.7000002861022949,0.8000001907348633,0.8000001907348633,4.76837158203125e-7,4.599999904632568
reduced,impact,worldfold,12,1.4000000953674316,1.4000000953674316,1.5,1.5,0,1.6999998092651367
reduced,impact,worldfold,56,3.9000000953674316,2.5999999046325684,5.299999713897705,2.700000286102295,-1.3000001907348633,2.6999998092651367
reduced,hero,worldfold,1,0.6999998092651367,0.7000002861022949,0.9000000953674316,0.8000001907348633,4.76837158203125e-7,1.0999999046325684
reduced,hero,worldfold,12,1.4000000953674316,1.4000000953674316,1.5999999046325684,1.5,0,1.5
reduced,hero,worldfold,23,2,1.6999998092651367,2.0999999046325684,1.8000001907348633,-0.3000001907348633,1.9000000953674316
reduced,hero,worldfold,24,2,1.6999998092651367,2.200000286102295,1.8000001907348633,-0.3000001907348633,1.5999999046325684
reduced,hero,worldfold,56,3.8999996185302734,2.5999999046325684,4,2.6999998092651367,-1.299999713897705,2.9000000953674316
reduced,trail,worldfold,1,0.8000001907348633,0.8000001907348633,0.9000000953674316,0.9000000953674316,0,1.0999999046325684
reduced,trail,worldfold,12,2.5999999046325684,2.0999999046325684,2.700000286102295,2.3000001907348633,-0.5,2
reduced,trail,worldfold,64,7.800000190734863,4.900000095367432,8.100000381469727,5.5,-2.9000000953674316,5.300000190734863
reduced,impact,reboundaim,1,0.6999998092651367,0.7000002861022949,0.8000001907348633,0.8000001907348633,4.76837158203125e-7,4.199999809265137
reduced,impact,reboundaim,12,1.5999999046325684,1.4000000953674316,2.200000286102295,1.8000001907348633,-0.19999980926513672,1.799999713897705
reduced,impact,reboundaim,56,3.6999998092651367,2.5,3.8000001907348633,2.6999998092651367,-1.1999998092651367,3.0999999046325684
reduced,hero,reboundaim,1,0.6999998092651367,0.7000002861022949,0.8000001907348633,0.8000001907348633,4.76837158203125e-7,1
reduced,hero,reboundaim,12,1.3000001907348633,1.4000000953674316,1.5,1.5,0.09999990463256836,1.5
reduced,hero,reboundaim,23,1.9000000953674316,1.6000003814697266,2.1000003814697266,1.8000001907348633,-0.2999997138977051,1.700000286102295
reduced,hero,reboundaim,24,1.9000000953674316,1.6999998092651367,2.0999999046325684,1.8000001907348633,-0.20000028610229492,2.299999713897705
reduced,hero,reboundaim,56,3.6000003814697266,2.5,3.8000001907348633,2.799999713897705,-1.1000003814697266,2.5
reduced,trail,reboundaim,1,0.7999997138977051,0.8000001907348633,0.9000000953674316,1,4.76837158203125e-7,1.5999999046325684
reduced,trail,reboundaim,12,2.3000001907348633,2.299999713897705,2.5,2.700000286102295,-4.76837158203125e-7,2.1999998092651367
reduced,trail,reboundaim,64,6.900000095367432,5.599999904632568,8.200000286102295,8.800000190734863,-1.3000001907348633,5.800000190734863
reduced,impact,overkill,1,0.6999998092651367,0.7999997138977051,0.8000001907348633,1,0.09999990463256836,4.599999904632568
reduced,impact,overkill,12,1.4000000953674316,1.5,1.5,1.799999713897705,0.09999990463256836,1.5999999046325684
reduced,impact,overkill,56,4.099999904632568,2.5999999046325684,4.200000286102295,2.9000000953674316,-1.5,2.8999996185302734
reduced,hero,overkill,1,0.6999998092651367,0.7000002861022949,0.8000001907348633,0.8000001907348633,4.76837158203125e-7,1
reduced,hero,overkill,12,1.4000000953674316,1.4000000953674316,1.5,1.5999999046325684,0,1.5
reduced,hero,overkill,23,2.0999999046325684,1.700000286102295,2.6000003814697266,2,-0.39999961853027344,1.8000001907348633
reduced,hero,overkill,24,2.0999999046325684,1.700000286102295,2.200000286102295,1.9000000953674316,-0.39999961853027344,2.4000000953674316
reduced,hero,overkill,56,4.099999904632568,2.5999999046325684,4.299999713897705,2.700000286102295,-1.5,2.700000286102295
reduced,trail,overkill,1,0.7999997138977051,0.8000001907348633,0.9000000953674316,0.9000000953674316,4.76837158203125e-7,1.5
reduced,trail,overkill,12,2.3000001907348633,2.0999999046325684,2.4000000953674316,2.1999998092651367,-0.20000028610229492,2
reduced,trail,overkill,64,5.799999713897705,4.900000095367432,5.900000095367432,5,-0.8999996185302734,5.599999904632568
reduced,impact,teslanet,1,0.9000000953674316,0.8999996185302734,1,1,-4.76837158203125e-7,4.700000286102295
reduced,impact,teslanet,12,2.4000000953674316,2.4000000953674316,2.5,2.5999999046325684,0,2.9000000953674316
reduced,impact,teslanet,56,8.599999904632568,3.5999999046325684,8.900000095367432,3.8000001907348633,-5,3.9000000953674316
reduced,hero,teslanet,1,0.8999996185302734,0.8000001907348633,0.9000000953674316,0.9000000953674316,-0.09999942779541016,1.5
reduced,hero,teslanet,12,2.4000000953674316,2.4000000953674316,2.5999999046325684,2.5999999046325684,0,2.299999713897705
reduced,hero,teslanet,23,3.9000000953674316,2.6999998092651367,4.099999904632568,2.9000000953674316,-1.200000286102295,2.6999998092651367
reduced,hero,teslanet,24,4.099999904632568,2.6999998092651367,4.5,2.9000000953674316,-1.4000000953674316,2.6999998092651367
reduced,hero,teslanet,56,8.699999809265137,3.5,9.900000095367432,3.799999713897705,-5.199999809265137,3.5
reduced,trail,teslanet,1,1,0.8000001907348633,1.0999999046325684,0.9000000953674316,-0.19999980926513672,1.299999713897705
reduced,trail,teslanet,12,3.0999999046325684,2.0999999046325684,3.3000001907348633,2.5999999046325684,-1,2.3999996185302734
reduced,trail,teslanet,64,7.700000286102295,5,8.300000190734863,5.599999904632568,-2.700000286102295,5.200000286102295
reduced,impact,undertow,1,0.9000000953674316,0.8999996185302734,1,1,-4.76837158203125e-7,4.799999713897705
reduced,impact,undertow,12,2.5,2.5,2.6000003814697266,2.700000286102295,0,2.6999998092651367
reduced,impact,undertow,56,8.799999713897705,3.6999998092651367,9.099999904632568,4.5,-5.099999904632568,3.8999996185302734
reduced,hero,undertow,1,0.9000000953674316,0.8000001907348633,0.9000000953674316,1,-0.09999990463256836,1
reduced,hero,undertow,12,2.5,2.5,2.5999999046325684,2.6999998092651367,0,2.299999713897705
reduced,hero,undertow,23,4,2.799999713897705,4.200000286102295,2.9000000953674316,-1.200000286102295,3.1999998092651367
reduced,hero,undertow,24,4.100000381469727,2.8999996185302734,4.299999713897705,3.5,-1.2000007629394531,2.799999713897705
reduced,hero,undertow,56,8.799999713897705,3.6999998092651367,9.099999904632568,3.9000000953674316,-5.099999904632568,4.099999904632568
reduced,trail,undertow,1,1,0.8000001907348633,1.0999999046325684,0.9000000953674316,-0.19999980926513672,1.299999713897705
reduced,trail,undertow,12,3.5,2.0999999046325684,6.099999904632568,2.200000286102295,-1.4000000953674316,2.4000000953674316
reduced,trail,undertow,64,9.400000095367432,5,9.700000286102295,5.600000381469727,-4.400000095367432,5
reduced,impact,chronicle,1,0.7999997138977051,0.8000001907348633,0.9000000953674316,0.9000000953674316,4.76837158203125e-7,5.299999713897705
reduced,impact,chronicle,12,1.8000001907348633,2,1.9000000953674316,2.0999999046325684,0.19999980926513672,2
reduced,impact,chronicle,56,5.700000286102295,3,7.200000286102295,3.3000001907348633,-2.700000286102295,3.5999999046325684
reduced,hero,chronicle,1,0.7000002861022949,0.8000001907348633,0.9000000953674316,0.9000000953674316,0.09999990463256836,0.9000000953674316
reduced,hero,chronicle,12,1.8000001907348633,1.9000000953674316,1.9000000953674316,2.0999999046325684,0.09999990463256836,2
reduced,hero,chronicle,23,2.8000001907348633,2.1999998092651367,2.9000000953674316,2.3000001907348633,-0.6000003814697266,2.1999998092651367
reduced,hero,chronicle,24,2.8999996185302734,2.1999998092651367,3,2.3000001907348633,-0.6999998092651367,2.5
reduced,hero,chronicle,56,5.799999713897705,3,5.900000095367432,3.299999713897705,-2.799999713897705,3.1999998092651367
reduced,trail,chronicle,1,0.8999996185302734,0.8000001907348633,0.9000000953674316,0.9000000953674316,-0.09999942779541016,2
reduced,trail,chronicle,12,2.8000001907348633,2.0999999046325684,2.9000000953674316,2.3000001907348633,-0.7000002861022949,2.1999998092651367
reduced,trail,chronicle,64,8.5,5.099999904632568,8.799999713897705,5.300000190734863,-3.4000000953674316,5.299999713897705
reduced,impact,starforge,1,1.0999999046325684,0.9000000953674316,1.200000286102295,1.1000003814697266,-0.19999980926513672,5.300000190734863
reduced,impact,starforge,12,4.5,2.9000000953674316,4.700000286102295,3.0999999046325684,-1.5999999046325684,2.9000000953674316
reduced,impact,starforge,56,18.800000190734863,4,19.199999809265137,4.200000286102295,-14.800000190734863,4.599999904632568
reduced,hero,starforge,1,1.0999999046325684,0.9000000953674316,1.200000286102295,1,-0.19999980926513672,0.9000000953674316
reduced,hero,starforge,12,4.5,2.9000000953674316,4.700000286102295,3,-1.5999999046325684,2.8999996185302734
reduced,hero,starforge,23,8.099999904632568,3.0999999046325684,8.200000286102295,3.299999713897705,-5,3.1999998092651367
reduced,hero,starforge,24,8.200000286102295,3.0999999046325684,8.600000381469727,4.400000095367432,-5.100000381469727,3.0999999046325684
reduced,hero,starforge,56,18.59999990463257,3.9000000953674316,19,4.099999904632568,-14.699999809265137,3.799999713897705
reduced,trail,starforge,1,1,0.8000001907348633,1.1999998092651367,0.9000000953674316,-0.19999980926513672,1.5
reduced,trail,starforge,12,3.6000003814697266,2.0999999046325684,3.8000001907348633,2.3000001907348633,-1.5000004768371582,2.0999999046325684
reduced,trail,starforge,64,8.100000381469727,5,11.200000286102295,5.200000286102295,-3.1000003814697266,5.300000190734863
reduced,variant,supernova:nova,1,1.3999996185302734,1.1999998092651367,1.5,1.200000286102295,-0.19999980926513672,6.300000190734863
reduced,variant,supernova:nova,12,7.300000190734863,2.1999998092651367,7.600000381469727,2.3000001907348633,-5.100000381469727,2.5
reduced,variant,supernova:nova,23,13.5,2.5,13.699999809265137,2.5999999046325684,-11,2.5999999046325684
reduced,variant,roulette:nova,1,1.0999999046325684,1.1000003814697266,1.200000286102295,1.200000286102295,4.76837158203125e-7,3.9000000953674316
reduced,variant,roulette:nova,12,5.300000190734863,1.799999713897705,5.5,1.9000000953674316,-3.500000476837158,1.8000001907348633
reduced,variant,roulette:nova,23,9.800000190734863,2.0999999046325684,10.099999904632568,2.200000286102295,-7.700000286102295,2.1999998092651367
reduced,variant,pulse:nova,1,1.299999713897705,1.1000003814697266,1.4000000953674316,1.200000286102295,-0.19999933242797852,4.599999904632568
reduced,variant,pulse:nova,12,7.399999618530273,2.1999998092651367,7.800000190734863,2.4000000953674316,-5.199999809265137,2.200000286102295
reduced,variant,pulse:nova,23,14,2.6000003814697266,14.100000381469727,2.8000001907348633,-11.399999618530273,2.700000286102295
reduced,variant,orbital:mark,1,1,1,1.0999999046325684,1.1999998092651367,0,4.099999904632568
reduced,variant,orbital:mark,12,3.799999713897705,1.5999999046325684,4,1.700000286102295,-2.1999998092651367,1.8000001907348633
reduced,variant,orbital:mark,23,6.599999904632568,1.8000001907348633,6.900000095367432,2.200000286102295,-4.799999713897705,1.9000000953674316
reduced,variant,sharpshooter:power,1,0.8000001907348633,0.9000000953674316,0.9000000953674316,1,0.09999990463256836,3.799999713897705
reduced,variant,sharpshooter:power,12,2.5999999046325684,1.4000000953674316,2.700000286102295,1.9000000953674316,-1.1999998092651367,1.8000001907348633
reduced,variant,sharpshooter:power,23,4.299999713897705,1.5999999046325684,4.400000095367432,1.799999713897705,-2.6999998092651367,1.700000286102295
reduced,variant,legion:split,1,0.8999996185302734,0.9000000953674316,1,1,4.76837158203125e-7,4.199999809265137
reduced,variant,legion:split,12,2.6999998092651367,1.3000001907348633,2.8000001907348633,1.5,-1.3999996185302734,1.5
reduced,variant,legion:split,23,4.400000095367432,1.5999999046325684,4.599999904632568,1.9000000953674316,-2.8000001907348633,1.6999998092651367
reduced,variant,sweep:beam,1,0.6000003814697266,0.7999997138977051,0.9000000953674316,1,0.19999933242797852,5
reduced,variant,sweep:beam,12,1.0999999046325684,1.0999999046325684,1.200000286102295,1.299999713897705,0,1.5
reduced,variant,sweep:beam,23,1.5999999046325684,1.4000000953674316,1.8000001907348633,1.5999999046325684,-0.19999980926513672,1.4000000953674316
reduced,variant,lance:beam,1,0.8000001907348633,0.8999996185302734,0.9000000953674316,1,0.09999942779541016,4.100000381469727
reduced,variant,lance:beam,12,2.299999713897705,1.299999713897705,2.4000000953674316,1.5999999046325684,-1,1.4000000953674316
reduced,variant,lance:beam,23,3.700000286102295,1.5999999046325684,3.9000000953674316,1.8000001907348633,-2.1000003814697266,1.5999999046325684
reduced,variant,crossfire:beam,1,0.6999998092651367,0.8000001907348633,0.8000001907348633,0.9000000953674316,0.10000038146972656,3.299999713897705
reduced,variant,crossfire:beam,12,1.6000003814697266,1.1999998092651367,1.9000000953674316,1.299999713897705,-0.40000057220458984,1.1999998092651367
reduced,variant,crossfire:beam,23,2.5,1.4000000953674316,2.6999998092651367,1.5,-1.0999999046325684,1.5
reduced,variant,stormfront:beam,1,0.7999997138977051,0.8000001907348633,0.9000000953674316,0.9000000953674316,4.76837158203125e-7,3.6999998092651367
reduced,variant,stormfront:beam,12,2.0999999046325684,1.200000286102295,2.200000286102295,1.3000001907348633,-0.8999996185302734,1.6999998092651367
reduced,variant,stormfront:beam,23,3.4000000953674316,1.5,3.5999999046325684,1.6999998092651367,-1.9000000953674316,1.6999998092651367
reduced,core,plain-trail,1,0.5999999046325684,0.5999999046325684,0.7000002861022949,0.8000001907348633,0,1.700000286102295
reduced,core,overdrive-glow,1,0.6999998092651367,0.6999998092651367,0.7000002861022949,0.8000001907348633,0,1.200000286102295
reduced,core,firewheel,1,1.3000001907348633,1,1.4000000953674316,1.0999999046325684,-0.3000001907348633,4.400000095367432
reduced,core,plain-trail,12,1.4000000953674316,1.4000000953674316,1.5,1.5,0,2.0999999046325684
reduced,core,overdrive-glow,12,1.8999996185302734,1.8999996185302734,2,2,0,2.0999999046325684
reduced,core,firewheel,12,6.900000095367432,2.5999999046325684,7.300000190734863,2.700000286102295,-4.300000190734863,5.700000286102295
reduced,core,plain-trail,64,4.800000190734863,3.700000286102295,5.199999809265137,4,-1.0999999046325684,3.8000001907348633
reduced,core,overdrive-glow,64,7.299999713897705,5.300000190734863,7.599999904632568,5.599999904632568,-1.9999995231628418,5.699999809265137
reduced,core,firewheel,64,28,6,37.799999713897705,8.600000381469727,-22,8.599999904632568
reduced,core,square-particles,0,0.5,0.5,0.5999999046325684,0.6000003814697266,0,1.0999999046325684
reduced,core,square-particles,100,0.7999997138977051,0.8000001907348633,0.8999996185302734,0.9000000953674316,4.76837158203125e-7,1.4000000953674316
reduced,core,square-particles,300,1,1.0999999046325684,1.1000003814697266,1.1999998092651367,0.09999990463256836,1.5
reduced,core,square-particles,1000,1.9000000953674316,2,2,2.5,0.09999990463256836,2.4000000953674316
reduced,core,square-particles,3000,4.300000190734863,4.5,4.5,6.099999904632568,0.19999980926513672,4.100000381469727
reduced,core,square-particles,8000,10.599999904632568,12.199999809265137,10.900000095367432,16.40000009536743,1.5999999046325684,11.199999809265137
reduced,core,rings,1,0.5999999046325684,0.5999999046325684,0.7000002861022949,0.7000002861022949,0,1.4000000953674316
reduced,core,bolts,1,0.5999999046325684,0.6000003814697266,0.6000003814697266,0.7000002861022949,4.76837158203125e-7,1
reduced,core,floating-text,1,0.5999999046325684,0.5999999046325684,0.7000002861022949,0.7000002861022949,0,3.1000003814697266
reduced,core,rings,30,2.3000001907348633,1.5,3,1.6000003814697266,-0.8000001907348633,1.700000286102295
reduced,core,bolts,30,1.4000000953674316,1.5999999046325684,1.5,1.6999998092651367,0.19999980926513672,1.700000286102295
reduced,core,floating-text,30,0.6999998092651367,0.6999998092651367,0.8000001907348633,0.8000001907348633,0,2.3999996185302734
reduced,core,rings,100,6.299999713897705,1.5999999046325684,6.400000095367432,1.6999998092651367,-4.699999809265137,1.700000286102295
reduced,core,bolts,100,3.200000286102295,1.6999998092651367,3.5,1.8000001907348633,-1.5000004768371582,1.9000000953674316
reduced,core,floating-text,100,1,0.8000001907348633,1,0.9000000953674316,-0.19999980926513672,2.4000000953674316
reduced,core,rings,300,17.800000190734863,1.5,18.09999990463257,1.6000003814697266,-16.300000190734863,1.5
reduced,core,bolts,300,8.400000095367432,1.6999998092651367,9.400000095367432,1.9000000953674316,-6.700000286102295,1.799999713897705
reduced,core,floating-text,300,1.700000286102295,0.8000001907348633,1.9000000953674316,0.9000000953674316,-0.9000000953674316,1.6999998092651367
reduced,core,rings,1000,58.799999713897705,1.5,64.19999980926514,1.6000003814697266,-57.299999713897705,1.5999999046325684
reduced,core,bolts,1000,27.40000009536743,1.6000003814697266,30.09999990463257,1.700000286102295,-25.799999713897705,1.9000000953674316
reduced,core,floating-text,1000,4.700000286102295,0.8000001907348633,5.200000286102295,0.9000000953674316,-3.9000000953674316,1.3000001907348633
reduced,core,income-tallies,1,0.6000003814697266,0.6000003814697266,0.8000001907348633,0.7000002861022949,0,9.199999809265137
reduced,core,income-tallies,8,0.8000001907348633,0.9000000953674316,1,1.1999998092651367,0.09999990463256836,5
reduced,adjacent,aim-glow,1,1.5,1.5999999046325684,1.6000003814697266,1.700000286102295,0.09999990463256836,7.799999713897705
reduced,adjacent,core-cached-glow,1,0.6000003814697266,0.6999998092651367,0.7000002861022949,0.7999997138977051,0.09999942779541016,2.3000001907348633
reduced,adjacent,core-drifting-glow,1,0.5999999046325684,0.6999998092651367,0.7000002861022949,0.7999997138977051,0.09999990463256836,0.9000000953674316
reduced,mechanic,wormhole:portal,1,1,1,1.1000003814697266,1.1999998092651367,0,1.1999998092651367
reduced,mechanic,wormhole:portal,12,5.5,5.799999713897705,5.700000286102295,6.099999904632568,0.2999997138977051,5.400000095367432
reduced,mechanic,wormhole:portal,80,39.200000286102295,7.599999904632568,42,12,-31.600000381469727,7
reduced,mechanic,siegebreaker:rubble,1,0.6000003814697266,0.6999998092651367,0.9000000953674316,0.7999997138977051,0.09999942779541016,1.5
reduced,mechanic,siegebreaker:rubble,12,1.5,1.5,2.5999999046325684,1.5999999046325684,0,1.5999999046325684
reduced,mechanic,siegebreaker:rubble,80,6.299999713897705,1.700000286102295,10.199999809265137,1.9000000953674316,-4.59999942779541,2.4000000953674316
reduced,mechanic,threadweaver:cut,1,0.5999999046325684,0.5999999046325684,0.7000002861022949,0.7999997138977051,0,1
reduced,mechanic,threadweaver:cut,12,1.200000286102295,1.299999713897705,1.4000000953674316,1.4000000953674316,0.09999942779541016,1.4000000953674316
reduced,mechanic,threadweaver:cut,80,4.900000095367432,1.5,5.199999809265137,1.5999999046325684,-3.4000000953674316,1.5999999046325684
reduced,mechanic,infection:seed,1,0.7999997138977051,0.5999999046325684,0.9000000953674316,0.7000002861022949,-0.19999980926513672,1.0999999046325684
reduced,mechanic,infection:seed,12,2.6999998092651367,0.9000000953674316,2.8000001907348633,1.0999999046325684,-1.799999713897705,1
reduced,mechanic,infection:seed,80,18.299999713897705,1,29.199999809265137,1.1000003814697266,-17.299999713897705,1
reduced,mechanic,infection:root,1,0.5999999046325684,0.5999999046325684,0.8000001907348633,0.7000002861022949,0,0.8000001907348633
reduced,mechanic,infection:root,12,0.9000000953674316,0.9000000953674316,1.0999999046325684,1,0,1
reduced,mechanic,infection:root,80,2.299999713897705,0.9000000953674316,2.4000000953674316,1.0999999046325684,-1.3999996185302734,1.0999999046325684
reduced,mechanic,transmute:transform,1,0.6000003814697266,0.6999998092651367,0.7000002861022949,1,0.09999942779541016,0.7999997138977051
reduced,mechanic,transmute:transform,12,1.5,1.5,4,1.700000286102295,0,1.4000000953674316
reduced,mechanic,transmute:transform,80,6.199999809265137,1.799999713897705,6.700000286102295,2,-4.400000095367432,1.9000000953674316
reduced,mechanic,spectral:phase,1,0.9000000953674316,0.6999998092651367,1.0999999046325684,0.9000000953674316,-0.20000028610229492,1.5
reduced,mechanic,spectral:phase,12,4,1.0999999046325684,4.5,1.3000001907348633,-2.9000000953674316,1.0999999046325684
reduced,mechanic,spectral:phase,80,24,1.3000001907348633,27.100000381469727,1.5999999046325684,-22.699999809265137,1.6000003814697266
reduced,mechanic,fusepath:signal,1,0.5999999046325684,0.5999999046325684,0.7000002861022949,0.7000002861022949,0,0.9000000953674316
reduced,mechanic,fusepath:signal,12,1,1,1.1999998092651367,1.0999999046325684,0,1.5
reduced,mechanic,fusepath:signal,96,3.6000003814697266,1.0999999046325684,4.100000381469727,1.200000286102295,-2.500000476837158,1.4000000953674316
reduced,mechanic,reboundaim:signal,1,0.7999997138977051,0.7999997138977051,0.9000000953674316,0.9000000953674316,0,0.9000000953674316
reduced,mechanic,reboundaim:signal,12,2.8999996185302734,2.8000001907348633,3.3999996185302734,3,-0.09999942779541016,2.5
reduced,mechanic,reboundaim:signal,96,20.09999990463257,3.5,22.199999809265137,3.799999713897705,-16.59999990463257,3.0999999046325684
reduced,mechanic,overkill:signal,1,0.5999999046325684,0.5999999046325684,0.8000001907348633,0.7000002861022949,0,0.9000000953674316
reduced,mechanic,overkill:signal,12,1,1,1.1999998092651367,1.0999999046325684,0,1
reduced,mechanic,overkill:signal,96,3.6999998092651367,1.0999999046325684,4.300000190734863,1.1999998092651367,-2.5999999046325684,1.200000286102295
reduced,mechanic,chronicle:signal,1,0.6999998092651367,0.6999998092651367,0.9000000953674316,0.8000001907348633,0,1.0999999046325684
reduced,mechanic,chronicle:signal,12,1.6999998092651367,1.6999998092651367,1.9000000953674316,1.799999713897705,0,1.5999999046325684
reduced,mechanic,chronicle:signal,96,8.600000381469727,2,12,2.0999999046325684,-6.600000381469727,2.3000001907348633
reduced,mechanic,worldfold:signal,1,0.6999998092651367,0.6999998092651367,0.7999997138977051,0.8000001907348633,0,0.9000000953674316
reduced,mechanic,worldfold:signal,12,1.8000001907348633,1.9000000953674316,2,2,0.09999990463256836,2
reduced,mechanic,worldfold:signal,96,11.199999809265137,2.3000001907348633,11.400000095367432,2.4000000953674316,-8.899999618530273,2.3999996185302734
reduced,mechanic,starforge:signal,1,0.5999999046325684,0.5999999046325684,0.6000003814697266,0.7000002861022949,0,0.5999999046325684
reduced,mechanic,starforge:signal,12,0.9000000953674316,1,1,1,0.09999990463256836,1
reduced,mechanic,starforge:signal,96,3.4000000953674316,1.0999999046325684,3.5,1.1999998092651367,-2.3000001907348633,1.0999999046325684
reduced,mechanic,buzzsaw:disc,1,0.8000001907348633,0.6999998092651367,0.9000000953674316,0.7999997138977051,-0.10000038146972656,1
reduced,mechanic,buzzsaw:disc,6,2,1,2.200000286102295,1.1000003814697266,-1,1
reduced,mechanic,teslanet:field,1,0.6999998092651367,0.6999998092651367,0.8000001907348633,0.7999997138977051,0,0.8000001907348633
reduced,mechanic,teslanet:field,8,1.5999999046325684,1,1.6999998092651367,1.1000003814697266,-0.5999999046325684,1
reduced,mechanic,teslanet:field,32,4.699999809265137,1,4.800000190734863,1.0999999046325684,-3.6999998092651367,1.0999999046325684
reduced,mechanic,undertow:field,1,0.7999997138977051,0.7999997138977051,0.9000000953674316,0.9000000953674316,0,1
reduced,mechanic,undertow:field,8,2.200000286102295,1.1999998092651367,2.3000001907348633,1.3000001907348633,-1.0000004768371582,1.3000001907348633
reduced,mechanic,undertow:field,32,7.199999809265137,1.1999998092651367,7.400000095367432,1.3000001907348633,-6,1.200000286102295
reduced,mechanic,worldfold:field,1,0.8999996185302734,0.8999996185302734,1,0.9000000953674316,0,1.0999999046325684
reduced,mechanic,worldfold:field,8,2.700000286102295,1.4000000953674316,2.9000000953674316,1.5999999046325684,-1.3000001907348633,1.5
reduced,mechanic,worldfold:field,32,9.299999713897705,1.4000000953674316,9.5,1.5,-7.899999618530273,1.4000000953674316
reduced,mechanic,starforge:field,1,0.9000000953674316,0.8000001907348633,1,0.9000000953674316,-0.09999990463256836,2.6999998092651367
reduced,mechanic,starforge:field,8,3.4000000953674316,1.3000001907348633,3.5999999046325684,1.4000000953674316,-2.0999999046325684,1.5999999046325684
reduced,mechanic,starforge:field,32,12.100000381469727,1.3000001907348633,12.599999904632568,1.4000000953674316,-10.800000190734863,1.5
reduced,boss-particle,eye:well,1,0.40000009536743164,0.40000009536743164,0.5,0.5,0,1.0999999046325684
reduced,boss-particle,eye:well,4,1.299999713897705,1.3000001907348633,1.4000000953674316,1.5,4.76837158203125e-7,1.299999713897705
reduced,boss-particle,eye:well,32,9.200000286102295,9.599999904632568,9.5,10.799999713897705,0.39999961853027344,8.699999809265137
reduced,boss-particle,eye:beam,1,0.19999980926513672,0.19999980926513672,0.20000028610229492,0.2999997138977051,0,0.5999999046325684
reduced,boss-particle,eye:shards,1,0.09999990463256836,0.09999990463256836,0.20000028610229492,0.20000028610229492,0,0.6000003814697266
reduced,boss-particle,clock:shards,1,0.09999990463256836,0.09999990463256836,0.20000028610229492,0.20000028610229492,0,0.40000009536743164
reduced,boss-particle,serpent:flare,1,0.2999997138977051,0.20000028610229492,0.40000009536743164,0.39999961853027344,-0.09999942779541016,2.0999999046325684
reduced,boss-particle,serpent:wave,1,0.19999980926513672,0.19999980926513672,0.2999997138977051,0.3000001907348633,0,0.6999998092651367
reduced,boss-particle,serpent:streak,1,0.19999980926513672,0.19999980926513672,0.20000028610229492,0.3000001907348633,0,0.3000001907348633
reduced,boss-particle,forge:embers,1,0.20000028610229492,0.20000028610229492,0.3000001907348633,0.3000001907348633,0,1.8999996185302734
reduced,boss-particle,forge:meteors,1,0.3000001907348633,0.3000001907348633,0.40000009536743164,0.40000009536743164,0,1.4000000953674316
reduced,boss-particle,serpent:dust,1,0.09999990463256836,0.09999990463256836,0.19999980926513672,0.20000028610229492,0,0.7999997138977051
reduced,boss-particle,serpent:ghosts,1,0.09999990463256836,0.09999990463256836,0.20000028610229492,0.20000028610229492,0,0.20000028610229492
reduced,boss-particle,serpent:sparks,1,0.19999980926513672,0.19999980926513672,0.3000001907348633,0.3000001907348633,0,1.299999713897705
reduced,boss-particle,serpent:portals,1,0.8000001907348633,0.7000002861022949,0.9000000953674316,1.0999999046325684,-0.09999990463256836,3
reduced,boss-particle,serpent:debris,1,,0.09999990463256836,,0.20000028610229492,,0.5
reduced,boss-particle,eye:chain-snap,1,,0.09999990463256836,,0.20000028610229492,,0.5999999046325684
reduced,boss-particle,eye:beam,12,0.8999996185302734,0.9000000953674316,0.9000000953674316,1.0999999046325684,4.76837158203125e-7,1.1999998092651367
reduced,boss-particle,eye:shards,12,0.19999980926513672,0.10000038146972656,0.3000001907348633,0.20000028610229492,-0.09999942779541016,0.3000001907348633
reduced,boss-particle,clock:shards,12,0.19999980926513672,0.10000038146972656,0.3000001907348633,0.20000028610229492,-0.09999942779541016,0.2999997138977051
reduced,boss-particle,serpent:flare,12,2.3000001907348633,1.5999999046325684,2.4000000953674316,1.6000003814697266,-0.7000002861022949,1.5999999046325684
reduced,boss-particle,serpent:wave,12,1.0999999046325684,1.1999998092651367,1.1999998092651367,1.3000001907348633,0.09999990463256836,1.3000001907348633
reduced,boss-particle,serpent:streak,12,0.9000000953674316,1,1,1.1999998092651367,0.09999990463256836,1
reduced,boss-particle,forge:embers,12,0.40000009536743164,0.5,0.5,0.6000003814697266,0.09999990463256836,1
reduced,boss-particle,forge:meteors,12,1.299999713897705,1.200000286102295,1.4000000953674316,1.4000000953674316,-0.09999942779541016,1.299999713897705
reduced,boss-particle,serpent:dust,12,0.09999990463256836,0.09999990463256836,0.19999980926513672,0.20000028610229492,0,0.20000028610229492
reduced,boss-particle,serpent:ghosts,12,0.2999997138977051,0.2999997138977051,0.40000009536743164,0.40000009536743164,0,0.5
reduced,boss-particle,serpent:sparks,12,1.1999998092651367,1.0999999046325684,1.3000001907348633,1.200000286102295,-0.09999990463256836,1.1999998092651367
reduced,boss-particle,serpent:portals,12,8.199999809265137,6.300000190734863,8.399999618530273,6.699999809265137,-1.8999996185302734,6.300000190734863
reduced,boss-particle,serpent:debris,12,,0.19999980926513672,,0.3000001907348633,,0.5
reduced,boss-particle,eye:chain-snap,12,,0.40000009536743164,,0.5,,0.5
reduced,boss-particle,eye:beam,70,4.699999809265137,4.700000286102295,4.800000190734863,4.900000095367432,4.76837158203125e-7,4.700000286102295
reduced,boss-particle,eye:shards,70,0.5999999046325684,0.2999997138977051,0.7000002861022949,0.40000009536743164,-0.3000001907348633,0.40000009536743164
reduced,boss-particle,clock:shards,70,0.5999999046325684,0.3000001907348633,0.7000002861022949,0.40000009536743164,-0.2999997138977051,0.40000009536743164
reduced,boss-particle,serpent:flare,70,13.099999904632568,1.9000000953674316,13.400000095367432,2.0999999046325684,-11.199999809265137,2.0999999046325684
reduced,boss-particle,serpent:wave,70,5.800000190734863,1.4000000953674316,6,1.5,-4.400000095367432,1.5999999046325684
reduced,boss-particle,serpent:streak,70,4.5,1.299999713897705,4.700000286102295,1.4000000953674316,-3.200000286102295,1.4000000953674316
reduced,boss-particle,forge:embers,70,1.3000001907348633,1.4000000953674316,1.4000000953674316,1.5,0.09999990463256836,1.5
reduced,boss-particle,forge:meteors,70,6,3.4000000953674316,6.300000190734863,3.5999999046325684,-2.5999999046325684,3
reduced,boss-particle,serpent:dust,70,0.19999980926513672,0.19999980926513672,0.20000028610229492,0.2999997138977051,0,0.3000001907348633
reduced,boss-particle,serpent:ghosts,70,1.0999999046325684,1.1000003814697266,1.200000286102295,1.200000286102295,4.76837158203125e-7,1.3000001907348633
reduced,boss-particle,serpent:sparks,70,6.099999904632568,4.800000190734863,6.400000095367432,5.100000381469727,-1.299999713897705,4.5
reduced,boss-particle,serpent:portals,70,47.90000009536743,38.80000019073486,48.09999990463257,51,-9.099999904632568,34.299999713897705
reduced,boss-particle,serpent:debris,70,,0.6000003814697266,,0.8000001907348633,,1.0999999046325684
reduced,boss-particle,eye:chain-snap,70,,1.8000001907348633,,2,,1.8000001907348633
reduced,boss-particle,eye:beam,300,20.09999990463257,20.899999618530273,20.600000381469727,21.299999713897705,0.7999997138977051,19.699999809265137
reduced,boss-particle,eye:shards,300,2.200000286102295,0.3000001907348633,2.4000000953674316,0.40000009536743164,-1.9000000953674316,0.6999998092651367
reduced,boss-particle,clock:shards,300,2.299999713897705,0.3000001907348633,2.4000000953674316,0.40000009536743164,-1.9999995231628418,0.40000009536743164
reduced,boss-particle,serpent:flare,300,62.40000009536743,1.9000000953674316,65.19999980926514,2,-60.5,2.1999998092651367
reduced,boss-particle,serpent:wave,300,27.199999809265137,1.4000000953674316,27.700000286102295,1.5,-25.799999713897705,1.5999999046325684
reduced,boss-particle,serpent:streak,300,20.40000009536743,1.3000001907348633,21.100000381469727,1.4000000953674316,-19.09999990463257,1.3000001907348633
reduced,boss-particle,forge:embers,300,4.900000095367432,5,5.099999904632568,5.300000190734863,0.09999990463256836,5.199999809265137
reduced,boss-particle,forge:meteors,300,26.40000009536743,12.400000095367432,26.800000190734863,13.199999809265137,-14,10.700000286102295
reduced,boss-particle,serpent:dust,300,0.39999961853027344,0.40000009536743164,0.5,0.5,4.76837158203125e-7,0.5999999046325684
reduced,boss-particle,serpent:ghosts,300,4.399999618530273,4.400000095367432,4.5,4.5,4.76837158203125e-7,4.5
reduced,boss-particle,serpent:sparks,300,26.699999809265137,18.59999990463257,26.90000009536743,27.300000190734863,-8.099999904632568,16.699999809265137
reduced,boss-particle,serpent:portals,300,224.39999961853027,173.59999990463257,243.40000009536743,182.69999980926514,-50.799999713897705,153.5
reduced,boss-particle,serpent:debris,300,,2.3000001907348633,,2.6999998092651367,,2.6999998092651367
reduced,boss-particle,eye:chain-snap,300,,7.400000095367432,,7.599999904632568,,14.5
reduced,boss-particle,serpent:eye-trails,1,,0.09999990463256836,,0.20000028610229492,,0.5999999046325684
reduced,boss-particle,serpent:eye-trails,2,,0.09999990463256836,,0.20000028610229492,,0.2999997138977051
reduced,boss-particle,serpent:eye-trails,16,,0.09999990463256836,,0.19999980926513672,,0.09999990463256836
reduced,boss-particle,serpent:eclipse-lights,1,2.5,1.8000001907348633,3.200000286102295,1.9000000953674316,-0.6999998092651367,4
reduced,boss-particle,serpent:eclipse-lights,12,4.200000286102295,2.6000003814697266,4.799999713897705,2.700000286102295,-1.5999999046325684,3.0999999046325684
reduced,boss-particle,serpent:eclipse-lights,64,8.900000095367432,6.300000190734863,9.200000286102295,6.800000190734863,-2.5999999046325684,6.599999904632568
reduced,baseline,empty-canvas,0,0.09999990463256836,0.09999990463256836,0.19999980926513672,0.19999980926513672,0,0.09999990463256836
reduced,boss-scene,eye:idle,1,3.5,3.5,3.700000286102295,3.8000001907348633,0,20
reduced,boss-layer,eye:back,1,,1.200000286102295,,1.3000001907348633,,2.4000000953674316
reduced,boss-layer,eye:field,1,,1.700000286102295,,1.8000001907348633,,2.9000000953674316
reduced,boss-layer,eye:front,1,,0.09999990463256836,,0.19999980926513672,,1
reduced,boss-scene,eye:orbit,1,3.8000001907348633,3.6000003814697266,3.9000000953674316,3.8000001907348633,-0.19999980926513672,12.900000095367432
reduced,boss-scene,eye:summon,1,3.4000000953674316,3.3999996185302734,3.700000286102295,3.5,-4.76837158203125e-7,9.900000095367432
reduced,boss-scene,eye:tear,1,3.4000000953674316,3.3000001907348633,3.8000001907348633,3.5,-0.09999990463256836,9.199999809265137
reduced,boss-scene,eye:gaze,1,3.5,3.5,3.6000003814697266,6.099999904632568,0,9.800000190734863
reduced,boss-scene,eye:mirage,1,3.9000000953674316,3.9000000953674316,4.100000381469727,4.100000381469727,0,10.100000381469727
reduced,boss-scene,eye:doom,1,3.3000001907348633,3.4000000953674316,3.5,3.5999999046325684,0.09999990463256836,9.699999809265137
reduced,boss-scene,forge:idle,1,1.5999999046325684,1.5999999046325684,1.700000286102295,1.6999998092651367,0,11.299999713897705
reduced,boss-layer,forge:back,1,,0.9000000953674316,,1,,1.9000000953674316
reduced,boss-layer,forge:field,1,,0.20000028610229492,,0.3000001907348633,,1.1999998092651367
reduced,boss-layer,forge:front,1,,0.09999990463256836,,0.20000028610229492,,1
reduced,boss-scene,serpent:idle,1,13,11.599999904632568,13.300000190734863,12,-1.4000000953674316,34.40000009536743
reduced,boss-layer,serpent:back,1,,1.4000000953674316,,1.4000000953674316,,2.6999998092651367
reduced,boss-layer,serpent:field,1,,7.5,,8.100000381469727,,8.800000190734863
reduced,boss-layer,serpent:front,1,,1.3999996185302734,,1.4000000953674316,,2.5
reduced,boss-scene,serpent:live-body,1,,13.599999904632568,,13.900000095367432,,19.59999990463257
reduced,boss-scene,clock:idle,1,3.799999713897705,3.6999998092651367,3.9000000953674316,3.9000000953674316,-0.09999990463256836,19
reduced,boss-layer,clock:back,1,,2.1000003814697266,,2.299999713897705,,3.0999999046325684
reduced,boss-layer,clock:field,1,,1.0999999046325684,,1.1999998092651367,,2
reduced,boss-layer,clock:front,1,,0.09999990463256836,,0.19999980926513672,,1
reduced,boss-scene,clock:stop,1,3.700000286102295,3.5999999046325684,4,3.799999713897705,-0.10000038146972656,9.400000095367432
reduced,boss-scene,clock:toll,1,3.799999713897705,3.6999998092651367,3.9000000953674316,3.8000001907348633,-0.09999990463256836,9
reduced,boss-scene,clock:pendulum,1,3.8000001907348633,3.700000286102295,4,3.9000000953674316,-0.09999990463256836,10.099999904632568
reduced,boss-scene,clock:rewind,1,3.700000286102295,3.6999998092651367,3.8000001907348633,3.8000001907348633,-4.76837158203125e-7,9.199999809265137
reduced,boss-scene,clock:haste,1,3.5999999046325684,3.5,3.6999998092651367,3.5999999046325684,-0.09999990463256836,8.5
reduced,boss-scene,clock:midnight,1,3.8000001907348633,3.6999998092651367,3.9000000953674316,3.8000001907348633,-0.10000038146972656,8.900000095367432
reduced,intro,fragments,1,1.3000001907348633,1.1999998092651367,4.399999618530273,6.700000286102295,-0.10000038146972656,
reduced,intro,fragments,4,2,1.5,2.1000003814697266,1.5,-0.5,
reduced,intro,fragments,16,4.900000095367432,2.5,6.599999904632568,3,-2.4000000953674316,
