source,mode,group,id,count,isolated,synthetic,samples,median_ms,p95_ms,submit_median_ms,raf_mean_ms,raf_fps
fx-dpr2-normal.json,normal,baseline,board,0,false,false,35,1.50,13.40,0.20,,
fx-dpr2-normal.json,normal,impact,trident,1,false,false,28,2.50,13.00,0.40,,
fx-dpr2-normal.json,normal,impact,trident,12,false,false,12,11.90,17.30,3.00,,
fx-dpr2-normal.json,normal,impact,trident,56,false,false,12,9.70,25.10,1.90,,
fx-dpr2-normal.json,normal,hero,trident,1,false,false,40,2.10,9.20,0.20,,
fx-dpr2-normal.json,normal,hero,trident,12,false,false,13,9.20,11.30,0.80,,
fx-dpr2-normal.json,normal,hero,trident,23,false,false,12,16.40,36.40,1.30,,
fx-dpr2-normal.json,normal,hero,trident,24,false,false,25,4.80,5.30,0.90,,
fx-dpr2-normal.json,normal,hero,trident,56,false,false,13,9.20,10.70,1.80,,
fx-dpr2-normal.json,normal,trail,trident,1,false,false,68,1.80,2.00,0.20,,
fx-dpr2-normal.json,normal,trail,trident,12,false,false,28,4.30,4.60,0.70,,
fx-dpr2-normal.json,normal,trail,trident,64,false,false,12,12.50,13.10,1.40,,
fx-dpr2-normal.json,normal,impact,echo,1,false,false,75,1.60,1.80,0.30,,
fx-dpr2-normal.json,normal,impact,echo,12,false,false,39,2.90,4.00,0.60,,
fx-dpr2-normal.json,normal,impact,echo,56,false,false,15,8.10,8.70,1.60,,
fx-dpr2-normal.json,normal,hero,echo,1,false,false,62,1.90,2.10,0.20,,
fx-dpr2-normal.json,normal,hero,echo,12,false,false,16,7.70,8.10,0.60,,
fx-dpr2-normal.json,normal,hero,echo,23,false,false,12,14.00,17.50,1.10,,
fx-dpr2-normal.json,normal,hero,echo,24,false,false,29,4.30,4.50,0.80,,
fx-dpr2-normal.json,normal,hero,echo,56,false,false,15,8.00,8.50,1.60,,
fx-dpr2-normal.json,normal,trail,echo,1,false,false,68,1.70,1.80,0.20,,
fx-dpr2-normal.json,normal,trail,echo,12,false,false,24,5.00,5.30,0.60,,
fx-dpr2-normal.json,normal,trail,echo,64,false,false,12,16.00,16.30,1.40,,
fx-dpr2-normal.json,normal,impact,legion,1,false,false,72,1.60,1.80,0.20,,
fx-dpr2-normal.json,normal,impact,legion,12,false,false,33,3.70,3.80,0.80,,
fx-dpr2-normal.json,normal,impact,legion,56,false,false,12,11.50,12.30,2.70,,
fx-dpr2-normal.json,normal,hero,legion,1,false,false,54,2.20,2.30,0.30,,
fx-dpr2-normal.json,normal,hero,legion,12,false,false,12,10.30,10.90,0.90,,
fx-dpr2-normal.json,normal,hero,legion,23,false,false,12,19.40,24.00,1.70,,
fx-dpr2-normal.json,normal,hero,legion,24,false,false,20,5.90,9.50,1.20,,
fx-dpr2-normal.json,normal,hero,legion,56,false,false,12,11.60,16.40,2.30,,
fx-dpr2-normal.json,normal,trail,legion,1,false,false,66,1.80,2.00,0.20,,
fx-dpr2-normal.json,normal,trail,legion,12,false,false,22,5.30,8.10,0.80,,
fx-dpr2-normal.json,normal,trail,legion,64,false,false,12,14.10,15.10,1.60,,
fx-dpr2-normal.json,normal,impact,prism,1,false,false,74,1.60,1.70,0.20,,
fx-dpr2-normal.json,normal,impact,prism,12,false,false,31,3.20,6.70,0.50,,
fx-dpr2-normal.json,normal,impact,prism,56,false,false,13,9.30,10.20,1.50,,
fx-dpr2-normal.json,normal,hero,prism,1,false,false,58,2.10,2.30,0.20,,
fx-dpr2-normal.json,normal,hero,prism,12,false,false,12,10.20,11.10,0.50,,
fx-dpr2-normal.json,normal,hero,prism,23,false,false,12,19.00,19.40,0.80,,
fx-dpr2-normal.json,normal,hero,prism,24,false,false,26,4.70,5.10,0.60,,
fx-dpr2-normal.json,normal,hero,prism,56,false,false,13,9.20,9.90,1.30,,
fx-dpr2-normal.json,normal,trail,prism,1,false,false,70,1.70,1.90,0.20,,
fx-dpr2-normal.json,normal,trail,prism,12,false,false,28,4.30,4.70,0.60,,
fx-dpr2-normal.json,normal,trail,prism,64,false,false,12,13.00,13.20,1.40,,
fx-dpr2-normal.json,normal,impact,nova,1,false,false,73,1.60,1.80,0.20,,
fx-dpr2-normal.json,normal,impact,nova,12,false,false,39,3.00,4.60,0.40,,
fx-dpr2-normal.json,normal,impact,nova,56,false,false,13,8.80,12.60,1.40,,
fx-dpr2-normal.json,normal,hero,nova,1,false,false,63,1.90,2.00,0.20,,
fx-dpr2-normal.json,normal,hero,nova,12,false,false,17,7.30,8.00,0.50,,
fx-dpr2-normal.json,normal,hero,nova,23,false,false,12,12.80,13.30,0.90,,
fx-dpr2-normal.json,normal,hero,nova,24,false,false,26,4.60,5.10,0.60,,
fx-dpr2-normal.json,normal,hero,nova,56,false,false,14,8.70,9.50,1.30,,
fx-dpr2-normal.json,normal,trail,nova,1,false,false,70,1.70,1.90,0.20,,
fx-dpr2-normal.json,normal,trail,nova,12,false,false,29,4.10,4.30,0.50,,
fx-dpr2-normal.json,normal,trail,nova,64,false,false,12,10.80,14.30,1.10,,
fx-dpr2-normal.json,normal,impact,mirror,1,false,false,72,1.70,1.90,0.20,,
fx-dpr2-normal.json,normal,impact,mirror,12,false,false,34,3.60,3.80,0.60,,
fx-dpr2-normal.json,normal,impact,mirror,56,false,false,12,11.00,12.00,1.50,,
fx-dpr2-normal.json,normal,hero,mirror,1,false,false,56,2.10,2.30,0.20,,
fx-dpr2-normal.json,normal,hero,mirror,12,false,false,14,8.80,9.20,0.60,,
fx-dpr2-normal.json,normal,hero,mirror,23,false,false,12,16.40,35.00,1.00,,
fx-dpr2-normal.json,normal,hero,mirror,24,false,false,21,5.60,6.50,0.80,,
fx-dpr2-normal.json,normal,hero,mirror,56,false,false,12,11.30,14.90,1.50,,
fx-dpr2-normal.json,normal,trail,mirror,1,false,false,66,1.80,2.00,0.20,,
fx-dpr2-normal.json,normal,trail,mirror,12,false,false,22,5.40,8.00,0.60,,
fx-dpr2-normal.json,normal,trail,mirror,64,false,false,12,16.90,17.20,1.50,,
fx-dpr2-normal.json,normal,impact,hunters,1,false,false,74,1.60,1.80,0.20,,
fx-dpr2-normal.json,normal,impact,hunters,12,false,false,36,3.30,4.90,0.60,,
fx-dpr2-normal.json,normal,impact,hunters,56,false,false,13,9.20,9.90,1.80,,
fx-dpr2-normal.json,normal,hero,hunters,1,false,false,63,1.90,2.00,0.20,,
fx-dpr2-normal.json,normal,hero,hunters,12,false,false,17,7.50,7.80,0.60,,
fx-dpr2-normal.json,normal,hero,hunters,23,false,false,12,13.20,13.50,1.10,,
fx-dpr2-normal.json,normal,hero,hunters,24,false,false,24,4.90,5.80,0.90,,
fx-dpr2-normal.json,normal,hero,hunters,56,false,false,13,9.60,10.20,1.80,,
fx-dpr2-normal.json,normal,trail,hunters,1,false,false,67,1.80,1.90,0.20,,
fx-dpr2-normal.json,normal,trail,hunters,12,false,false,26,4.70,4.90,0.60,,
fx-dpr2-normal.json,normal,trail,hunters,64,false,false,12,11.60,12.00,1.10,,
fx-dpr2-normal.json,normal,impact,seeking,1,false,false,73,1.60,1.80,0.20,,
fx-dpr2-normal.json,normal,impact,seeking,12,false,false,34,3.50,4.50,0.50,,
fx-dpr2-normal.json,normal,impact,seeking,56,false,false,12,11.30,13.80,1.50,,
fx-dpr2-normal.json,normal,hero,seeking,1,false,false,51,2.10,2.50,0.20,,
fx-dpr2-normal.json,normal,hero,seeking,12,false,false,12,9.20,15.40,0.70,,
fx-dpr2-normal.json,normal,hero,seeking,23,false,false,12,16.50,20.90,1.00,,
fx-dpr2-normal.json,normal,hero,seeking,24,false,false,20,6.00,9.20,0.80,,
fx-dpr2-normal.json,normal,hero,seeking,56,false,false,12,11.70,15.10,1.50,,
fx-dpr2-normal.json,normal,trail,seeking,1,false,false,59,1.70,2.70,0.20,,
fx-dpr2-normal.json,normal,trail,seeking,12,false,false,15,4.90,23.90,0.50,,
fx-dpr2-normal.json,normal,trail,seeking,64,false,false,12,12.50,15.00,1.10,,
fx-dpr2-normal.json,normal,impact,swarmqueen,1,false,false,36,2.10,11.70,0.30,,
fx-dpr2-normal.json,normal,impact,swarmqueen,12,false,false,12,13.00,23.90,1.20,,
fx-dpr2-normal.json,normal,impact,swarmqueen,56,false,false,12,29.20,49.30,3.80,,
fx-dpr2-normal.json,normal,hero,swarmqueen,1,false,false,19,2.80,29.20,0.30,,
fx-dpr2-normal.json,normal,hero,swarmqueen,12,false,false,12,16.50,22.80,1.20,,
fx-dpr2-normal.json,normal,hero,swarmqueen,23,false,false,12,29.30,37.30,2.00,,
fx-dpr2-normal.json,normal,hero,swarmqueen,24,false,false,12,11.70,16.20,1.80,,
fx-dpr2-normal.json,normal,hero,swarmqueen,56,false,false,12,23.20,26.10,3.70,,
fx-dpr2-normal.json,normal,trail,swarmqueen,1,false,false,55,2.10,2.70,0.30,,
fx-dpr2-normal.json,normal,trail,swarmqueen,12,false,false,12,8.10,30.00,1.10,,
fx-dpr2-normal.json,normal,trail,swarmqueen,64,false,false,12,21.80,39.70,1.90,,
fx-dpr2-normal.json,normal,impact,bankshot,1,false,false,76,1.60,1.70,0.20,,
fx-dpr2-normal.json,normal,impact,bankshot,12,false,false,28,3.90,8.20,0.60,,
fx-dpr2-normal.json,normal,impact,bankshot,56,false,false,12,13.40,19.50,2.10,,
fx-dpr2-normal.json,normal,hero,bankshot,1,false,false,41,2.60,6.60,0.30,,
fx-dpr2-normal.json,normal,hero,bankshot,12,false,false,12,10.40,14.10,0.60,,
fx-dpr2-normal.json,normal,hero,bankshot,23,false,false,12,17.70,19.30,1.00,,
fx-dpr2-normal.json,normal,hero,bankshot,24,false,false,24,5.00,5.90,0.80,,
fx-dpr2-normal.json,normal,hero,bankshot,56,false,false,12,10.10,11.20,1.70,,
fx-dpr2-normal.json,normal,trail,bankshot,1,false,false,64,1.80,2.10,0.20,,
fx-dpr2-normal.json,normal,trail,bankshot,12,false,false,24,4.90,6.00,0.70,,
fx-dpr2-normal.json,normal,trail,bankshot,64,false,false,12,14.00,14.60,1.40,,
fx-dpr2-normal.json,normal,impact,titan,1,false,false,78,1.50,1.70,0.20,,
fx-dpr2-normal.json,normal,impact,titan,12,false,false,46,2.60,3.00,0.40,,
fx-dpr2-normal.json,normal,impact,titan,56,false,false,18,6.80,7.30,1.20,,
fx-dpr2-normal.json,normal,hero,titan,1,false,false,66,1.80,2.10,0.20,,
fx-dpr2-normal.json,normal,hero,titan,12,false,false,18,6.70,7.40,0.50,,
fx-dpr2-normal.json,normal,hero,titan,23,false,false,12,11.20,11.60,0.70,,
fx-dpr2-normal.json,normal,hero,titan,24,false,false,34,3.60,3.80,0.60,,
fx-dpr2-normal.json,normal,hero,titan,56,false,false,17,7.10,12.50,1.60,,
fx-dpr2-normal.json,normal,trail,titan,1,false,false,74,1.60,2.10,0.20,,
fx-dpr2-normal.json,normal,trail,titan,12,false,false,33,3.60,4.90,0.50,,
fx-dpr2-normal.json,normal,trail,titan,64,false,false,12,10.00,10.90,0.90,,
fx-dpr2-normal.json,normal,impact,piercer,1,false,false,73,1.60,1.70,0.20,,
fx-dpr2-normal.json,normal,impact,piercer,12,false,false,31,3.60,5.30,0.40,,
fx-dpr2-normal.json,normal,impact,piercer,56,false,false,12,14.90,18.70,1.50,,
fx-dpr2-normal.json,normal,hero,piercer,1,false,false,61,2.00,2.10,0.20,,
fx-dpr2-normal.json,normal,hero,piercer,12,false,false,15,8.10,8.50,0.40,,
fx-dpr2-normal.json,normal,hero,piercer,23,false,false,12,14.10,14.80,0.70,,
fx-dpr2-normal.json,normal,hero,piercer,24,false,false,22,5.70,5.90,0.60,,
fx-dpr2-normal.json,normal,hero,piercer,56,false,false,12,11.60,12.30,1.20,,
fx-dpr2-normal.json,normal,trail,piercer,1,false,false,70,1.70,1.80,0.20,,
fx-dpr2-normal.json,normal,trail,piercer,12,false,false,28,4.40,4.50,0.50,,
fx-dpr2-normal.json,normal,trail,piercer,64,false,false,12,12.30,13.50,1.20,,
fx-dpr2-normal.json,normal,impact,heavy,1,false,false,81,1.50,1.60,0.20,,
fx-dpr2-normal.json,normal,impact,heavy,12,false,false,44,2.70,2.80,0.40,,
fx-dpr2-normal.json,normal,impact,heavy,56,false,false,16,7.40,11.80,1.20,,
fx-dpr2-normal.json,normal,hero,heavy,1,false,false,64,1.90,2.00,0.20,,
fx-dpr2-normal.json,normal,hero,heavy,12,false,false,17,7.10,7.50,0.50,,
fx-dpr2-normal.json,normal,hero,heavy,23,false,false,12,12.70,14.70,0.70,,
fx-dpr2-normal.json,normal,hero,heavy,24,false,false,31,3.80,4.20,0.60,,
fx-dpr2-normal.json,normal,hero,heavy,56,false,false,17,7.10,7.50,1.10,,
fx-dpr2-normal.json,normal,trail,heavy,1,false,false,72,1.60,1.80,0.20,,
fx-dpr2-normal.json,normal,trail,heavy,12,false,false,32,3.80,4.10,0.40,,
fx-dpr2-normal.json,normal,trail,heavy,64,false,false,12,11.00,11.90,1.00,,
fx-dpr2-normal.json,normal,impact,railgun,1,false,false,43,1.80,12.80,0.20,,
fx-dpr2-normal.json,normal,impact,railgun,12,false,false,25,4.10,5.40,0.40,,
fx-dpr2-normal.json,normal,impact,railgun,56,false,false,12,14.20,15.50,1.40,,
fx-dpr2-normal.json,normal,hero,railgun,1,false,false,52,2.30,2.50,0.20,,
fx-dpr2-normal.json,normal,hero,railgun,12,false,false,12,10.90,15.60,0.50,,
fx-dpr2-normal.json,normal,hero,railgun,23,false,false,12,22.90,43.30,0.90,,
fx-dpr2-normal.json,normal,hero,railgun,24,false,false,17,6.80,11.00,0.70,,
fx-dpr2-normal.json,normal,hero,railgun,56,false,false,12,14.20,15.00,1.40,,
fx-dpr2-normal.json,normal,trail,railgun,1,false,false,65,1.80,2.10,0.20,,
fx-dpr2-normal.json,normal,trail,railgun,12,false,false,25,4.80,5.10,0.50,,
fx-dpr2-normal.json,normal,trail,railgun,64,false,false,12,15.40,30.00,1.40,,
fx-dpr2-normal.json,normal,impact,sharpshooter,1,false,false,64,1.70,2.80,0.20,,
fx-dpr2-normal.json,normal,impact,sharpshooter,12,false,false,25,3.90,10.70,0.50,,
fx-dpr2-normal.json,normal,impact,sharpshooter,56,false,false,12,11.30,15.70,1.50,,
fx-dpr2-normal.json,normal,hero,sharpshooter,1,false,false,52,2.20,2.60,0.20,,
fx-dpr2-normal.json,normal,hero,sharpshooter,12,false,false,12,10.80,11.20,0.60,,
fx-dpr2-normal.json,normal,hero,sharpshooter,23,false,false,12,19.20,23.90,0.90,,
fx-dpr2-normal.json,normal,hero,sharpshooter,24,false,false,19,5.70,9.90,0.80,,
fx-dpr2-normal.json,normal,hero,sharpshooter,56,false,false,12,11.50,28.20,1.50,,
fx-dpr2-normal.json,normal,trail,sharpshooter,1,false,false,70,1.70,1.80,0.20,,
fx-dpr2-normal.json,normal,trail,sharpshooter,12,false,false,26,4.60,5.30,0.50,,
fx-dpr2-normal.json,normal,trail,sharpshooter,64,false,false,12,11.80,13.70,1.00,,
fx-dpr2-normal.json,normal,impact,rapid,1,false,false,80,1.50,1.60,0.20,,
fx-dpr2-normal.json,normal,impact,rapid,12,false,false,46,2.60,2.80,0.40,,
fx-dpr2-normal.json,normal,impact,rapid,56,false,false,15,7.10,21.10,1.20,,
fx-dpr2-normal.json,normal,hero,rapid,1,false,false,66,1.80,2.00,0.20,,
fx-dpr2-normal.json,normal,hero,rapid,12,false,false,18,6.60,15.10,0.50,,
fx-dpr2-normal.json,normal,hero,rapid,23,false,false,12,13.70,52.00,0.80,,
fx-dpr2-normal.json,normal,hero,rapid,24,false,false,19,4.30,29.40,0.60,,
fx-dpr2-normal.json,normal,hero,rapid,56,false,false,15,7.70,13.50,1.20,,
fx-dpr2-normal.json,normal,trail,rapid,1,false,false,44,1.80,4.60,0.20,,
fx-dpr2-normal.json,normal,trail,rapid,12,false,false,30,4.00,5.20,0.40,,
fx-dpr2-normal.json,normal,trail,rapid,64,false,false,12,11.70,28.40,1.00,,
fx-dpr2-normal.json,normal,impact,growing,1,false,false,62,1.70,2.80,0.20,,
fx-dpr2-normal.json,normal,impact,growing,12,false,false,29,3.00,10.90,0.40,,
fx-dpr2-normal.json,normal,impact,growing,56,false,false,12,10.30,19.50,1.30,,
fx-dpr2-normal.json,normal,hero,growing,1,false,false,57,2.10,2.20,0.20,,
fx-dpr2-normal.json,normal,hero,growing,12,false,false,12,11.80,16.50,0.60,,
fx-dpr2-normal.json,normal,hero,growing,23,false,false,12,24.00,46.00,0.90,,
fx-dpr2-normal.json,normal,hero,growing,24,false,false,16,5.30,21.40,0.60,,
fx-dpr2-normal.json,normal,hero,growing,56,false,false,12,11.20,29.50,1.30,,
fx-dpr2-normal.json,normal,trail,growing,1,false,false,44,1.70,8.60,0.20,,
fx-dpr2-normal.json,normal,trail,growing,12,false,false,14,5.70,16.50,0.60,,
fx-dpr2-normal.json,normal,trail,growing,64,false,false,12,14.60,51.10,1.40,,
fx-dpr2-normal.json,normal,impact,critical,1,false,false,33,1.70,12.40,0.20,,
fx-dpr2-normal.json,normal,impact,critical,12,false,false,17,4.10,14.70,0.50,,
fx-dpr2-normal.json,normal,impact,critical,56,false,false,12,13.00,40.60,1.60,,
fx-dpr2-normal.json,normal,hero,critical,1,false,false,50,2.10,4.80,0.20,,
fx-dpr2-normal.json,normal,hero,critical,12,false,false,12,10.90,13.90,0.60,,
fx-dpr2-normal.json,normal,hero,critical,23,false,false,12,19.20,20.20,1.00,,
fx-dpr2-normal.json,normal,hero,critical,24,false,false,21,5.60,7.00,0.70,,
fx-dpr2-normal.json,normal,hero,critical,56,false,false,12,11.30,11.60,1.50,,
fx-dpr2-normal.json,normal,trail,critical,1,false,false,69,1.70,2.10,0.20,,
fx-dpr2-normal.json,normal,trail,critical,12,false,false,31,4.00,4.20,0.50,,
fx-dpr2-normal.json,normal,trail,critical,64,false,false,12,10.10,18.00,1.10,,
fx-dpr2-normal.json,normal,impact,execute,1,false,false,74,1.60,1.90,0.20,,
fx-dpr2-normal.json,normal,impact,execute,12,false,false,37,3.20,3.50,0.50,,
fx-dpr2-normal.json,normal,impact,execute,56,false,false,13,9.40,12.60,1.40,,
fx-dpr2-normal.json,normal,hero,execute,1,false,false,53,2.30,2.40,0.20,,
fx-dpr2-normal.json,normal,hero,execute,12,false,false,12,11.00,13.90,0.50,,
fx-dpr2-normal.json,normal,hero,execute,23,false,false,12,19.50,21.90,0.70,,
fx-dpr2-normal.json,normal,hero,execute,24,false,false,26,4.60,4.90,0.70,,
fx-dpr2-normal.json,normal,hero,execute,56,false,false,14,9.00,10.10,1.20,,
fx-dpr2-normal.json,normal,trail,execute,1,false,false,70,1.70,1.90,0.20,,
fx-dpr2-normal.json,normal,trail,execute,12,false,false,29,4.00,5.70,0.50,,
fx-dpr2-normal.json,normal,trail,execute,64,false,false,12,10.80,11.70,1.10,,
fx-dpr2-normal.json,normal,impact,rage,1,false,false,65,1.80,2.00,0.20,,
fx-dpr2-normal.json,normal,impact,rage,12,false,false,27,4.50,4.80,0.50,,
fx-dpr2-normal.json,normal,impact,rage,56,false,false,12,16.10,19.50,1.80,,
fx-dpr2-normal.json,normal,hero,rage,1,false,false,49,2.50,2.70,0.20,,
fx-dpr2-normal.json,normal,hero,rage,12,false,false,12,12.60,16.00,0.60,,
fx-dpr2-normal.json,normal,hero,rage,23,false,false,12,21.80,22.60,0.90,,
fx-dpr2-normal.json,normal,hero,rage,24,false,false,18,6.80,7.10,0.70,,
fx-dpr2-normal.json,normal,hero,rage,56,false,false,12,14.10,14.40,1.50,,
fx-dpr2-normal.json,normal,trail,rage,1,false,false,66,1.80,2.00,0.20,,
fx-dpr2-normal.json,normal,trail,rage,12,false,false,25,4.90,5.00,0.50,,
fx-dpr2-normal.json,normal,trail,rage,64,false,false,12,13.10,14.60,1.30,,
fx-dpr2-normal.json,normal,impact,ambush,1,false,false,69,1.70,1.90,0.20,,
fx-dpr2-normal.json,normal,impact,ambush,12,false,false,38,3.20,3.40,0.40,,
fx-dpr2-normal.json,normal,impact,ambush,56,false,false,13,9.00,16.50,1.10,,
fx-dpr2-normal.json,normal,hero,ambush,1,false,false,52,2.30,2.50,0.20,,
fx-dpr2-normal.json,normal,hero,ambush,12,false,false,13,9.30,10.60,0.50,,
fx-dpr2-normal.json,normal,hero,ambush,23,false,false,12,18.30,20.70,0.90,,
fx-dpr2-normal.json,normal,hero,ambush,24,false,false,23,5.20,5.80,0.60,,
fx-dpr2-normal.json,normal,hero,ambush,56,false,false,13,9.70,10.70,1.10,,
fx-dpr2-normal.json,normal,trail,ambush,1,false,false,65,1.80,2.00,0.20,,
fx-dpr2-normal.json,normal,trail,ambush,12,false,false,32,3.90,4.00,0.50,,
fx-dpr2-normal.json,normal,trail,ambush,64,false,false,12,10.40,10.90,1.00,,
fx-dpr2-normal.json,normal,impact,opportunist,1,false,false,77,1.60,1.70,0.20,,
fx-dpr2-normal.json,normal,impact,opportunist,12,false,false,43,2.80,3.00,0.50,,
fx-dpr2-normal.json,normal,impact,opportunist,56,false,false,14,8.40,11.90,1.80,,
fx-dpr2-normal.json,normal,hero,opportunist,1,false,false,62,1.90,2.10,0.20,,
fx-dpr2-normal.json,normal,hero,opportunist,12,false,false,14,8.70,9.10,0.70,,
fx-dpr2-normal.json,normal,hero,opportunist,23,false,false,12,15.70,16.40,1.00,,
fx-dpr2-normal.json,normal,hero,opportunist,24,false,false,29,4.30,4.50,0.70,,
fx-dpr2-normal.json,normal,hero,opportunist,56,false,false,15,8.20,8.90,1.40,,
fx-dpr2-normal.json,normal,trail,opportunist,1,false,false,77,1.60,1.70,0.20,,
fx-dpr2-normal.json,normal,trail,opportunist,12,false,false,34,3.60,3.80,0.50,,
fx-dpr2-normal.json,normal,trail,opportunist,64,false,false,13,10.00,10.20,1.00,,
fx-dpr2-normal.json,normal,impact,reaper,1,false,false,79,1.50,1.60,0.20,,
fx-dpr2-normal.json,normal,impact,reaper,12,false,false,39,3.10,3.40,0.40,,
fx-dpr2-normal.json,normal,impact,reaper,56,false,false,13,9.00,12.50,1.10,,
fx-dpr2-normal.json,normal,hero,reaper,1,false,false,59,2.00,2.40,0.20,,
fx-dpr2-normal.json,normal,hero,reaper,12,false,false,14,8.80,9.20,0.40,,
fx-dpr2-normal.json,normal,hero,reaper,23,false,false,12,16.00,16.60,0.80,,
fx-dpr2-normal.json,normal,hero,reaper,24,false,false,26,4.70,4.90,0.60,,
fx-dpr2-normal.json,normal,hero,reaper,56,false,false,14,8.90,9.70,1.00,,
fx-dpr2-normal.json,normal,trail,reaper,1,false,false,72,1.70,1.90,0.20,,
fx-dpr2-normal.json,normal,trail,reaper,12,false,false,33,3.70,3.90,0.40,,
fx-dpr2-normal.json,normal,trail,reaper,64,false,false,13,9.90,10.40,0.90,,
fx-dpr2-normal.json,normal,impact,siphon,1,false,false,73,1.70,1.80,0.20,,
fx-dpr2-normal.json,normal,impact,siphon,12,false,false,36,3.40,3.60,0.40,,
fx-dpr2-normal.json,normal,impact,siphon,56,false,false,12,10.60,12.40,1.30,,
fx-dpr2-normal.json,normal,hero,siphon,1,false,false,58,2.10,2.40,0.20,,
fx-dpr2-normal.json,normal,hero,siphon,12,false,false,15,8.60,8.80,0.50,,
fx-dpr2-normal.json,normal,hero,siphon,23,false,false,12,15.20,17.20,0.80,,
fx-dpr2-normal.json,normal,hero,siphon,24,false,false,23,5.10,8.00,0.70,,
fx-dpr2-normal.json,normal,hero,siphon,56,false,false,13,9.90,10.20,1.40,,
fx-dpr2-normal.json,normal,trail,siphon,1,false,false,62,1.90,2.10,0.20,,
fx-dpr2-normal.json,normal,trail,siphon,12,false,false,25,4.40,7.00,0.50,,
fx-dpr2-normal.json,normal,trail,siphon,64,false,false,12,12.40,14.30,1.20,,
fx-dpr2-normal.json,normal,impact,ricochet,1,false,false,75,1.60,1.80,0.20,,
fx-dpr2-normal.json,normal,impact,ricochet,12,false,false,39,3.10,3.30,0.40,,
fx-dpr2-normal.json,normal,impact,ricochet,56,false,false,14,9.20,9.40,1.10,,
fx-dpr2-normal.json,normal,hero,ricochet,1,false,false,56,2.10,2.30,0.20,,
fx-dpr2-normal.json,normal,hero,ricochet,12,false,false,13,9.80,11.30,0.40,,
fx-dpr2-normal.json,normal,hero,ricochet,23,false,false,12,17.80,18.30,0.70,,
fx-dpr2-normal.json,normal,hero,ricochet,24,false,false,25,4.80,5.80,0.60,,
fx-dpr2-normal.json,normal,hero,ricochet,56,false,false,14,9.20,9.50,1.20,,
fx-dpr2-normal.json,normal,trail,ricochet,1,false,false,71,1.70,1.90,0.20,,
fx-dpr2-normal.json,normal,trail,ricochet,12,false,false,30,4.10,4.30,0.40,,
fx-dpr2-normal.json,normal,trail,ricochet,64,false,false,12,11.30,11.70,1.00,,
fx-dpr2-normal.json,normal,impact,meteor,1,false,false,68,1.80,1.90,0.20,,
fx-dpr2-normal.json,normal,impact,meteor,12,false,false,30,4.10,4.30,0.60,,
fx-dpr2-normal.json,normal,impact,meteor,56,false,false,12,13.00,14.10,1.70,,
fx-dpr2-normal.json,normal,hero,meteor,1,false,false,47,2.50,2.70,0.20,,
fx-dpr2-normal.json,normal,hero,meteor,12,false,false,12,12.90,13.50,0.70,,
fx-dpr2-normal.json,normal,hero,meteor,23,false,false,12,23.90,25.00,1.20,,
fx-dpr2-normal.json,normal,hero,meteor,24,false,false,19,6.50,7.30,0.80,,
fx-dpr2-normal.json,normal,hero,meteor,56,false,false,12,13.30,14.00,1.90,,
fx-dpr2-normal.json,normal,trail,meteor,1,false,false,66,1.80,2.00,0.20,,
fx-dpr2-normal.json,normal,trail,meteor,12,false,false,25,4.80,5.20,0.60,,
fx-dpr2-normal.json,normal,trail,meteor,64,false,false,12,13.00,13.80,1.20,,
fx-dpr2-normal.json,normal,impact,blast,1,false,false,67,1.80,2.00,0.20,,
fx-dpr2-normal.json,normal,impact,blast,12,false,false,28,4.30,4.60,0.50,,
fx-dpr2-normal.json,normal,impact,blast,56,false,false,12,14.90,16.80,1.60,,
fx-dpr2-normal.json,normal,hero,blast,1,false,false,54,2.20,2.40,0.20,,
fx-dpr2-normal.json,normal,hero,blast,12,false,false,12,12.00,12.90,0.50,,
fx-dpr2-normal.json,normal,hero,blast,23,false,false,12,22.40,22.80,1.00,,
fx-dpr2-normal.json,normal,hero,blast,24,false,false,17,7.00,7.60,0.80,,
fx-dpr2-normal.json,normal,hero,blast,56,false,false,12,14.70,16.10,1.60,,
fx-dpr2-normal.json,normal,trail,blast,1,false,false,65,1.80,2.10,0.20,,
fx-dpr2-normal.json,normal,trail,blast,12,false,false,25,4.90,5.20,0.50,,
fx-dpr2-normal.json,normal,trail,blast,64,false,false,12,11.80,12.10,1.10,,
fx-dpr2-normal.json,normal,impact,doubletap,1,false,false,72,1.70,1.80,0.20,,
fx-dpr2-normal.json,normal,impact,doubletap,12,false,false,35,3.50,3.80,0.40,,
fx-dpr2-normal.json,normal,impact,doubletap,56,false,false,12,11.20,12.20,1.10,,
fx-dpr2-normal.json,normal,hero,doubletap,1,false,false,56,2.10,2.40,0.20,,
fx-dpr2-normal.json,normal,hero,doubletap,12,false,false,13,9.30,9.70,0.40,,
fx-dpr2-normal.json,normal,hero,doubletap,23,false,false,12,17.20,18.00,0.70,,
fx-dpr2-normal.json,normal,hero,doubletap,24,false,false,22,5.60,5.80,0.60,,
fx-dpr2-normal.json,normal,hero,doubletap,56,false,false,12,10.90,12.40,1.20,,
fx-dpr2-normal.json,normal,trail,doubletap,1,false,false,68,1.80,1.90,0.20,,
fx-dpr2-normal.json,normal,trail,doubletap,12,false,false,28,4.30,4.60,0.50,,
fx-dpr2-normal.json,normal,trail,doubletap,64,false,false,12,12.20,16.40,1.10,,
fx-dpr2-normal.json,normal,impact,aftershock,1,false,false,70,1.70,1.90,0.20,,
fx-dpr2-normal.json,normal,impact,aftershock,12,false,false,33,3.70,3.90,0.40,,
fx-dpr2-normal.json,normal,impact,aftershock,56,false,false,12,11.90,12.80,1.20,,
fx-dpr2-normal.json,normal,hero,aftershock,1,false,false,57,2.10,2.30,0.20,,
fx-dpr2-normal.json,normal,hero,aftershock,12,false,false,13,9.90,10.90,0.50,,
fx-dpr2-normal.json,normal,hero,aftershock,23,false,false,12,18.40,19.20,0.80,,
fx-dpr2-normal.json,normal,hero,aftershock,24,false,false,21,5.80,6.20,0.60,,
fx-dpr2-normal.json,normal,hero,aftershock,56,false,false,12,11.80,13.60,1.20,,
fx-dpr2-normal.json,normal,trail,aftershock,1,false,false,64,1.70,3.10,0.20,,
fx-dpr2-normal.json,normal,trail,aftershock,12,false,false,27,4.20,6.20,0.50,,
fx-dpr2-normal.json,normal,trail,aftershock,64,false,false,12,11.70,14.60,1.00,,
fx-dpr2-normal.json,normal,impact,cascade,1,false,false,68,1.80,1.90,0.20,,
fx-dpr2-normal.json,normal,impact,cascade,12,false,false,28,4.40,4.70,0.60,,
fx-dpr2-normal.json,normal,impact,cascade,56,false,false,12,15.20,15.80,1.90,,
fx-dpr2-normal.json,normal,hero,cascade,1,false,false,53,2.30,2.40,0.20,,
fx-dpr2-normal.json,normal,hero,cascade,12,false,false,12,11.40,15.90,0.70,,
fx-dpr2-normal.json,normal,hero,cascade,23,false,false,12,21.50,22.60,1.20,,
fx-dpr2-normal.json,normal,hero,cascade,24,false,false,17,7.20,8.10,0.90,,
fx-dpr2-normal.json,normal,hero,cascade,56,false,false,12,14.90,15.50,1.90,,
fx-dpr2-normal.json,normal,trail,cascade,1,false,false,65,1.80,2.30,0.20,,
fx-dpr2-normal.json,normal,trail,cascade,12,false,false,26,4.70,5.40,0.60,,
fx-dpr2-normal.json,normal,trail,cascade,64,false,false,12,11.50,11.80,1.20,,
fx-dpr2-normal.json,normal,impact,orbital,1,false,false,66,1.80,2.00,0.20,,
fx-dpr2-normal.json,normal,impact,orbital,12,false,false,26,4.60,5.20,0.60,,
fx-dpr2-normal.json,normal,impact,orbital,56,false,false,12,15.80,16.40,2.00,,
fx-dpr2-normal.json,normal,hero,orbital,1,false,false,52,2.30,2.40,0.20,,
fx-dpr2-normal.json,normal,hero,orbital,12,false,false,12,13.10,25.80,0.70,,
fx-dpr2-normal.json,normal,hero,orbital,23,false,false,12,22.10,22.40,1.10,,
fx-dpr2-normal.json,normal,hero,orbital,24,false,false,16,7.40,17.70,0.90,,
fx-dpr2-normal.json,normal,hero,orbital,56,false,false,12,17.70,23.10,2.30,,
fx-dpr2-normal.json,normal,trail,orbital,1,false,false,63,1.90,2.10,0.20,,
fx-dpr2-normal.json,normal,trail,orbital,12,false,false,22,5.50,6.50,0.70,,
fx-dpr2-normal.json,normal,trail,orbital,64,false,false,12,14.40,16.00,1.50,,
fx-dpr2-normal.json,normal,impact,minefield,1,false,false,62,1.90,2.10,0.20,,
fx-dpr2-normal.json,normal,impact,minefield,12,false,false,22,5.00,6.80,0.50,,
fx-dpr2-normal.json,normal,impact,minefield,56,false,false,12,18.20,22.60,1.90,,
fx-dpr2-normal.json,normal,hero,minefield,1,false,false,45,2.60,2.90,0.20,,
fx-dpr2-normal.json,normal,hero,minefield,12,false,false,12,14.70,15.20,0.80,,
fx-dpr2-normal.json,normal,hero,minefield,23,false,false,12,25.10,27.40,1.30,,
fx-dpr2-normal.json,normal,hero,minefield,24,false,false,14,8.50,12.00,0.90,,
fx-dpr2-normal.json,normal,hero,minefield,56,false,false,12,22.80,57.50,2.40,,
fx-dpr2-normal.json,normal,trail,minefield,1,false,false,53,2.00,2.80,0.20,,
fx-dpr2-normal.json,normal,trail,minefield,12,false,false,21,5.40,8.20,0.60,,
fx-dpr2-normal.json,normal,trail,minefield,64,false,false,12,13.10,15.30,1.30,,
fx-dpr2-normal.json,normal,impact,lightning,1,false,false,69,1.70,2.00,0.20,,
fx-dpr2-normal.json,normal,impact,lightning,12,false,false,29,3.70,5.20,0.40,,
fx-dpr2-normal.json,normal,impact,lightning,56,false,false,12,12.50,15.70,1.40,,
fx-dpr2-normal.json,normal,hero,lightning,1,false,false,54,2.20,2.40,0.20,,
fx-dpr2-normal.json,normal,hero,lightning,12,false,false,12,10.50,11.40,0.50,,
fx-dpr2-normal.json,normal,hero,lightning,23,false,false,12,19.80,21.90,1.00,,
fx-dpr2-normal.json,normal,hero,lightning,24,false,false,14,5.90,23.00,0.70,,
fx-dpr2-normal.json,normal,hero,lightning,56,false,false,12,14.60,22.40,1.50,,
fx-dpr2-normal.json,normal,trail,lightning,1,false,false,55,1.80,3.90,0.20,,
fx-dpr2-normal.json,normal,trail,lightning,12,false,false,18,5.50,16.20,0.60,,
fx-dpr2-normal.json,normal,trail,lightning,64,false,false,12,15.70,20.00,1.20,,
fx-dpr2-normal.json,normal,impact,storm,1,false,false,58,1.80,3.10,0.20,,
fx-dpr2-normal.json,normal,impact,storm,12,false,false,24,4.20,10.70,0.50,,
fx-dpr2-normal.json,normal,impact,storm,56,false,false,12,13.30,13.80,1.40,,
fx-dpr2-normal.json,normal,hero,storm,1,false,false,46,2.30,4.90,0.20,,
fx-dpr2-normal.json,normal,hero,storm,12,false,false,12,11.30,14.00,0.60,,
fx-dpr2-normal.json,normal,hero,storm,23,false,false,12,22.50,32.90,1.00,,
fx-dpr2-normal.json,normal,hero,storm,24,false,false,21,5.90,6.40,0.60,,
fx-dpr2-normal.json,normal,hero,storm,56,false,false,12,12.30,14.00,1.30,,
fx-dpr2-normal.json,normal,trail,storm,1,false,false,71,1.70,1.80,0.20,,
fx-dpr2-normal.json,normal,trail,storm,12,false,false,29,4.10,5.80,0.40,,
fx-dpr2-normal.json,normal,trail,storm,64,false,false,12,12.30,27.90,1.10,,
fx-dpr2-normal.json,normal,impact,thunderlottery,1,false,false,61,1.80,2.90,0.20,,
fx-dpr2-normal.json,normal,impact,thunderlottery,12,false,false,22,4.30,11.60,0.50,,
fx-dpr2-normal.json,normal,impact,thunderlottery,56,false,false,12,17.50,51.20,1.50,,
fx-dpr2-normal.json,normal,hero,thunderlottery,1,false,false,48,2.30,3.00,0.20,,
fx-dpr2-normal.json,normal,hero,thunderlottery,12,false,false,12,10.20,18.90,0.70,,
fx-dpr2-normal.json,normal,hero,thunderlottery,23,false,false,12,24.70,57.20,1.20,,
fx-dpr2-normal.json,normal,hero,thunderlottery,24,false,false,13,9.00,14.00,0.90,,
fx-dpr2-normal.json,normal,hero,thunderlottery,56,false,false,12,24.90,49.30,2.00,,
fx-dpr2-normal.json,normal,trail,thunderlottery,1,false,false,61,1.80,2.10,0.20,,
fx-dpr2-normal.json,normal,trail,thunderlottery,12,false,false,12,16.10,26.00,0.70,,
fx-dpr2-normal.json,normal,trail,thunderlottery,64,false,false,12,12.70,23.40,1.10,,
fx-dpr2-normal.json,normal,impact,stormfront,1,false,false,65,1.70,2.30,0.20,,
fx-dpr2-normal.json,normal,impact,stormfront,12,false,false,15,4.10,38.20,0.50,,
fx-dpr2-normal.json,normal,impact,stormfront,56,false,false,12,11.90,23.60,1.90,,
fx-dpr2-normal.json,normal,hero,stormfront,1,false,false,54,2.20,2.90,0.20,,
fx-dpr2-normal.json,normal,hero,stormfront,12,false,false,12,15.30,31.30,0.80,,
fx-dpr2-normal.json,normal,hero,stormfront,23,false,false,12,34.50,55.90,1.50,,
fx-dpr2-normal.json,normal,hero,stormfront,24,false,false,16,6.20,18.80,0.90,,
fx-dpr2-normal.json,normal,hero,stormfront,56,false,false,12,10.00,10.90,1.60,,
fx-dpr2-normal.json,normal,trail,stormfront,1,false,false,65,1.70,2.20,0.20,,
fx-dpr2-normal.json,normal,trail,stormfront,12,false,false,17,5.10,19.50,0.60,,
fx-dpr2-normal.json,normal,trail,stormfront,64,false,false,12,13.60,30.10,1.20,,
fx-dpr2-normal.json,normal,impact,ice,1,false,false,66,1.80,2.50,0.20,,
fx-dpr2-normal.json,normal,impact,ice,12,false,false,30,4.00,4.20,0.50,,
fx-dpr2-normal.json,normal,impact,ice,56,false,false,12,14.20,15.80,1.70,,
fx-dpr2-normal.json,normal,hero,ice,1,false,false,52,2.30,2.90,0.20,,
fx-dpr2-normal.json,normal,hero,ice,12,false,false,12,12.50,12.70,0.60,,
fx-dpr2-normal.json,normal,hero,ice,23,false,false,12,22.90,23.30,1.10,,
fx-dpr2-normal.json,normal,hero,ice,24,false,false,18,6.80,7.10,0.80,,
fx-dpr2-normal.json,normal,hero,ice,56,false,false,12,14.60,15.90,1.70,,
fx-dpr2-normal.json,normal,trail,ice,1,false,false,66,1.80,1.90,0.20,,
fx-dpr2-normal.json,normal,trail,ice,12,false,false,26,4.70,5.00,0.60,,
fx-dpr2-normal.json,normal,trail,ice,64,false,false,12,11.10,11.50,1.40,,
fx-dpr2-normal.json,normal,impact,shatter,1,false,false,66,1.80,1.90,0.20,,
fx-dpr2-normal.json,normal,impact,shatter,12,false,false,23,4.70,7.80,0.70,,
fx-dpr2-normal.json,normal,impact,shatter,56,false,false,12,16.80,17.50,2.50,,
fx-dpr2-normal.json,normal,hero,shatter,1,false,false,50,2.40,2.60,0.30,,
fx-dpr2-normal.json,normal,hero,shatter,12,false,false,12,11.90,12.10,0.80,,
fx-dpr2-normal.json,normal,hero,shatter,23,false,false,12,21.30,25.20,1.40,,
fx-dpr2-normal.json,normal,hero,shatter,24,false,false,16,7.70,8.60,1.10,,
fx-dpr2-normal.json,normal,hero,shatter,56,false,false,12,17.70,29.20,2.40,,
fx-dpr2-normal.json,normal,trail,shatter,1,false,false,63,1.90,2.00,0.20,,
fx-dpr2-normal.json,normal,trail,shatter,12,false,false,24,5.30,5.50,0.80,,
fx-dpr2-normal.json,normal,trail,shatter,64,false,false,12,11.50,12.10,1.60,,
fx-dpr2-normal.json,normal,impact,blizzard,1,false,false,47,2.60,2.70,0.30,,
fx-dpr2-normal.json,normal,impact,blizzard,12,false,false,12,10.40,11.30,1.20,,
fx-dpr2-normal.json,normal,impact,blizzard,56,false,false,12,42.50,46.00,4.80,,
fx-dpr2-normal.json,normal,hero,blizzard,1,false,false,30,4.10,4.40,0.30,,
fx-dpr2-normal.json,normal,hero,blizzard,12,false,false,12,30.80,31.90,1.50,,
fx-dpr2-normal.json,normal,hero,blizzard,23,false,false,12,56.80,58.30,2.60,,
fx-dpr2-normal.json,normal,hero,blizzard,24,false,false,12,18.90,22.20,2.20,,
fx-dpr2-normal.json,normal,hero,blizzard,56,false,false,12,42.50,48.00,4.90,,
fx-dpr2-normal.json,normal,trail,blizzard,1,false,false,45,2.70,2.90,0.30,,
fx-dpr2-normal.json,normal,trail,blizzard,12,false,false,12,10.70,11.50,1.20,,
fx-dpr2-normal.json,normal,trail,blizzard,64,false,false,12,20.00,25.10,2.00,,
fx-dpr2-normal.json,normal,impact,snowburst,1,false,false,50,2.40,2.70,0.30,,
fx-dpr2-normal.json,normal,impact,snowburst,12,false,false,15,8.30,9.10,1.00,,
fx-dpr2-normal.json,normal,impact,snowburst,56,false,false,12,34.00,42.60,4.20,,
fx-dpr2-normal.json,normal,hero,snowburst,1,false,false,32,3.80,4.20,0.30,,
fx-dpr2-normal.json,normal,hero,snowburst,12,false,false,12,26.60,27.30,1.30,,
fx-dpr2-normal.json,normal,hero,snowburst,23,false,false,12,51.50,61.50,2.30,,
fx-dpr2-normal.json,normal,hero,snowburst,24,false,false,12,16.20,18.40,1.90,,
fx-dpr2-normal.json,normal,hero,snowburst,56,false,false,12,37.50,47.90,4.40,,
fx-dpr2-normal.json,normal,trail,snowburst,1,false,false,47,2.50,2.70,0.30,,
fx-dpr2-normal.json,normal,trail,snowburst,12,false,false,13,9.40,10.10,1.20,,
fx-dpr2-normal.json,normal,trail,snowburst,64,false,false,12,16.80,19.80,2.20,,
fx-dpr2-normal.json,normal,impact,frostfire,1,false,false,50,2.00,2.50,0.30,,
fx-dpr2-normal.json,normal,impact,frostfire,12,false,false,25,5.00,5.30,0.80,,
fx-dpr2-normal.json,normal,impact,frostfire,56,false,false,12,17.70,18.70,2.60,,
fx-dpr2-normal.json,normal,hero,frostfire,1,false,false,47,2.60,2.80,0.20,,
fx-dpr2-normal.json,normal,hero,frostfire,12,false,false,12,14.20,15.10,0.80,,
fx-dpr2-normal.json,normal,hero,frostfire,23,false,false,12,30.50,48.60,1.70,,
fx-dpr2-normal.json,normal,hero,frostfire,24,false,false,15,8.00,8.60,1.40,,
fx-dpr2-normal.json,normal,hero,frostfire,56,false,false,12,16.70,27.10,2.60,,
fx-dpr2-normal.json,normal,trail,frostfire,1,false,false,58,2.00,2.40,0.30,,
fx-dpr2-normal.json,normal,trail,frostfire,12,false,false,22,5.70,6.00,0.80,,
fx-dpr2-normal.json,normal,trail,frostfire,64,false,false,12,13.80,14.90,1.60,,
fx-dpr2-normal.json,normal,impact,poison,1,false,false,73,1.60,1.80,0.20,,
fx-dpr2-normal.json,normal,impact,poison,12,false,false,33,3.60,3.80,0.40,,
fx-dpr2-normal.json,normal,impact,poison,56,false,false,12,11.00,13.50,1.50,,
fx-dpr2-normal.json,normal,hero,poison,1,false,false,58,2.10,2.20,0.20,,
fx-dpr2-normal.json,normal,hero,poison,12,false,false,15,8.30,9.70,0.60,,
fx-dpr2-normal.json,normal,hero,poison,23,false,false,12,15.10,16.70,1.10,,
fx-dpr2-normal.json,normal,hero,poison,24,false,false,21,5.60,6.20,0.90,,
fx-dpr2-normal.json,normal,hero,poison,56,false,false,12,11.20,11.90,1.60,,
fx-dpr2-normal.json,normal,trail,poison,1,false,false,71,1.70,1.80,0.20,,
fx-dpr2-normal.json,normal,trail,poison,12,false,false,29,4.20,4.30,0.50,,
fx-dpr2-normal.json,normal,trail,poison,64,false,false,12,11.40,11.90,1.10,,
fx-dpr2-normal.json,normal,impact,decay,1,false,false,61,2.00,2.10,0.20,,
fx-dpr2-normal.json,normal,impact,decay,12,false,false,26,4.70,4.90,0.60,,
fx-dpr2-normal.json,normal,impact,decay,56,false,false,12,15.80,16.40,1.90,,
fx-dpr2-normal.json,normal,hero,decay,1,false,false,45,2.70,2.80,0.20,,
fx-dpr2-normal.json,normal,hero,decay,12,false,false,12,14.00,14.80,0.60,,
fx-dpr2-normal.json,normal,hero,decay,23,false,false,12,25.70,29.60,1.20,,
fx-dpr2-normal.json,normal,hero,decay,24,false,false,15,7.90,11.30,1.10,,
fx-dpr2-normal.json,normal,hero,decay,56,false,false,12,15.80,16.30,2.10,,
fx-dpr2-normal.json,normal,trail,decay,1,false,false,61,2.00,2.10,0.20,,
fx-dpr2-normal.json,normal,trail,decay,12,false,false,23,5.00,7.40,0.60,,
fx-dpr2-normal.json,normal,trail,decay,64,false,false,12,12.70,13.80,1.20,,
fx-dpr2-normal.json,normal,impact,sweep,1,false,false,77,1.60,1.70,0.20,,
fx-dpr2-normal.json,normal,impact,sweep,12,false,false,33,3.60,3.80,0.40,,
fx-dpr2-normal.json,normal,impact,sweep,56,false,false,12,11.90,12.40,1.10,,
fx-dpr2-normal.json,normal,hero,sweep,1,false,false,66,1.80,1.90,0.20,,
fx-dpr2-normal.json,normal,hero,sweep,12,false,false,18,6.90,7.30,0.40,,
fx-dpr2-normal.json,normal,hero,sweep,23,false,false,12,12.00,13.30,0.70,,
fx-dpr2-normal.json,normal,hero,sweep,24,false,false,20,6.10,6.90,0.60,,
fx-dpr2-normal.json,normal,hero,sweep,56,false,false,12,11.90,12.40,1.20,,
fx-dpr2-normal.json,normal,trail,sweep,1,false,false,78,1.60,1.70,0.20,,
fx-dpr2-normal.json,normal,trail,sweep,12,false,false,33,3.70,3.80,0.40,,
fx-dpr2-normal.json,normal,trail,sweep,64,false,false,12,12.20,12.70,1.10,,
fx-dpr2-normal.json,normal,impact,lance,1,false,false,68,1.80,1.90,0.20,,
fx-dpr2-normal.json,normal,impact,lance,12,false,false,24,5.10,5.40,0.50,,
fx-dpr2-normal.json,normal,impact,lance,56,false,false,12,19.20,21.60,1.50,,
fx-dpr2-normal.json,normal,hero,lance,1,false,false,55,2.20,2.40,0.20,,
fx-dpr2-normal.json,normal,hero,lance,12,false,false,12,11.40,12.70,0.50,,
fx-dpr2-normal.json,normal,hero,lance,23,false,false,12,21.30,21.80,0.90,,
fx-dpr2-normal.json,normal,hero,lance,24,false,false,13,9.40,12.10,0.80,,
fx-dpr2-normal.json,normal,hero,lance,56,false,false,12,19.30,19.70,1.60,,
fx-dpr2-normal.json,normal,trail,lance,1,false,false,68,1.80,2.00,0.20,,
fx-dpr2-normal.json,normal,trail,lance,12,false,false,26,4.60,5.20,0.50,,
fx-dpr2-normal.json,normal,trail,lance,64,false,false,12,14.60,18.10,1.40,,
fx-dpr2-normal.json,normal,impact,crossfire,1,false,false,71,1.70,2.10,0.20,,
fx-dpr2-normal.json,normal,impact,crossfire,12,false,false,33,3.70,3.80,0.40,,
fx-dpr2-normal.json,normal,impact,crossfire,56,false,false,12,12.30,12.60,1.10,,
fx-dpr2-normal.json,normal,hero,crossfire,1,false,false,67,1.80,1.90,0.20,,
fx-dpr2-normal.json,normal,hero,crossfire,12,false,false,18,7.10,7.30,0.40,,
fx-dpr2-normal.json,normal,hero,crossfire,23,false,false,12,12.40,16.30,0.70,,
fx-dpr2-normal.json,normal,hero,crossfire,24,false,false,20,6.20,7.00,0.60,,
fx-dpr2-normal.json,normal,hero,crossfire,56,false,false,12,12.30,15.80,1.20,,
fx-dpr2-normal.json,normal,trail,crossfire,1,false,false,77,1.60,1.70,0.20,,
fx-dpr2-normal.json,normal,trail,crossfire,12,false,false,33,3.70,3.90,0.40,,
fx-dpr2-normal.json,normal,trail,crossfire,64,false,false,12,12.00,15.80,1.20,,
fx-dpr2-normal.json,normal,impact,pulse,1,false,false,61,2.00,2.10,0.20,,
fx-dpr2-normal.json,normal,impact,pulse,12,false,false,19,6.50,7.60,0.50,,
fx-dpr2-normal.json,normal,impact,pulse,56,false,false,12,25.10,25.60,1.60,,
fx-dpr2-normal.json,normal,hero,pulse,1,false,false,32,3.10,7.70,0.20,,
fx-dpr2-normal.json,normal,hero,pulse,12,false,false,12,21.30,22.00,0.60,,
fx-dpr2-normal.json,normal,hero,pulse,23,false,false,12,38.50,44.50,1.10,,
fx-dpr2-normal.json,normal,hero,pulse,24,false,false,12,11.40,11.60,0.70,,
fx-dpr2-normal.json,normal,hero,pulse,56,false,false,12,25.20,28.40,1.50,,
fx-dpr2-normal.json,normal,trail,pulse,1,false,false,65,1.80,1.90,0.20,,
fx-dpr2-normal.json,normal,trail,pulse,12,false,false,28,4.40,4.60,0.50,,
fx-dpr2-normal.json,normal,trail,pulse,64,false,false,13,9.40,11.20,1.20,,
fx-dpr2-normal.json,normal,impact,supernova,1,false,false,59,2.00,2.20,0.20,,
fx-dpr2-normal.json,normal,impact,supernova,12,false,false,17,7.10,7.70,0.50,,
fx-dpr2-normal.json,normal,impact,supernova,56,false,false,12,28.80,33.00,1.50,,
fx-dpr2-normal.json,normal,hero,supernova,1,false,false,43,2.80,3.00,0.20,,
fx-dpr2-normal.json,normal,hero,supernova,12,false,false,12,21.00,21.50,0.60,,
fx-dpr2-normal.json,normal,hero,supernova,23,false,false,12,39.70,44.00,0.90,,
fx-dpr2-normal.json,normal,hero,supernova,24,false,false,12,12.90,13.40,0.70,,
fx-dpr2-normal.json,normal,hero,supernova,56,false,false,12,28.80,29.30,1.60,,
fx-dpr2-normal.json,normal,trail,supernova,1,false,false,61,2.00,2.10,0.20,,
fx-dpr2-normal.json,normal,trail,supernova,12,false,false,22,5.50,5.70,0.50,,
fx-dpr2-normal.json,normal,trail,supernova,64,false,false,12,12.50,13.10,1.00,,
fx-dpr2-normal.json,normal,impact,alchemist,1,false,false,76,1.60,1.70,0.20,,
fx-dpr2-normal.json,normal,impact,alchemist,12,false,false,42,2.90,3.10,0.40,,
fx-dpr2-normal.json,normal,impact,alchemist,56,false,false,15,8.20,9.50,1.00,,
fx-dpr2-normal.json,normal,hero,alchemist,1,false,false,59,2.00,2.20,0.20,,
fx-dpr2-normal.json,normal,hero,alchemist,12,false,false,16,8.00,12.40,0.50,,
fx-dpr2-normal.json,normal,hero,alchemist,23,false,false,12,14.30,15.00,0.70,,
fx-dpr2-normal.json,normal,hero,alchemist,24,false,false,29,4.30,4.50,0.50,,
fx-dpr2-normal.json,normal,hero,alchemist,56,false,false,15,8.00,8.50,1.00,,
fx-dpr2-normal.json,normal,trail,alchemist,1,false,false,74,1.60,1.80,0.20,,
fx-dpr2-normal.json,normal,trail,alchemist,12,false,false,32,3.80,4.00,0.40,,
fx-dpr2-normal.json,normal,trail,alchemist,64,false,false,12,10.40,10.70,1.00,,
fx-dpr2-normal.json,normal,impact,mint,1,false,false,55,2.20,2.30,0.20,,
fx-dpr2-normal.json,normal,impact,mint,12,false,false,17,7.10,8.90,0.60,,
fx-dpr2-normal.json,normal,impact,mint,56,false,false,12,27.40,31.40,2.20,,
fx-dpr2-normal.json,normal,hero,mint,1,false,false,40,3.10,3.40,0.20,,
fx-dpr2-normal.json,normal,hero,mint,12,false,false,12,18.50,21.10,0.90,,
fx-dpr2-normal.json,normal,hero,mint,23,false,false,12,33.90,34.40,1.40,,
fx-dpr2-normal.json,normal,hero,mint,24,false,false,12,12.30,12.90,1.00,,
fx-dpr2-normal.json,normal,hero,mint,56,false,false,12,27.10,27.50,2.10,,
fx-dpr2-normal.json,normal,trail,mint,1,false,false,57,2.10,2.20,0.20,,
fx-dpr2-normal.json,normal,trail,mint,12,false,false,19,6.40,6.60,0.60,,
fx-dpr2-normal.json,normal,trail,mint,64,false,false,12,13.60,14.10,1.20,,
fx-dpr2-normal.json,normal,impact,treasury,1,false,false,67,1.80,1.90,0.20,,
fx-dpr2-normal.json,normal,impact,treasury,12,false,false,26,4.70,5.00,0.70,,
fx-dpr2-normal.json,normal,impact,treasury,56,false,false,12,17.50,20.60,2.80,,
fx-dpr2-normal.json,normal,hero,treasury,1,false,false,49,2.50,2.60,0.20,,
fx-dpr2-normal.json,normal,hero,treasury,12,false,false,12,12.90,13.50,0.70,,
fx-dpr2-normal.json,normal,hero,treasury,23,false,false,12,23.70,24.20,1.30,,
fx-dpr2-normal.json,normal,hero,treasury,24,false,false,13,8.60,14.90,1.20,,
fx-dpr2-normal.json,normal,hero,treasury,56,false,false,12,18.20,18.90,2.60,,
fx-dpr2-normal.json,normal,trail,treasury,1,false,false,61,1.90,2.60,0.20,,
fx-dpr2-normal.json,normal,trail,treasury,12,false,false,22,5.60,6.00,0.80,,
fx-dpr2-normal.json,normal,trail,treasury,64,false,false,12,12.70,18.90,1.40,,
fx-dpr2-normal.json,normal,impact,bargain,1,false,false,71,1.60,2.20,0.20,,
fx-dpr2-normal.json,normal,impact,bargain,12,false,false,40,3.00,3.40,0.40,,
fx-dpr2-normal.json,normal,impact,bargain,56,false,false,13,9.10,13.80,1.40,,
fx-dpr2-normal.json,normal,hero,bargain,1,false,false,57,2.10,2.20,0.20,,
fx-dpr2-normal.json,normal,hero,bargain,12,false,false,14,8.80,9.50,0.50,,
fx-dpr2-normal.json,normal,hero,bargain,23,false,false,12,16.10,19.60,0.60,,
fx-dpr2-normal.json,normal,hero,bargain,24,false,false,27,4.40,4.80,0.50,,
fx-dpr2-normal.json,normal,hero,bargain,56,false,false,15,8.40,8.60,1.00,,
fx-dpr2-normal.json,normal,trail,bargain,1,false,false,73,1.70,1.80,0.20,,
fx-dpr2-normal.json,normal,trail,bargain,12,false,false,31,3.80,4.80,0.40,,
fx-dpr2-normal.json,normal,trail,bargain,64,false,false,12,11.00,12.20,0.80,,
fx-dpr2-normal.json,normal,impact,forge,1,false,false,72,1.70,1.80,0.20,,
fx-dpr2-normal.json,normal,impact,forge,12,false,false,36,3.40,3.60,0.40,,
fx-dpr2-normal.json,normal,impact,forge,56,false,false,12,10.30,10.70,1.10,,
fx-dpr2-normal.json,normal,hero,forge,1,false,false,60,2.00,2.20,0.20,,
fx-dpr2-normal.json,normal,hero,forge,12,false,false,12,10.70,15.60,0.50,,
fx-dpr2-normal.json,normal,hero,forge,23,false,false,12,19.30,21.30,0.80,,
fx-dpr2-normal.json,normal,hero,forge,24,false,false,20,5.70,10.40,0.80,,
fx-dpr2-normal.json,normal,hero,forge,56,false,false,12,11.00,13.30,1.30,,
fx-dpr2-normal.json,normal,trail,forge,1,false,false,70,1.70,1.80,0.20,,
fx-dpr2-normal.json,normal,trail,forge,12,false,false,28,4.30,4.70,0.50,,
fx-dpr2-normal.json,normal,trail,forge,64,false,false,12,11.70,14.40,1.10,,
fx-dpr2-normal.json,normal,impact,jackpot,1,false,false,69,1.70,1.90,0.20,,
fx-dpr2-normal.json,normal,impact,jackpot,12,false,false,30,3.90,4.50,0.50,,
fx-dpr2-normal.json,normal,impact,jackpot,56,false,false,12,13.10,13.80,1.60,,
fx-dpr2-normal.json,normal,hero,jackpot,1,false,false,50,2.30,2.50,0.20,,
fx-dpr2-normal.json,normal,hero,jackpot,12,false,false,12,11.20,11.80,0.60,,
fx-dpr2-normal.json,normal,hero,jackpot,23,false,false,12,20.60,21.20,1.00,,
fx-dpr2-normal.json,normal,hero,jackpot,24,false,false,19,6.30,7.00,0.70,,
fx-dpr2-normal.json,normal,hero,jackpot,56,false,false,12,13.00,18.40,1.60,,
fx-dpr2-normal.json,normal,trail,jackpot,1,false,false,68,1.80,1.90,0.20,,
fx-dpr2-normal.json,normal,trail,jackpot,12,false,false,26,4.70,4.90,0.50,,
fx-dpr2-normal.json,normal,trail,jackpot,64,false,false,12,11.30,11.70,1.10,,
fx-dpr2-normal.json,normal,impact,bounty,1,false,false,68,1.80,1.90,0.20,,
fx-dpr2-normal.json,normal,impact,bounty,12,false,false,28,4.20,4.50,0.50,,
fx-dpr2-normal.json,normal,impact,bounty,56,false,false,12,13.90,15.50,1.80,,
fx-dpr2-normal.json,normal,hero,bounty,1,false,false,51,2.40,2.50,0.20,,
fx-dpr2-normal.json,normal,hero,bounty,12,false,false,12,12.50,18.50,0.70,,
fx-dpr2-normal.json,normal,hero,bounty,23,false,false,12,22.90,24.00,1.20,,
fx-dpr2-normal.json,normal,hero,bounty,24,false,false,17,6.70,14.90,0.90,,
fx-dpr2-normal.json,normal,hero,bounty,56,false,false,12,13.70,15.20,1.80,,
fx-dpr2-normal.json,normal,trail,bounty,1,false,false,64,1.80,2.40,0.20,,
fx-dpr2-normal.json,normal,trail,bounty,12,false,false,25,4.90,5.20,0.60,,
fx-dpr2-normal.json,normal,trail,bounty,64,false,false,12,12.10,12.40,1.10,,
fx-dpr2-normal.json,normal,impact,specialist,1,false,false,72,1.70,1.80,0.20,,
fx-dpr2-normal.json,normal,impact,specialist,12,false,false,32,3.70,4.70,0.60,,
fx-dpr2-normal.json,normal,impact,specialist,56,false,false,12,11.10,12.00,2.10,,
fx-dpr2-normal.json,normal,hero,specialist,1,false,false,60,2.00,2.10,0.20,,
fx-dpr2-normal.json,normal,hero,specialist,12,false,false,15,8.10,13.50,0.80,,
fx-dpr2-normal.json,normal,hero,specialist,23,false,false,12,14.90,18.10,1.40,,
fx-dpr2-normal.json,normal,hero,specialist,24,false,false,22,5.70,6.00,1.10,,
fx-dpr2-normal.json,normal,hero,specialist,56,false,false,12,12.10,19.70,2.30,,
fx-dpr2-normal.json,normal,trail,specialist,1,false,false,70,1.70,1.90,0.20,,
fx-dpr2-normal.json,normal,trail,specialist,12,false,false,28,4.40,4.70,0.70,,
fx-dpr2-normal.json,normal,trail,specialist,64,false,false,12,11.20,12.10,1.30,,
fx-dpr2-normal.json,normal,impact,resonance,1,false,false,67,1.80,2.00,0.20,,
fx-dpr2-normal.json,normal,impact,resonance,12,false,false,29,4.20,4.40,0.40,,
fx-dpr2-normal.json,normal,impact,resonance,56,false,false,12,14.30,14.70,1.50,,
fx-dpr2-normal.json,normal,hero,resonance,1,false,false,51,2.30,2.50,0.20,,
fx-dpr2-normal.json,normal,hero,resonance,12,false,false,12,11.50,12.10,0.50,,
fx-dpr2-normal.json,normal,hero,resonance,23,false,false,12,21.40,23.90,0.90,,
fx-dpr2-normal.json,normal,hero,resonance,24,false,false,17,7.00,7.60,0.80,,
fx-dpr2-normal.json,normal,hero,resonance,56,false,false,12,13.90,14.20,1.50,,
fx-dpr2-normal.json,normal,trail,resonance,1,false,false,72,1.70,1.80,0.20,,
fx-dpr2-normal.json,normal,trail,resonance,12,false,false,33,3.70,3.80,0.40,,
fx-dpr2-normal.json,normal,trail,resonance,64,false,false,15,8.20,8.40,0.90,,
fx-dpr2-normal.json,normal,impact,corehunter,1,false,false,77,1.60,1.70,0.20,,
fx-dpr2-normal.json,normal,impact,corehunter,12,false,false,38,3.20,3.70,0.50,,
fx-dpr2-normal.json,normal,impact,corehunter,56,false,false,13,9.80,10.90,1.50,,
fx-dpr2-normal.json,normal,hero,corehunter,1,false,false,61,2.00,2.20,0.20,,
fx-dpr2-normal.json,normal,hero,corehunter,12,false,false,16,7.80,8.10,0.50,,
fx-dpr2-normal.json,normal,hero,corehunter,23,false,false,12,14.50,19.50,0.90,,
fx-dpr2-normal.json,normal,hero,corehunter,24,false,false,25,4.90,5.10,0.80,,
fx-dpr2-normal.json,normal,hero,corehunter,56,false,false,13,9.60,10.00,1.50,,
fx-dpr2-normal.json,normal,trail,corehunter,1,false,false,69,1.80,1.90,0.20,,
fx-dpr2-normal.json,normal,trail,corehunter,12,false,false,27,4.40,4.90,0.60,,
fx-dpr2-normal.json,normal,trail,corehunter,64,false,false,12,12.50,12.80,1.30,,
fx-dpr2-normal.json,normal,impact,roulette,1,false,false,69,1.70,1.90,0.20,,
fx-dpr2-normal.json,normal,impact,roulette,12,false,false,30,4.00,4.20,0.50,,
fx-dpr2-normal.json,normal,impact,roulette,56,false,false,12,13.60,13.90,1.70,,
fx-dpr2-normal.json,normal,hero,roulette,1,false,false,51,2.40,2.50,0.20,,
fx-dpr2-normal.json,normal,hero,roulette,12,false,false,12,12.20,12.90,0.60,,
fx-dpr2-normal.json,normal,hero,roulette,23,false,false,12,23.00,26.80,1.10,,
fx-dpr2-normal.json,normal,hero,roulette,24,false,false,19,6.50,6.70,0.80,,
fx-dpr2-normal.json,normal,hero,roulette,56,false,false,12,13.70,14.30,1.70,,
fx-dpr2-normal.json,normal,trail,roulette,1,false,false,67,1.80,1.90,0.20,,
fx-dpr2-normal.json,normal,trail,roulette,12,false,false,26,4.80,4.90,0.60,,
fx-dpr2-normal.json,normal,trail,roulette,64,false,false,12,12.70,13.80,1.30,,
fx-dpr2-normal.json,normal,impact,boomerang,1,false,false,74,1.60,1.70,0.20,,
fx-dpr2-normal.json,normal,impact,boomerang,12,false,false,35,3.40,3.60,0.40,,
fx-dpr2-normal.json,normal,impact,boomerang,56,false,false,12,10.70,11.10,1.00,,
fx-dpr2-normal.json,normal,hero,boomerang,1,false,false,53,2.30,2.40,0.20,,
fx-dpr2-normal.json,normal,hero,boomerang,12,false,false,12,11.30,11.70,0.40,,
fx-dpr2-normal.json,normal,hero,boomerang,23,false,false,12,20.60,22.60,0.60,,
fx-dpr2-normal.json,normal,hero,boomerang,24,false,false,23,5.30,5.70,0.50,,
fx-dpr2-normal.json,normal,hero,boomerang,56,false,false,12,11.10,12.30,1.00,,
fx-dpr2-normal.json,normal,trail,boomerang,1,false,false,67,1.70,3.00,0.20,,
fx-dpr2-normal.json,normal,trail,boomerang,12,false,false,30,4.10,4.40,0.50,,
fx-dpr2-normal.json,normal,trail,boomerang,64,false,false,12,12.10,16.00,1.30,,
fx-dpr2-normal.json,normal,impact,wormhole,1,false,false,62,1.90,2.40,0.20,,
fx-dpr2-normal.json,normal,impact,wormhole,12,false,false,26,4.70,5.30,0.50,,
fx-dpr2-normal.json,normal,impact,wormhole,56,false,false,12,16.50,17.90,1.40,,
fx-dpr2-normal.json,normal,hero,wormhole,1,false,false,49,2.50,2.60,0.20,,
fx-dpr2-normal.json,normal,hero,wormhole,12,false,false,12,13.70,19.20,0.60,,
fx-dpr2-normal.json,normal,hero,wormhole,23,false,false,12,24.30,25.30,0.90,,
fx-dpr2-normal.json,normal,hero,wormhole,24,false,false,15,8.10,8.50,0.70,,
fx-dpr2-normal.json,normal,hero,wormhole,56,false,false,12,16.80,17.20,1.40,,
fx-dpr2-normal.json,normal,trail,wormhole,1,false,false,65,1.80,2.00,0.20,,
fx-dpr2-normal.json,normal,trail,wormhole,12,false,false,23,5.40,5.60,0.50,,
fx-dpr2-normal.json,normal,trail,wormhole,64,false,false,12,16.40,18.20,1.30,,
fx-dpr2-normal.json,normal,impact,spectral,1,false,false,43,2.80,3.00,0.20,,
fx-dpr2-normal.json,normal,impact,spectral,12,false,false,15,8.20,8.70,0.50,,
fx-dpr2-normal.json,normal,impact,spectral,56,false,false,12,35.60,42.40,1.60,,
fx-dpr2-normal.json,normal,hero,spectral,1,false,false,34,3.60,3.80,0.20,,
fx-dpr2-normal.json,normal,hero,spectral,12,false,false,12,18.60,19.00,0.70,,
fx-dpr2-normal.json,normal,hero,spectral,23,false,false,12,33.00,35.10,1.00,,
fx-dpr2-normal.json,normal,hero,spectral,24,false,false,12,14.70,15.50,0.80,,
fx-dpr2-normal.json,normal,hero,spectral,56,false,false,12,30.90,32.80,1.50,,
fx-dpr2-normal.json,normal,trail,spectral,1,false,false,47,2.60,2.80,0.20,,
fx-dpr2-normal.json,normal,trail,spectral,12,false,false,23,5.40,5.90,0.50,,
fx-dpr2-normal.json,normal,trail,spectral,64,false,false,12,12.00,12.90,0.90,,
fx-dpr2-normal.json,normal,impact,timeslip,1,false,false,63,1.90,2.30,0.20,,
fx-dpr2-normal.json,normal,impact,timeslip,12,false,false,34,3.50,4.40,0.40,,
fx-dpr2-normal.json,normal,impact,timeslip,56,false,false,12,10.30,11.50,1.00,,
fx-dpr2-normal.json,normal,hero,timeslip,1,false,false,52,2.30,2.40,0.20,,
fx-dpr2-normal.json,normal,hero,timeslip,12,false,false,12,11.40,11.90,0.40,,
fx-dpr2-normal.json,normal,hero,timeslip,23,false,false,12,23.00,23.50,0.80,,
fx-dpr2-normal.json,normal,hero,timeslip,24,false,false,23,5.40,5.60,0.60,,
fx-dpr2-normal.json,normal,hero,timeslip,56,false,false,12,11.30,13.70,1.30,,
fx-dpr2-normal.json,normal,trail,timeslip,1,false,false,70,1.70,1.90,0.20,,
fx-dpr2-normal.json,normal,trail,timeslip,12,false,false,29,4.30,4.70,0.40,,
fx-dpr2-normal.json,normal,trail,timeslip,64,false,false,12,12.10,13.30,1.00,,
fx-dpr2-normal.json,normal,impact,buzzsaw,1,false,false,56,2.10,2.40,0.20,,
fx-dpr2-normal.json,normal,impact,buzzsaw,12,false,false,19,6.60,7.20,0.60,,
fx-dpr2-normal.json,normal,impact,buzzsaw,56,false,false,12,25.70,26.10,2.00,,
fx-dpr2-normal.json,normal,hero,buzzsaw,1,false,false,39,3.10,3.40,0.20,,
fx-dpr2-normal.json,normal,hero,buzzsaw,12,false,false,12,20.00,20.50,0.80,,
fx-dpr2-normal.json,normal,hero,buzzsaw,23,false,false,12,36.80,39.30,1.30,,
fx-dpr2-normal.json,normal,hero,buzzsaw,24,false,false,12,11.70,12.10,1.10,,
fx-dpr2-normal.json,normal,hero,buzzsaw,56,false,false,12,26.50,30.60,2.10,,
fx-dpr2-normal.json,normal,trail,buzzsaw,1,false,false,57,2.10,2.30,0.20,,
fx-dpr2-normal.json,normal,trail,buzzsaw,12,false,false,21,5.90,6.30,0.60,,
fx-dpr2-normal.json,normal,trail,buzzsaw,64,false,false,12,15.10,21.80,1.20,,
fx-dpr2-normal.json,normal,impact,siegebreaker,1,false,false,70,1.60,1.80,0.20,,
fx-dpr2-normal.json,normal,impact,siegebreaker,12,false,false,35,3.50,3.60,0.40,,
fx-dpr2-normal.json,normal,impact,siegebreaker,56,false,false,12,11.60,14.60,1.60,,
fx-dpr2-normal.json,normal,hero,siegebreaker,1,false,false,58,2.10,2.20,0.20,,
fx-dpr2-normal.json,normal,hero,siegebreaker,12,false,false,13,9.70,10.20,0.60,,
fx-dpr2-normal.json,normal,hero,siegebreaker,23,false,false,12,17.90,18.80,0.90,,
fx-dpr2-normal.json,normal,hero,siegebreaker,24,false,false,22,5.50,5.90,0.70,,
fx-dpr2-normal.json,normal,hero,siegebreaker,56,false,false,12,11.10,14.20,1.40,,
fx-dpr2-normal.json,normal,trail,siegebreaker,1,false,false,73,1.60,1.80,0.20,,
fx-dpr2-normal.json,normal,trail,siegebreaker,12,false,false,30,4.10,4.20,0.50,,
fx-dpr2-normal.json,normal,trail,siegebreaker,64,false,false,12,11.70,12.00,1.10,,
fx-dpr2-normal.json,normal,impact,threadweaver,1,false,false,64,1.80,2.30,0.20,,
fx-dpr2-normal.json,normal,impact,threadweaver,12,false,false,29,4.10,4.80,0.40,,
fx-dpr2-normal.json,normal,impact,threadweaver,56,false,false,12,14.80,19.00,1.30,,
fx-dpr2-normal.json,normal,hero,threadweaver,1,false,false,50,2.40,2.70,0.20,,
fx-dpr2-normal.json,normal,hero,threadweaver,12,false,false,12,12.60,13.50,0.50,,
fx-dpr2-normal.json,normal,hero,threadweaver,23,false,false,12,24.60,26.80,0.80,,
fx-dpr2-normal.json,normal,hero,threadweaver,24,false,false,19,6.30,7.00,0.60,,
fx-dpr2-normal.json,normal,hero,threadweaver,56,false,false,12,13.00,13.30,1.20,,
fx-dpr2-normal.json,normal,trail,threadweaver,1,false,false,69,1.70,1.80,0.20,,
fx-dpr2-normal.json,normal,trail,threadweaver,12,false,false,26,4.70,5.30,0.50,,
fx-dpr2-normal.json,normal,trail,threadweaver,64,false,false,12,13.50,17.30,1.30,,
fx-dpr2-normal.json,normal,impact,transmute,1,false,false,78,1.50,1.70,0.20,,
fx-dpr2-normal.json,normal,impact,transmute,12,false,false,41,2.90,3.10,0.40,,
fx-dpr2-normal.json,normal,impact,transmute,56,false,false,14,8.70,9.30,1.30,,
fx-dpr2-normal.json,normal,hero,transmute,1,false,false,61,1.90,2.10,0.20,,
fx-dpr2-normal.json,normal,hero,transmute,12,false,false,16,7.70,8.40,0.50,,
fx-dpr2-normal.json,normal,hero,transmute,23,false,false,12,13.90,14.30,0.90,,
fx-dpr2-normal.json,normal,hero,transmute,24,false,false,24,4.80,5.50,1.10,,
fx-dpr2-normal.json,normal,hero,transmute,56,false,false,14,8.70,10.50,1.40,,
fx-dpr2-normal.json,normal,trail,transmute,1,false,false,72,1.60,1.80,0.20,,
fx-dpr2-normal.json,normal,trail,transmute,12,false,false,30,4.10,4.30,0.50,,
fx-dpr2-normal.json,normal,trail,transmute,64,false,false,12,11.10,11.80,1.10,,
fx-dpr2-normal.json,normal,impact,infection,1,false,false,53,2.30,2.40,0.20,,
fx-dpr2-normal.json,normal,impact,infection,12,false,false,18,6.80,7.10,0.70,,
fx-dpr2-normal.json,normal,impact,infection,56,false,false,12,26.10,27.20,2.20,,
fx-dpr2-normal.json,normal,hero,infection,1,false,false,41,3.00,3.20,0.20,,
fx-dpr2-normal.json,normal,hero,infection,12,false,false,12,17.40,17.80,0.80,,
fx-dpr2-normal.json,normal,hero,infection,23,false,false,12,32.00,32.60,1.20,,
fx-dpr2-normal.json,normal,hero,infection,24,false,false,12,11.50,11.70,0.90,,
fx-dpr2-normal.json,normal,hero,infection,56,false,false,12,24.70,26.40,2.10,,
fx-dpr2-normal.json,normal,trail,infection,1,false,false,60,2.00,2.10,0.20,,
fx-dpr2-normal.json,normal,trail,infection,12,false,false,21,5.90,6.00,0.60,,
fx-dpr2-normal.json,normal,trail,infection,64,false,false,12,13.20,13.70,1.20,,
fx-dpr2-normal.json,normal,impact,contract,1,false,false,77,1.60,1.70,0.20,,
fx-dpr2-normal.json,normal,impact,contract,12,false,false,39,3.10,3.30,0.30,,
fx-dpr2-normal.json,normal,impact,contract,56,false,false,14,8.90,9.20,0.90,,
fx-dpr2-normal.json,normal,hero,contract,1,false,false,62,2.00,2.00,0.20,,
fx-dpr2-normal.json,normal,hero,contract,12,false,false,16,7.90,8.10,0.40,,
fx-dpr2-normal.json,normal,hero,contract,23,false,false,12,14.20,14.70,0.70,,
fx-dpr2-normal.json,normal,hero,contract,24,false,false,26,4.60,4.90,0.50,,
fx-dpr2-normal.json,normal,hero,contract,56,false,false,14,8.90,9.40,0.90,,
fx-dpr2-normal.json,normal,trail,contract,1,false,false,75,1.60,1.70,0.20,,
fx-dpr2-normal.json,normal,trail,contract,12,false,false,28,4.00,7.60,0.40,,
fx-dpr2-normal.json,normal,trail,contract,64,false,false,12,10.90,12.30,1.00,,
fx-dpr2-normal.json,normal,impact,nailburst,1,false,false,69,1.80,1.90,0.20,,
fx-dpr2-normal.json,normal,impact,nailburst,12,false,false,28,4.40,4.80,0.70,,
fx-dpr2-normal.json,normal,impact,nailburst,56,false,false,12,15.90,19.40,2.60,,
fx-dpr2-normal.json,normal,hero,nailburst,1,false,false,43,2.50,4.00,0.30,,
fx-dpr2-normal.json,normal,hero,nailburst,12,false,false,12,12.50,14.30,0.80,,
fx-dpr2-normal.json,normal,hero,nailburst,23,false,false,12,21.80,23.10,1.40,,
fx-dpr2-normal.json,normal,hero,nailburst,24,false,false,17,7.40,7.90,1.10,,
fx-dpr2-normal.json,normal,hero,nailburst,56,false,false,12,15.40,15.80,2.50,,
fx-dpr2-normal.json,normal,trail,nailburst,1,false,false,62,1.90,2.10,0.20,,
fx-dpr2-normal.json,normal,trail,nailburst,12,false,false,22,5.60,5.90,0.80,,
fx-dpr2-normal.json,normal,trail,nailburst,64,false,false,12,14.50,15.70,1.50,,
fx-dpr2-normal.json,normal,impact,pendulum,1,false,false,71,1.70,1.80,0.20,,
fx-dpr2-normal.json,normal,impact,pendulum,12,false,false,34,3.60,4.10,0.70,,
fx-dpr2-normal.json,normal,impact,pendulum,56,false,false,12,11.40,16.00,2.20,,
fx-dpr2-normal.json,normal,hero,pendulum,1,false,false,56,2.10,2.40,0.20,,
fx-dpr2-normal.json,normal,hero,pendulum,12,false,false,14,8.70,9.10,0.50,,
fx-dpr2-normal.json,normal,hero,pendulum,23,false,false,12,15.80,16.60,0.80,,
fx-dpr2-normal.json,normal,hero,pendulum,24,false,false,23,5.20,5.80,0.70,,
fx-dpr2-normal.json,normal,hero,pendulum,56,false,false,12,10.10,10.60,1.30,,
fx-dpr2-normal.json,normal,trail,pendulum,1,false,false,70,1.70,1.90,0.20,,
fx-dpr2-normal.json,normal,trail,pendulum,12,false,false,28,4.40,4.90,0.50,,
fx-dpr2-normal.json,normal,trail,pendulum,64,false,false,12,13.30,14.40,1.30,,
fx-dpr2-normal.json,normal,impact,fusepath,1,false,false,79,1.50,1.60,0.20,,
fx-dpr2-normal.json,normal,impact,fusepath,12,false,false,43,2.80,2.90,0.40,,
fx-dpr2-normal.json,normal,impact,fusepath,56,false,false,13,8.50,21.90,1.00,,
fx-dpr2-normal.json,normal,hero,fusepath,1,false,false,61,2.00,2.10,0.20,,
fx-dpr2-normal.json,normal,hero,fusepath,12,false,false,15,8.40,9.20,0.40,,
fx-dpr2-normal.json,normal,hero,fusepath,23,false,false,12,14.70,15.90,0.60,,
fx-dpr2-normal.json,normal,hero,fusepath,24,false,false,28,4.40,4.70,0.50,,
fx-dpr2-normal.json,normal,hero,fusepath,56,false,false,14,8.70,9.10,0.90,,
fx-dpr2-normal.json,normal,trail,fusepath,1,false,false,68,1.70,2.40,0.20,,
fx-dpr2-normal.json,normal,trail,fusepath,12,false,false,28,4.30,5.40,0.50,,
fx-dpr2-normal.json,normal,trail,fusepath,64,false,false,12,13.90,18.10,1.30,,
fx-dpr2-normal.json,normal,impact,firewheel,1,false,false,61,1.90,2.80,0.20,,
fx-dpr2-normal.json,normal,impact,firewheel,12,false,false,24,5.00,5.70,0.50,,
fx-dpr2-normal.json,normal,impact,firewheel,56,false,false,12,17.60,17.80,1.50,,
fx-dpr2-normal.json,normal,hero,firewheel,1,false,false,48,2.60,2.70,0.20,,
fx-dpr2-normal.json,normal,hero,firewheel,12,false,false,12,14.10,14.70,0.60,,
fx-dpr2-normal.json,normal,hero,firewheel,23,false,false,12,25.00,25.50,0.80,,
fx-dpr2-normal.json,normal,hero,firewheel,24,false,false,16,8.00,8.10,0.70,,
fx-dpr2-normal.json,normal,hero,firewheel,56,false,false,12,16.90,17.30,1.40,,
fx-dpr2-normal.json,normal,trail,firewheel,1,false,false,66,1.80,1.90,0.20,,
fx-dpr2-normal.json,normal,trail,firewheel,12,false,false,24,5.10,5.40,0.50,,
fx-dpr2-normal.json,normal,trail,firewheel,64,false,false,12,13.40,13.70,1.20,,
fx-dpr2-normal.json,normal,impact,rhythm,1,false,false,68,1.80,1.90,0.20,,
fx-dpr2-normal.json,normal,impact,rhythm,12,false,false,28,4.30,4.50,0.50,,
fx-dpr2-normal.json,normal,impact,rhythm,56,false,false,12,14.90,16.30,1.70,,
fx-dpr2-normal.json,normal,hero,rhythm,1,false,false,47,2.50,3.30,0.20,,
fx-dpr2-normal.json,normal,hero,rhythm,12,false,false,12,11.90,13.10,0.70,,
fx-dpr2-normal.json,normal,hero,rhythm,23,false,false,12,21.40,22.50,1.00,,
fx-dpr2-normal.json,normal,hero,rhythm,24,false,false,18,7.00,8.70,0.70,,
fx-dpr2-normal.json,normal,hero,rhythm,56,false,false,12,14.00,14.60,1.60,,
fx-dpr2-normal.json,normal,trail,rhythm,1,false,false,67,1.80,1.90,0.20,,
fx-dpr2-normal.json,normal,trail,rhythm,12,false,false,24,5.10,6.00,0.50,,
fx-dpr2-normal.json,normal,trail,rhythm,64,false,false,12,13.00,13.40,1.10,,
fx-dpr2-normal.json,normal,impact,worldfold,1,false,false,79,1.50,1.60,0.20,,
fx-dpr2-normal.json,normal,impact,worldfold,12,false,false,42,2.90,3.00,0.40,,
fx-dpr2-normal.json,normal,impact,worldfold,56,false,false,14,8.40,11.20,1.10,,
fx-dpr2-normal.json,normal,hero,worldfold,1,false,false,55,2.20,2.40,0.20,,
fx-dpr2-normal.json,normal,hero,worldfold,12,false,false,12,10.10,15.10,0.50,,
fx-dpr2-normal.json,normal,hero,worldfold,23,false,false,12,18.10,18.70,0.70,,
fx-dpr2-normal.json,normal,hero,worldfold,24,false,false,26,4.60,4.90,0.60,,
fx-dpr2-normal.json,normal,hero,worldfold,56,false,false,14,9.00,12.20,1.50,,
fx-dpr2-normal.json,normal,trail,worldfold,1,false,false,72,1.70,1.90,0.20,,
fx-dpr2-normal.json,normal,trail,worldfold,12,false,false,29,4.30,4.40,0.50,,
fx-dpr2-normal.json,normal,trail,worldfold,64,false,false,12,12.60,20.30,1.20,,
fx-dpr2-normal.json,normal,impact,reboundaim,1,false,false,78,1.60,1.70,0.20,,
fx-dpr2-normal.json,normal,impact,reboundaim,12,false,false,42,2.90,3.20,0.40,,
fx-dpr2-normal.json,normal,impact,reboundaim,56,false,false,16,7.90,8.10,1.00,,
fx-dpr2-normal.json,normal,hero,reboundaim,1,false,false,61,2.00,2.10,0.20,,
fx-dpr2-normal.json,normal,hero,reboundaim,12,false,false,15,8.50,9.20,0.40,,
fx-dpr2-normal.json,normal,hero,reboundaim,23,false,false,12,14.90,21.10,0.60,,
fx-dpr2-normal.json,normal,hero,reboundaim,24,false,false,28,4.30,6.20,0.50,,
fx-dpr2-normal.json,normal,hero,reboundaim,56,false,false,14,8.30,12.30,1.00,,
fx-dpr2-normal.json,normal,trail,reboundaim,1,false,false,74,1.60,1.70,0.20,,
fx-dpr2-normal.json,normal,trail,reboundaim,12,false,false,31,3.90,4.30,0.40,,
fx-dpr2-normal.json,normal,trail,reboundaim,64,false,false,12,11.40,12.10,0.90,,
fx-dpr2-normal.json,normal,impact,overkill,1,false,false,77,1.60,1.70,0.20,,
fx-dpr2-normal.json,normal,impact,overkill,12,false,false,38,3.00,4.40,0.50,,
fx-dpr2-normal.json,normal,impact,overkill,56,false,false,14,8.60,9.10,1.40,,
fx-dpr2-normal.json,normal,hero,overkill,1,false,false,62,2.00,2.10,0.20,,
fx-dpr2-normal.json,normal,hero,overkill,12,false,false,15,8.10,11.80,0.60,,
fx-dpr2-normal.json,normal,hero,overkill,23,false,false,12,13.90,15.10,0.80,,
fx-dpr2-normal.json,normal,hero,overkill,24,false,false,27,4.50,4.90,0.70,,
fx-dpr2-normal.json,normal,hero,overkill,56,false,false,13,8.70,15.50,1.40,,
fx-dpr2-normal.json,normal,trail,overkill,1,false,false,75,1.60,1.80,0.20,,
fx-dpr2-normal.json,normal,trail,overkill,12,false,false,29,4.10,4.80,0.50,,
fx-dpr2-normal.json,normal,trail,overkill,64,false,false,12,12.20,12.70,1.10,,
fx-dpr2-normal.json,normal,impact,teslanet,1,false,false,70,1.70,1.90,0.20,,
fx-dpr2-normal.json,normal,impact,teslanet,12,false,false,29,4.20,4.50,0.60,,
fx-dpr2-normal.json,normal,impact,teslanet,56,false,false,12,14.30,15.80,1.80,,
fx-dpr2-normal.json,normal,hero,teslanet,1,false,false,53,2.30,2.60,0.20,,
fx-dpr2-normal.json,normal,hero,teslanet,12,false,false,12,10.50,11.10,0.60,,
fx-dpr2-normal.json,normal,hero,teslanet,23,false,false,12,19.10,19.40,1.00,,
fx-dpr2-normal.json,normal,hero,teslanet,24,false,false,19,6.40,6.80,0.80,,
fx-dpr2-normal.json,normal,hero,teslanet,56,false,false,12,13.40,17.10,1.80,,
fx-dpr2-normal.json,normal,trail,teslanet,1,false,false,70,1.70,1.80,0.20,,
fx-dpr2-normal.json,normal,trail,teslanet,12,false,false,27,4.50,4.70,0.50,,
fx-dpr2-normal.json,normal,trail,teslanet,64,false,false,12,11.70,12.20,1.00,,
fx-dpr2-normal.json,normal,impact,undertow,1,false,false,68,1.80,1.90,0.20,,
fx-dpr2-normal.json,normal,impact,undertow,12,false,false,27,4.50,4.70,0.40,,
fx-dpr2-normal.json,normal,impact,undertow,56,false,false,12,15.20,15.70,1.40,,
fx-dpr2-normal.json,normal,hero,undertow,1,false,false,43,2.80,3.00,0.20,,
fx-dpr2-normal.json,normal,hero,undertow,12,false,false,12,15.30,15.70,0.60,,
fx-dpr2-normal.json,normal,hero,undertow,23,false,false,12,27.80,28.00,0.90,,
fx-dpr2-normal.json,normal,hero,undertow,24,false,false,17,7.30,7.60,0.70,,
fx-dpr2-normal.json,normal,hero,undertow,56,false,false,12,15.20,15.30,1.30,,
fx-dpr2-normal.json,normal,trail,undertow,1,false,false,69,1.80,1.90,0.20,,
fx-dpr2-normal.json,normal,trail,undertow,12,false,false,24,5.00,5.50,0.50,,
fx-dpr2-normal.json,normal,trail,undertow,64,false,false,12,13.60,14.30,1.30,,
fx-dpr2-normal.json,normal,impact,chronicle,1,false,false,70,1.70,1.90,0.20,,
fx-dpr2-normal.json,normal,impact,chronicle,12,false,false,32,3.70,4.40,0.40,,
fx-dpr2-normal.json,normal,impact,chronicle,56,false,false,12,11.80,15.30,1.10,,
fx-dpr2-normal.json,normal,hero,chronicle,1,false,false,51,2.30,2.60,0.20,,
fx-dpr2-normal.json,normal,hero,chronicle,12,false,false,12,12.20,15.20,0.50,,
fx-dpr2-normal.json,normal,hero,chronicle,23,false,false,12,22.10,25.80,0.70,,
fx-dpr2-normal.json,normal,hero,chronicle,24,false,false,21,5.90,6.30,0.60,,
fx-dpr2-normal.json,normal,hero,chronicle,56,false,false,12,11.70,12.30,1.00,,
fx-dpr2-normal.json,normal,trail,chronicle,1,false,false,64,1.80,2.50,0.20,,
fx-dpr2-normal.json,normal,trail,chronicle,12,false,false,25,5.00,5.20,0.50,,
fx-dpr2-normal.json,normal,trail,chronicle,64,false,false,12,16.00,17.00,1.20,,
fx-dpr2-normal.json,normal,impact,starforge,1,false,false,56,2.10,2.50,0.20,,
fx-dpr2-normal.json,normal,impact,starforge,12,false,false,17,7.30,7.80,0.50,,
fx-dpr2-normal.json,normal,impact,starforge,56,false,false,12,29.40,31.00,1.80,,
fx-dpr2-normal.json,normal,hero,starforge,1,false,false,35,3.30,4.70,0.20,,
fx-dpr2-normal.json,normal,hero,starforge,12,false,false,12,21.60,23.80,0.60,,
fx-dpr2-normal.json,normal,hero,starforge,23,false,false,12,39.30,41.90,1.00,,
fx-dpr2-normal.json,normal,hero,starforge,24,false,false,12,13.40,17.30,0.90,,
fx-dpr2-normal.json,normal,hero,starforge,56,false,false,12,27.60,28.80,1.70,,
fx-dpr2-normal.json,normal,trail,starforge,1,false,false,58,2.00,2.20,0.20,,
fx-dpr2-normal.json,normal,trail,starforge,12,false,false,22,5.40,7.80,0.60,,
fx-dpr2-normal.json,normal,trail,starforge,64,false,false,12,12.00,12.80,1.10,,
fx-dpr2-normal.json,normal,variant,supernova:nova,1,false,false,29,4.10,4.30,0.20,,
fx-dpr2-normal.json,normal,variant,supernova:nova,12,false,false,12,50.50,59.40,0.70,,
fx-dpr2-normal.json,normal,variant,supernova:nova,23,false,false,12,105.30,111.60,1.00,,
fx-dpr2-normal.json,normal,variant,roulette:nova,1,false,false,31,3.90,4.00,0.20,,
fx-dpr2-normal.json,normal,variant,roulette:nova,12,false,false,12,34.70,35.10,0.70,,
fx-dpr2-normal.json,normal,variant,roulette:nova,23,false,false,12,64.80,70.10,1.10,,
fx-dpr2-normal.json,normal,variant,pulse:nova,1,false,false,21,5.90,6.00,0.20,,
fx-dpr2-normal.json,normal,variant,pulse:nova,12,false,false,12,77.00,77.90,0.80,,
fx-dpr2-normal.json,normal,variant,pulse:nova,23,false,false,12,143.20,145.50,1.20,,
fx-dpr2-normal.json,normal,variant,orbital:mark,1,false,false,37,3.20,3.50,0.30,,
fx-dpr2-normal.json,normal,variant,orbital:mark,12,false,false,12,23.20,23.40,1.00,,
fx-dpr2-normal.json,normal,variant,orbital:mark,23,false,false,12,43.00,43.80,1.80,,
fx-dpr2-normal.json,normal,variant,sharpshooter:power,1,false,false,44,2.70,2.80,0.20,,
fx-dpr2-normal.json,normal,variant,sharpshooter:power,12,false,false,12,18.40,18.90,0.60,,
fx-dpr2-normal.json,normal,variant,sharpshooter:power,23,false,false,12,34.90,39.40,1.10,,
fx-dpr2-normal.json,normal,variant,legion:split,1,false,false,45,2.60,2.80,0.20,,
fx-dpr2-normal.json,normal,variant,legion:split,12,false,false,12,17.00,20.80,1.10,,
fx-dpr2-normal.json,normal,variant,legion:split,23,false,false,12,31.50,32.00,1.80,,
fx-dpr2-normal.json,normal,variant,sweep:beam,1,false,false,62,1.90,2.40,0.20,,
fx-dpr2-normal.json,normal,variant,sweep:beam,12,false,false,20,6.10,6.70,0.50,,
fx-dpr2-normal.json,normal,variant,sweep:beam,23,false,false,12,10.10,10.60,0.80,,
fx-dpr2-normal.json,normal,variant,lance:beam,1,false,false,55,2.20,2.30,0.20,,
fx-dpr2-normal.json,normal,variant,lance:beam,12,false,false,12,11.40,11.90,0.50,,
fx-dpr2-normal.json,normal,variant,lance:beam,23,false,false,12,21.20,22.10,0.90,,
fx-dpr2-normal.json,normal,variant,crossfire:beam,1,false,false,61,1.90,2.40,0.20,,
fx-dpr2-normal.json,normal,variant,crossfire:beam,12,false,false,17,7.30,8.50,0.40,,
fx-dpr2-normal.json,normal,variant,crossfire:beam,23,false,false,12,12.80,13.80,0.70,,
fx-dpr2-normal.json,normal,variant,stormfront:beam,1,false,false,55,2.20,2.30,0.20,,
fx-dpr2-normal.json,normal,variant,stormfront:beam,12,false,false,12,10.50,10.90,0.60,,
fx-dpr2-normal.json,normal,variant,stormfront:beam,23,false,false,12,19.50,20.10,1.20,,
fx-dpr2-normal.json,normal,core,plain-trail,1,false,false,85,1.40,1.50,0.20,,
fx-dpr2-normal.json,normal,core,overdrive-glow,1,false,false,69,1.70,1.90,0.20,,
fx-dpr2-normal.json,normal,core,firewheel,1,false,false,49,2.50,2.60,0.30,,
fx-dpr2-normal.json,normal,core,plain-trail,12,false,false,51,2.30,2.60,0.30,,
fx-dpr2-normal.json,normal,core,overdrive-glow,12,false,false,19,6.60,7.00,0.40,,
fx-dpr2-normal.json,normal,core,firewheel,12,false,false,12,12.20,12.50,1.50,,
fx-dpr2-normal.json,normal,core,plain-trail,64,false,false,19,6.40,6.70,0.70,,
fx-dpr2-normal.json,normal,core,overdrive-glow,64,false,false,12,30.10,30.50,1.30,,
fx-dpr2-normal.json,normal,core,firewheel,64,false,false,12,50.10,70.80,4.60,,
fx-dpr2-normal.json,normal,core,square-particles,0,false,false,89,1.30,1.50,0.10,,
fx-dpr2-normal.json,normal,core,square-particles,100,false,false,74,1.60,1.80,0.20,,
fx-dpr2-normal.json,normal,core,square-particles,300,false,false,63,1.90,2.00,0.20,,
fx-dpr2-normal.json,normal,core,square-particles,1000,false,true,40,3.00,3.30,0.40,,
fx-dpr2-normal.json,normal,core,square-particles,3000,false,true,20,6.00,8.00,0.80,,
fx-dpr2-normal.json,normal,core,square-particles,8000,false,true,12,13.80,14.20,1.90,,
fx-dpr2-normal.json,normal,core,rings,1,false,false,88,1.40,1.50,0.10,,
fx-dpr2-normal.json,normal,core,bolts,1,false,false,87,1.40,1.50,0.20,,
fx-dpr2-normal.json,normal,core,floating-text,1,false,false,93,1.30,1.40,0.10,,
fx-dpr2-normal.json,normal,core,rings,30,false,false,28,4.40,4.50,0.20,,
fx-dpr2-normal.json,normal,core,bolts,30,false,false,47,2.60,2.80,0.20,,
fx-dpr2-normal.json,normal,core,floating-text,30,false,false,82,1.50,1.60,0.20,,
fx-dpr2-normal.json,normal,core,rings,100,false,false,12,12.00,12.70,0.20,,
fx-dpr2-normal.json,normal,core,bolts,100,false,false,21,5.70,6.00,0.30,,
fx-dpr2-normal.json,normal,core,floating-text,100,false,false,64,1.90,2.00,0.40,,
fx-dpr2-normal.json,normal,core,rings,300,false,false,12,33.50,47.40,0.40,,
fx-dpr2-normal.json,normal,core,bolts,300,false,false,12,15.10,15.60,0.50,,
fx-dpr2-normal.json,normal,core,floating-text,300,false,false,41,3.00,3.10,0.90,,
fx-dpr2-normal.json,normal,core,rings,1000,false,false,12,108.20,116.10,0.70,,
fx-dpr2-normal.json,normal,core,bolts,1000,false,false,12,46.80,53.30,1.20,,
fx-dpr2-normal.json,normal,core,floating-text,1000,false,false,19,6.30,6.50,2.20,,
fx-dpr2-normal.json,normal,core,income-tallies,1,false,false,89,1.40,1.50,0.20,,
fx-dpr2-normal.json,normal,core,income-tallies,8,false,false,72,1.60,1.70,0.30,,
fx-dpr2-normal.json,normal,adjacent,aim-glow,1,false,false,47,2.60,2.70,0.20,,
fx-dpr2-normal.json,normal,adjacent,core-cached-glow,1,false,false,74,1.60,1.80,0.20,,
fx-dpr2-normal.json,normal,adjacent,core-drifting-glow,1,false,false,73,1.70,1.80,0.20,,
fx-dpr2-normal.json,normal,mechanic,wormhole:portal,1,false,false,61,2.00,2.10,0.20,,
fx-dpr2-normal.json,normal,mechanic,wormhole:portal,12,false,false,13,9.70,13.60,0.70,,
fx-dpr2-normal.json,normal,mechanic,wormhole:portal,80,false,false,12,63.10,69.20,3.90,,
fx-dpr2-normal.json,normal,mechanic,siegebreaker:rubble,1,false,false,83,1.40,1.60,0.20,,
fx-dpr2-normal.json,normal,mechanic,siegebreaker:rubble,12,false,false,41,2.80,3.70,0.40,,
fx-dpr2-normal.json,normal,mechanic,siegebreaker:rubble,80,false,false,12,11.90,12.40,2.10,,
fx-dpr2-normal.json,normal,mechanic,threadweaver:cut,1,false,false,86,1.40,1.50,0.10,,
fx-dpr2-normal.json,normal,mechanic,threadweaver:cut,12,false,false,43,2.80,3.00,0.20,,
fx-dpr2-normal.json,normal,mechanic,threadweaver:cut,80,false,false,12,11.70,12.40,0.30,,
fx-dpr2-normal.json,normal,mechanic,infection:seed,1,false,false,76,1.60,1.70,0.20,,
fx-dpr2-normal.json,normal,mechanic,infection:seed,12,false,false,27,4.50,4.70,0.50,,
fx-dpr2-normal.json,normal,mechanic,infection:seed,80,false,false,12,24.40,27.70,3.00,,
fx-dpr2-normal.json,normal,mechanic,infection:root,1,false,false,86,1.30,1.50,0.10,,
fx-dpr2-normal.json,normal,mechanic,infection:root,12,false,false,67,1.80,1.90,0.20,,
fx-dpr2-normal.json,normal,mechanic,infection:root,80,false,false,26,4.60,5.60,0.20,,
fx-dpr2-normal.json,normal,mechanic,transmute:transform,1,false,false,82,1.40,1.60,0.20,,
fx-dpr2-normal.json,normal,mechanic,transmute:transform,12,false,false,46,2.60,3.00,0.40,,
fx-dpr2-normal.json,normal,mechanic,transmute:transform,80,false,false,12,10.70,12.40,2.00,,
fx-dpr2-normal.json,normal,mechanic,spectral:phase,1,false,false,68,1.70,1.90,0.20,,
fx-dpr2-normal.json,normal,mechanic,spectral:phase,12,false,false,21,5.40,10.30,0.40,,
fx-dpr2-normal.json,normal,mechanic,spectral:phase,80,false,false,12,29.70,31.20,2.30,,
fx-dpr2-normal.json,normal,mechanic,fusepath:signal,1,false,false,88,1.40,1.50,0.10,,
fx-dpr2-normal.json,normal,mechanic,fusepath:signal,12,false,false,60,2.00,2.10,0.20,,
fx-dpr2-normal.json,normal,mechanic,fusepath:signal,96,false,false,17,7.20,7.50,0.20,,
fx-dpr2-normal.json,normal,mechanic,reboundaim:signal,1,false,false,78,1.50,1.70,0.20,,
fx-dpr2-normal.json,normal,mechanic,reboundaim:signal,12,false,false,30,4.10,4.30,0.20,,
fx-dpr2-normal.json,normal,mechanic,reboundaim:signal,96,false,false,12,25.60,26.40,0.40,,
fx-dpr2-normal.json,normal,mechanic,overkill:signal,1,false,false,89,1.40,1.50,0.10,,
fx-dpr2-normal.json,normal,mechanic,overkill:signal,12,false,false,61,2.00,2.10,0.20,,
fx-dpr2-normal.json,normal,mechanic,overkill:signal,96,false,false,18,6.90,7.40,0.20,,
fx-dpr2-normal.json,normal,mechanic,chronicle:signal,1,false,false,82,1.50,1.60,0.20,,
fx-dpr2-normal.json,normal,mechanic,chronicle:signal,12,false,false,37,3.20,3.70,0.40,,
fx-dpr2-normal.json,normal,mechanic,chronicle:signal,96,false,false,12,19.00,39.40,1.90,,
fx-dpr2-normal.json,normal,mechanic,worldfold:signal,1,false,false,72,1.60,2.30,0.10,,
fx-dpr2-normal.json,normal,mechanic,worldfold:signal,12,false,false,27,4.30,6.20,0.20,,
fx-dpr2-normal.json,normal,mechanic,worldfold:signal,96,false,false,12,25.80,50.60,0.40,,
fx-dpr2-normal.json,normal,mechanic,starforge:signal,1,false,false,82,1.40,1.80,0.10,,
fx-dpr2-normal.json,normal,mechanic,starforge:signal,12,false,false,59,2.00,2.20,0.10,,
fx-dpr2-normal.json,normal,mechanic,starforge:signal,96,false,false,17,6.90,12.60,0.20,,
fx-dpr2-normal.json,normal,mechanic,buzzsaw:disc,1,false,false,69,1.70,1.90,0.20,,
fx-dpr2-normal.json,normal,mechanic,buzzsaw:disc,6,false,false,34,3.60,3.80,0.30,,
fx-dpr2-normal.json,normal,mechanic,teslanet:field,1,false,false,85,1.40,1.50,0.10,,
fx-dpr2-normal.json,normal,mechanic,teslanet:field,8,false,false,40,3.00,3.20,0.20,,
fx-dpr2-normal.json,normal,mechanic,teslanet:field,32,false,false,14,9.00,11.20,0.20,,
fx-dpr2-normal.json,normal,mechanic,undertow:field,1,false,false,71,1.70,1.80,0.10,,
fx-dpr2-normal.json,normal,mechanic,undertow:field,8,false,false,27,4.30,5.00,0.20,,
fx-dpr2-normal.json,normal,mechanic,undertow:field,32,false,false,12,13.30,14.50,0.20,,
fx-dpr2-normal.json,normal,mechanic,worldfold:field,1,false,false,68,1.70,2.00,0.20,,
fx-dpr2-normal.json,normal,mechanic,worldfold:field,8,false,false,25,4.90,5.70,0.30,,
fx-dpr2-normal.json,normal,mechanic,worldfold:field,32,false,false,12,16.50,25.10,0.70,,
fx-dpr2-normal.json,normal,mechanic,starforge:field,1,false,false,62,1.80,2.10,0.20,,
fx-dpr2-normal.json,normal,mechanic,starforge:field,8,false,false,18,6.50,9.80,0.50,,
fx-dpr2-normal.json,normal,mechanic,starforge:field,32,false,false,12,23.60,30.90,1.50,,
fx-dpr2-normal.json,normal,boss-particle,eye:well,1,true,false,104,1.10,1.30,0.00,,
fx-dpr2-normal.json,normal,boss-particle,eye:well,4,true,false,28,3.80,8.40,0.10,,
fx-dpr2-normal.json,normal,boss-particle,eye:well,32,true,true,12,25.90,28.20,0.60,,
fx-dpr2-normal.json,normal,boss-particle,eye:beam,1,true,false,240,0.40,0.50,0.00,,
fx-dpr2-normal.json,normal,boss-particle,eye:shards,1,true,false,240,0.30,0.40,0.00,,
fx-dpr2-normal.json,normal,boss-particle,clock:shards,1,true,false,240,0.30,0.40,0.00,,
fx-dpr2-normal.json,normal,boss-particle,serpent:flare,1,true,false,141,0.90,0.90,0.00,,
fx-dpr2-normal.json,normal,boss-particle,serpent:wave,1,true,false,240,0.40,0.50,0.00,,
fx-dpr2-normal.json,normal,boss-particle,serpent:streak,1,true,false,240,0.40,0.50,0.00,,
fx-dpr2-normal.json,normal,boss-particle,forge:embers,1,true,false,220,0.50,0.60,0.00,,
fx-dpr2-normal.json,normal,boss-particle,forge:meteors,1,true,false,150,0.80,0.90,0.10,,
fx-dpr2-normal.json,normal,boss-particle,serpent:dust,1,true,false,240,0.30,0.40,0.00,,
fx-dpr2-normal.json,normal,boss-particle,serpent:ghosts,1,true,false,240,0.30,0.40,0.00,,
fx-dpr2-normal.json,normal,boss-particle,serpent:sparks,1,true,false,240,0.50,0.50,0.00,,
fx-dpr2-normal.json,normal,boss-particle,serpent:portals,1,true,false,76,1.60,1.70,0.10,,
fx-dpr2-normal.json,normal,boss-particle,eye:beam,12,true,false,71,1.70,1.80,0.00,,
fx-dpr2-normal.json,normal,boss-particle,eye:shards,12,true,false,209,0.50,0.60,0.10,,
fx-dpr2-normal.json,normal,boss-particle,clock:shards,12,true,false,240,0.50,0.60,0.00,,
fx-dpr2-normal.json,normal,boss-particle,serpent:flare,12,true,false,17,7.30,8.30,0.10,,
fx-dpr2-normal.json,normal,boss-particle,serpent:wave,12,true,false,54,2.00,3.70,0.00,,
fx-dpr2-normal.json,normal,boss-particle,serpent:streak,12,true,false,66,1.50,4.20,0.10,,
fx-dpr2-normal.json,normal,boss-particle,forge:embers,12,true,false,125,0.90,1.20,0.10,,
fx-dpr2-normal.json,normal,boss-particle,forge:meteors,12,true,false,29,3.70,6.90,0.20,,
fx-dpr2-normal.json,normal,boss-particle,serpent:dust,12,true,false,240,0.30,0.40,0.00,,
fx-dpr2-normal.json,normal,boss-particle,serpent:ghosts,12,true,false,206,0.60,0.70,0.00,,
fx-dpr2-normal.json,normal,boss-particle,serpent:sparks,12,true,false,61,2.00,2.10,0.20,,
fx-dpr2-normal.json,normal,boss-particle,serpent:portals,12,true,false,12,14.90,15.20,0.60,,
fx-dpr2-normal.json,normal,boss-particle,eye:beam,70,true,false,14,8.60,9.00,0.10,,
fx-dpr2-normal.json,normal,boss-particle,eye:shards,70,true,false,84,1.40,1.50,0.20,,
fx-dpr2-normal.json,normal,boss-particle,clock:shards,70,true,false,74,1.60,1.80,0.20,,
fx-dpr2-normal.json,normal,boss-particle,serpent:flare,70,true,false,12,41.70,45.00,0.50,,
fx-dpr2-normal.json,normal,boss-particle,serpent:wave,70,true,false,12,10.30,10.50,0.10,,
fx-dpr2-normal.json,normal,boss-particle,serpent:streak,70,true,false,19,6.40,6.60,0.50,,
fx-dpr2-normal.json,normal,boss-particle,forge:embers,70,true,false,51,2.30,2.40,0.10,,
fx-dpr2-normal.json,normal,boss-particle,forge:meteors,70,true,false,12,18.20,19.20,0.80,,
fx-dpr2-normal.json,normal,boss-particle,serpent:dust,70,true,false,240,0.30,0.40,0.00,,
fx-dpr2-normal.json,normal,boss-particle,serpent:ghosts,70,true,false,61,2.00,2.10,0.10,,
fx-dpr2-normal.json,normal,boss-particle,serpent:sparks,70,true,false,13,9.50,10.10,1.00,,
fx-dpr2-normal.json,normal,boss-particle,serpent:portals,70,true,false,12,91.70,98.00,3.40,,
fx-dpr2-normal.json,normal,boss-particle,eye:beam,300,true,false,12,38.20,61.60,0.50,,
fx-dpr2-normal.json,normal,boss-particle,eye:shards,300,true,false,22,5.30,8.80,0.90,,
fx-dpr2-normal.json,normal,boss-particle,clock:shards,300,true,false,19,6.10,10.60,0.80,,
fx-dpr2-normal.json,normal,boss-particle,serpent:flare,300,true,false,12,181.50,195.40,2.00,,
fx-dpr2-normal.json,normal,boss-particle,serpent:wave,300,true,false,12,43.20,44.10,0.30,,
fx-dpr2-normal.json,normal,boss-particle,serpent:streak,300,true,false,12,25.50,29.30,1.60,,
fx-dpr2-normal.json,normal,boss-particle,forge:embers,300,true,false,15,7.90,9.40,0.20,,
fx-dpr2-normal.json,normal,boss-particle,forge:meteors,300,true,false,12,74.40,85.50,2.70,,
fx-dpr2-normal.json,normal,boss-particle,serpent:dust,300,true,false,196,0.60,0.70,0.10,,
fx-dpr2-normal.json,normal,boss-particle,serpent:ghosts,300,true,false,16,7.90,8.40,0.50,,
fx-dpr2-normal.json,normal,boss-particle,serpent:sparks,300,true,false,12,45.70,59.20,4.70,,
fx-dpr2-normal.json,normal,boss-particle,serpent:portals,300,true,false,12,407.30,433.10,13.30,,
fx-dpr2-normal.json,normal,boss-particle,serpent:eclipse-lights,1,true,false,20,6.00,11.30,0.70,,
fx-dpr2-normal.json,normal,boss-particle,serpent:eclipse-lights,12,true,false,17,7.10,7.30,1.80,,
fx-dpr2-normal.json,normal,boss-particle,serpent:eclipse-lights,64,true,false,12,12.70,13.10,7.30,,
fx-dpr2-normal.json,normal,baseline,empty-canvas,0,true,false,240,0.20,0.30,0.00,,
fx-dpr2-normal.json,normal,boss-scene,eye:idle,1,false,false,17,7.20,7.50,0.60,,
fx-dpr2-normal.json,normal,boss-scene,eye:orbit,1,false,false,14,7.70,20.70,0.80,,
fx-dpr2-normal.json,normal,boss-scene,eye:summon,1,false,false,17,7.00,8.60,0.40,,
fx-dpr2-normal.json,normal,boss-scene,eye:tear,1,false,false,17,7.10,7.70,0.40,,
fx-dpr2-normal.json,normal,boss-scene,eye:gaze,1,false,false,18,6.90,7.10,0.40,,
fx-dpr2-normal.json,normal,boss-scene,eye:mirage,1,false,false,15,8.00,8.50,0.50,,
fx-dpr2-normal.json,normal,boss-scene,eye:doom,1,false,false,17,7.00,8.50,0.40,,
fx-dpr2-normal.json,normal,boss-scene,forge:idle,1,false,false,32,3.80,3.90,0.20,,
fx-dpr2-normal.json,normal,boss-scene,serpent:idle,1,false,false,12,22.30,22.90,1.60,,
fx-dpr2-normal.json,normal,boss-scene,clock:idle,1,false,false,16,8.00,9.40,0.60,,
fx-dpr2-normal.json,normal,boss-scene,clock:stop,1,false,false,16,7.90,9.30,0.60,,
fx-dpr2-normal.json,normal,boss-scene,clock:toll,1,false,false,16,7.90,8.30,0.60,,
fx-dpr2-normal.json,normal,boss-scene,clock:pendulum,1,false,false,16,7.80,8.30,0.50,,
fx-dpr2-normal.json,normal,boss-scene,clock:rewind,1,false,false,15,8.10,12.70,0.50,,
fx-dpr2-normal.json,normal,boss-scene,clock:haste,1,false,false,16,7.50,7.70,0.50,,
fx-dpr2-normal.json,normal,boss-scene,clock:midnight,1,false,false,15,8.00,8.40,0.50,,
fx-dpr2-normal.json,normal,intro,fragments,1,true,false,20,1.30,6.10,,,
fx-dpr2-normal.json,normal,intro,fragments,4,true,true,20,2.00,2.20,,,
fx-dpr2-normal.json,normal,intro,fragments,16,true,true,20,4.80,5.30,,,
fx-dpr2-reduced.json,reduced,baseline,board,0,false,false,148,0.70,1.70,0.20,,
fx-dpr2-reduced.json,reduced,impact,trident,1,false,false,124,0.80,1.60,0.20,,
fx-dpr2-reduced.json,reduced,impact,trident,12,false,false,66,1.80,2.10,0.50,,
fx-dpr2-reduced.json,reduced,impact,trident,56,false,false,20,5.70,11.50,1.50,,
fx-dpr2-reduced.json,reduced,hero,trident,1,false,false,138,0.80,1.40,0.20,,
fx-dpr2-reduced.json,reduced,hero,trident,12,false,false,64,1.80,2.30,0.50,,
fx-dpr2-reduced.json,reduced,hero,trident,23,false,false,40,2.90,3.90,0.80,,
fx-dpr2-reduced.json,reduced,hero,trident,24,false,false,41,2.80,4.00,0.80,,
fx-dpr2-reduced.json,reduced,hero,trident,56,false,false,20,6.00,10.50,1.70,,
fx-dpr2-reduced.json,reduced,trail,trident,1,false,false,127,0.90,1.20,0.20,,
fx-dpr2-reduced.json,reduced,trail,trident,12,false,false,42,2.80,3.40,0.60,,
fx-dpr2-reduced.json,reduced,trail,trident,64,false,false,16,8.10,9.20,1.40,,
fx-dpr2-reduced.json,reduced,impact,echo,1,false,false,149,0.80,0.90,0.20,,
fx-dpr2-reduced.json,reduced,impact,echo,12,false,false,74,1.60,1.80,0.40,,
fx-dpr2-reduced.json,reduced,impact,echo,56,false,false,25,4.80,5.50,1.20,,
fx-dpr2-reduced.json,reduced,hero,echo,1,false,false,156,0.80,0.90,0.20,,
fx-dpr2-reduced.json,reduced,hero,echo,12,false,false,74,1.60,1.80,0.40,,
fx-dpr2-reduced.json,reduced,hero,echo,23,false,false,48,2.50,2.80,0.60,,
fx-dpr2-reduced.json,reduced,hero,echo,24,false,false,41,2.60,5.10,0.70,,
fx-dpr2-reduced.json,reduced,hero,echo,56,false,false,23,5.00,7.20,1.50,,
fx-dpr2-reduced.json,reduced,trail,echo,1,false,false,133,0.90,1.00,0.20,,
fx-dpr2-reduced.json,reduced,trail,echo,12,false,false,39,3.00,3.70,0.70,,
fx-dpr2-reduced.json,reduced,trail,echo,64,false,false,13,8.70,12.50,1.50,,
fx-dpr2-reduced.json,reduced,impact,legion,1,false,false,146,0.80,0.90,0.20,,
fx-dpr2-reduced.json,reduced,impact,legion,12,false,false,57,2.10,2.30,0.50,,
fx-dpr2-reduced.json,reduced,impact,legion,56,false,false,17,7.10,7.70,1.70,,
fx-dpr2-reduced.json,reduced,hero,legion,1,false,false,149,0.80,0.90,0.20,,
fx-dpr2-reduced.json,reduced,hero,legion,12,false,false,57,2.10,2.30,0.50,,
fx-dpr2-reduced.json,reduced,hero,legion,23,false,false,35,3.40,3.60,0.80,,
fx-dpr2-reduced.json,reduced,hero,legion,24,false,false,34,3.50,4.30,0.80,,
fx-dpr2-reduced.json,reduced,hero,legion,56,false,false,15,8.50,10.00,2.00,,
fx-dpr2-reduced.json,reduced,trail,legion,1,false,false,95,1.10,1.60,0.30,,
fx-dpr2-reduced.json,reduced,trail,legion,12,false,false,31,3.80,5.10,0.80,,
fx-dpr2-reduced.json,reduced,trail,legion,64,false,false,12,8.70,21.10,1.60,,
fx-dpr2-reduced.json,reduced,impact,prism,1,false,false,144,0.80,1.00,0.20,,
fx-dpr2-reduced.json,reduced,impact,prism,12,false,false,71,1.70,2.00,0.40,,
fx-dpr2-reduced.json,reduced,impact,prism,56,false,false,26,4.60,5.10,1.00,,
fx-dpr2-reduced.json,reduced,hero,prism,1,false,false,160,0.70,0.80,0.20,,
fx-dpr2-reduced.json,reduced,hero,prism,12,false,false,79,1.50,1.60,0.30,,
fx-dpr2-reduced.json,reduced,hero,prism,23,false,false,53,2.30,2.50,0.50,,
fx-dpr2-reduced.json,reduced,hero,prism,24,false,false,49,2.40,3.20,0.50,,
fx-dpr2-reduced.json,reduced,hero,prism,56,false,false,26,4.60,4.80,1.00,,
fx-dpr2-reduced.json,reduced,trail,prism,1,false,false,141,0.90,0.90,0.20,,
fx-dpr2-reduced.json,reduced,trail,prism,12,false,false,42,3.00,3.30,0.60,,
fx-dpr2-reduced.json,reduced,trail,prism,64,false,false,17,7.00,8.40,1.30,,
fx-dpr2-reduced.json,reduced,impact,nova,1,false,false,157,0.80,0.80,0.20,,
fx-dpr2-reduced.json,reduced,impact,nova,12,false,false,75,1.60,1.80,0.30,,
fx-dpr2-reduced.json,reduced,impact,nova,56,false,false,23,5.10,6.20,0.90,,
fx-dpr2-reduced.json,reduced,hero,nova,1,false,false,168,0.70,0.80,0.20,,
fx-dpr2-reduced.json,reduced,hero,nova,12,false,false,67,1.50,2.50,0.30,,
fx-dpr2-reduced.json,reduced,hero,nova,23,false,false,51,2.40,2.60,0.50,,
fx-dpr2-reduced.json,reduced,hero,nova,24,false,false,36,2.70,11.20,0.50,,
fx-dpr2-reduced.json,reduced,hero,nova,56,false,false,20,5.20,18.60,0.90,,
fx-dpr2-reduced.json,reduced,trail,nova,1,false,false,123,0.90,1.00,0.20,,
fx-dpr2-reduced.json,reduced,trail,nova,12,false,false,46,2.60,2.80,0.50,,
fx-dpr2-reduced.json,reduced,trail,nova,64,false,false,19,6.40,7.00,1.10,,
fx-dpr2-reduced.json,reduced,impact,mirror,1,false,false,143,0.80,0.90,0.20,,
fx-dpr2-reduced.json,reduced,impact,mirror,12,false,false,62,1.90,2.10,0.40,,
fx-dpr2-reduced.json,reduced,impact,mirror,56,false,false,21,5.70,6.30,1.00,,
fx-dpr2-reduced.json,reduced,hero,mirror,1,false,false,153,0.70,0.90,0.20,,
fx-dpr2-reduced.json,reduced,hero,mirror,12,false,false,69,1.70,1.90,0.30,,
fx-dpr2-reduced.json,reduced,hero,mirror,23,false,false,44,2.70,2.90,0.50,,
fx-dpr2-reduced.json,reduced,hero,mirror,24,false,false,44,2.80,2.90,0.50,,
fx-dpr2-reduced.json,reduced,hero,mirror,56,false,false,22,5.40,6.00,1.00,,
fx-dpr2-reduced.json,reduced,trail,mirror,1,false,false,108,0.90,1.10,0.20,,
fx-dpr2-reduced.json,reduced,trail,mirror,12,false,false,20,3.70,28.30,0.60,,
fx-dpr2-reduced.json,reduced,trail,mirror,64,false,false,13,9.50,10.50,1.40,,
fx-dpr2-reduced.json,reduced,impact,hunters,1,false,false,129,0.80,1.00,0.20,,
fx-dpr2-reduced.json,reduced,impact,hunters,12,false,false,59,2.00,2.70,0.50,,
fx-dpr2-reduced.json,reduced,impact,hunters,56,false,false,19,6.50,9.20,1.50,,
fx-dpr2-reduced.json,reduced,hero,hunters,1,false,false,152,0.80,0.90,0.20,,
fx-dpr2-reduced.json,reduced,hero,hunters,12,false,false,69,1.70,1.90,0.40,,
fx-dpr2-reduced.json,reduced,hero,hunters,23,false,false,44,2.80,3.00,0.60,,
fx-dpr2-reduced.json,reduced,hero,hunters,24,false,false,43,2.80,3.00,0.70,,
fx-dpr2-reduced.json,reduced,hero,hunters,56,false,false,21,5.80,6.00,1.40,,
fx-dpr2-reduced.json,reduced,trail,hunters,1,false,false,130,0.90,1.00,0.20,,
fx-dpr2-reduced.json,reduced,trail,hunters,12,false,false,38,3.20,3.30,0.50,,
fx-dpr2-reduced.json,reduced,trail,hunters,64,false,false,15,8.30,8.50,1.00,,
fx-dpr2-reduced.json,reduced,impact,seeking,1,false,false,160,0.70,0.80,0.20,,
fx-dpr2-reduced.json,reduced,impact,seeking,12,false,false,73,1.60,1.80,0.30,,
fx-dpr2-reduced.json,reduced,impact,seeking,56,false,false,24,5.10,5.30,1.00,,
fx-dpr2-reduced.json,reduced,hero,seeking,1,false,false,157,0.70,0.90,0.20,,
fx-dpr2-reduced.json,reduced,hero,seeking,12,false,false,60,1.70,4.50,0.40,,
fx-dpr2-reduced.json,reduced,hero,seeking,23,false,false,41,2.70,4.80,0.60,,
fx-dpr2-reduced.json,reduced,hero,seeking,24,false,false,39,2.80,6.00,0.50,,
fx-dpr2-reduced.json,reduced,hero,seeking,56,false,false,22,5.70,6.10,1.10,,
fx-dpr2-reduced.json,reduced,trail,seeking,1,false,false,127,0.90,1.10,0.20,,
fx-dpr2-reduced.json,reduced,trail,seeking,12,false,false,38,3.20,3.60,0.50,,
fx-dpr2-reduced.json,reduced,trail,seeking,64,false,false,13,9.10,10.80,1.00,,
fx-dpr2-reduced.json,reduced,impact,swarmqueen,1,false,false,100,1.20,1.40,0.30,,
fx-dpr2-reduced.json,reduced,impact,swarmqueen,12,false,false,30,4.10,4.20,0.90,,
fx-dpr2-reduced.json,reduced,impact,swarmqueen,56,false,false,12,16.50,20.00,3.50,,
fx-dpr2-reduced.json,reduced,hero,swarmqueen,1,false,false,103,1.20,1.30,0.30,,
fx-dpr2-reduced.json,reduced,hero,swarmqueen,12,false,false,30,4.10,4.20,0.90,,
fx-dpr2-reduced.json,reduced,hero,swarmqueen,23,false,false,18,7.00,7.90,1.50,,
fx-dpr2-reduced.json,reduced,hero,swarmqueen,24,false,false,17,7.20,7.60,1.50,,
fx-dpr2-reduced.json,reduced,hero,swarmqueen,56,false,false,12,15.80,16.90,3.30,,
fx-dpr2-reduced.json,reduced,trail,swarmqueen,1,false,false,90,1.30,1.50,0.30,,
fx-dpr2-reduced.json,reduced,trail,swarmqueen,12,false,false,22,5.60,5.80,1.10,,
fx-dpr2-reduced.json,reduced,trail,swarmqueen,64,false,false,12,11.90,12.20,1.80,,
fx-dpr2-reduced.json,reduced,impact,bankshot,1,false,false,148,0.80,0.90,0.20,,
fx-dpr2-reduced.json,reduced,impact,bankshot,12,false,false,64,1.80,2.10,0.40,,
fx-dpr2-reduced.json,reduced,impact,bankshot,56,false,false,22,5.50,5.80,1.20,,
fx-dpr2-reduced.json,reduced,hero,bankshot,1,false,false,152,0.80,0.90,0.20,,
fx-dpr2-reduced.json,reduced,hero,bankshot,12,false,false,69,1.70,1.90,0.40,,
fx-dpr2-reduced.json,reduced,hero,bankshot,23,false,false,45,2.70,2.90,0.60,,
fx-dpr2-reduced.json,reduced,hero,bankshot,24,false,false,44,2.70,2.90,0.60,,
fx-dpr2-reduced.json,reduced,hero,bankshot,56,false,false,21,5.60,7.70,1.30,,
fx-dpr2-reduced.json,reduced,trail,bankshot,1,false,false,131,0.90,1.00,0.20,,
fx-dpr2-reduced.json,reduced,trail,bankshot,12,false,false,42,2.90,3.00,0.60,,
fx-dpr2-reduced.json,reduced,trail,bankshot,64,false,false,17,7.50,8.30,1.40,,
fx-dpr2-reduced.json,reduced,impact,titan,1,false,false,163,0.70,0.80,0.20,,
fx-dpr2-reduced.json,reduced,impact,titan,12,false,false,91,1.30,1.50,0.30,,
fx-dpr2-reduced.json,reduced,impact,titan,56,false,false,36,3.40,3.50,1.00,,
fx-dpr2-reduced.json,reduced,hero,titan,1,false,false,164,0.70,0.80,0.20,,
fx-dpr2-reduced.json,reduced,hero,titan,12,false,false,95,1.30,1.40,0.30,,
fx-dpr2-reduced.json,reduced,hero,titan,23,false,false,61,1.80,2.30,0.50,,
fx-dpr2-reduced.json,reduced,hero,titan,24,false,false,60,1.80,3.40,0.50,,
fx-dpr2-reduced.json,reduced,hero,titan,56,false,false,33,3.30,6.10,0.90,,
fx-dpr2-reduced.json,reduced,trail,titan,1,false,false,142,0.80,1.00,0.20,,
fx-dpr2-reduced.json,reduced,trail,titan,12,false,false,48,2.40,3.80,0.50,,
fx-dpr2-reduced.json,reduced,trail,titan,64,false,false,17,6.90,12.40,1.10,,
fx-dpr2-reduced.json,reduced,impact,piercer,1,false,false,154,0.80,0.90,0.20,,
fx-dpr2-reduced.json,reduced,impact,piercer,12,false,false,66,1.70,3.00,0.30,,
fx-dpr2-reduced.json,reduced,impact,piercer,56,false,false,21,5.60,7.40,0.90,,
fx-dpr2-reduced.json,reduced,hero,piercer,1,false,false,154,0.70,1.00,0.20,,
fx-dpr2-reduced.json,reduced,hero,piercer,12,false,false,70,1.70,1.80,0.30,,
fx-dpr2-reduced.json,reduced,hero,piercer,23,false,false,48,2.50,2.60,0.40,,
fx-dpr2-reduced.json,reduced,hero,piercer,24,false,false,47,2.60,2.70,0.40,,
fx-dpr2-reduced.json,reduced,hero,piercer,56,false,false,25,4.90,5.00,0.70,,
fx-dpr2-reduced.json,reduced,trail,piercer,1,false,false,139,0.80,1.00,0.20,,
fx-dpr2-reduced.json,reduced,trail,piercer,12,false,false,42,2.90,3.00,0.40,,
fx-dpr2-reduced.json,reduced,trail,piercer,64,false,false,15,7.90,9.20,1.10,,
fx-dpr2-reduced.json,reduced,impact,heavy,1,false,false,171,0.70,0.80,0.20,,
fx-dpr2-reduced.json,reduced,impact,heavy,12,false,false,92,1.30,1.40,0.30,,
fx-dpr2-reduced.json,reduced,impact,heavy,56,false,false,31,3.80,4.80,0.80,,
fx-dpr2-reduced.json,reduced,hero,heavy,1,false,false,179,0.70,0.80,0.10,,
fx-dpr2-reduced.json,reduced,hero,heavy,12,false,false,92,1.30,1.40,0.30,,
fx-dpr2-reduced.json,reduced,hero,heavy,23,false,false,64,1.90,2.00,0.40,,
fx-dpr2-reduced.json,reduced,hero,heavy,24,false,false,62,2.00,2.10,0.40,,
fx-dpr2-reduced.json,reduced,hero,heavy,56,false,false,33,3.70,3.90,0.70,,
fx-dpr2-reduced.json,reduced,trail,heavy,1,false,false,155,0.80,0.90,0.20,,
fx-dpr2-reduced.json,reduced,trail,heavy,12,false,false,49,2.40,2.60,0.50,,
fx-dpr2-reduced.json,reduced,trail,heavy,64,false,false,19,6.50,6.70,1.00,,
fx-dpr2-reduced.json,reduced,impact,railgun,1,false,false,162,0.70,0.80,0.20,,
fx-dpr2-reduced.json,reduced,impact,railgun,12,false,false,68,1.80,1.90,0.30,,
fx-dpr2-reduced.json,reduced,impact,railgun,56,false,false,22,5.50,5.70,1.00,,
fx-dpr2-reduced.json,reduced,hero,railgun,1,false,false,166,0.70,0.80,0.10,,
fx-dpr2-reduced.json,reduced,hero,railgun,12,false,false,66,1.90,2.00,0.30,,
fx-dpr2-reduced.json,reduced,hero,railgun,23,false,false,42,2.90,3.10,0.50,,
fx-dpr2-reduced.json,reduced,hero,railgun,24,false,false,39,3.00,4.30,0.50,,
fx-dpr2-reduced.json,reduced,hero,railgun,56,false,false,20,5.80,9.20,1.10,,
fx-dpr2-reduced.json,reduced,trail,railgun,1,false,false,139,0.90,1.00,0.20,,
fx-dpr2-reduced.json,reduced,trail,railgun,12,false,false,36,3.20,4.60,0.50,,
fx-dpr2-reduced.json,reduced,trail,railgun,64,false,false,12,8.70,21.40,1.30,,
fx-dpr2-reduced.json,reduced,impact,sharpshooter,1,false,false,135,0.90,1.10,0.20,,
fx-dpr2-reduced.json,reduced,impact,sharpshooter,12,false,false,56,2.10,2.70,0.40,,
fx-dpr2-reduced.json,reduced,impact,sharpshooter,56,false,false,18,6.80,8.00,1.10,,
fx-dpr2-reduced.json,reduced,hero,sharpshooter,1,false,false,141,0.80,1.00,0.20,,
fx-dpr2-reduced.json,reduced,hero,sharpshooter,12,false,false,57,2.10,2.30,0.40,,
fx-dpr2-reduced.json,reduced,hero,sharpshooter,23,false,false,38,3.20,3.30,0.60,,
fx-dpr2-reduced.json,reduced,hero,sharpshooter,24,false,false,37,3.20,3.50,0.60,,
fx-dpr2-reduced.json,reduced,hero,sharpshooter,56,false,false,18,6.60,10.70,1.10,,
fx-dpr2-reduced.json,reduced,trail,sharpshooter,1,false,false,118,1.00,1.30,0.20,,
fx-dpr2-reduced.json,reduced,trail,sharpshooter,12,false,false,30,3.60,6.40,0.50,,
fx-dpr2-reduced.json,reduced,trail,sharpshooter,64,false,false,13,9.60,12.00,1.00,,
fx-dpr2-reduced.json,reduced,impact,rapid,1,false,false,176,0.70,0.80,0.20,,
fx-dpr2-reduced.json,reduced,impact,rapid,12,false,false,96,1.20,1.70,0.30,,
fx-dpr2-reduced.json,reduced,impact,rapid,56,false,false,37,3.20,4.10,0.70,,
fx-dpr2-reduced.json,reduced,hero,rapid,1,false,false,182,0.70,0.80,0.20,,
fx-dpr2-reduced.json,reduced,hero,rapid,12,false,false,99,1.20,1.30,0.30,,
fx-dpr2-reduced.json,reduced,hero,rapid,23,false,false,65,1.70,2.10,0.40,,
fx-dpr2-reduced.json,reduced,hero,rapid,24,false,false,62,1.80,2.50,0.50,,
fx-dpr2-reduced.json,reduced,hero,rapid,56,false,false,35,3.30,4.70,0.80,,
fx-dpr2-reduced.json,reduced,trail,rapid,1,false,false,152,0.80,0.90,0.20,,
fx-dpr2-reduced.json,reduced,trail,rapid,12,false,false,52,2.30,2.50,0.40,,
fx-dpr2-reduced.json,reduced,trail,rapid,64,false,false,17,7.40,7.60,0.80,,
fx-dpr2-reduced.json,reduced,impact,growing,1,false,false,162,0.70,0.80,0.20,,
fx-dpr2-reduced.json,reduced,impact,growing,12,false,false,85,1.40,1.50,0.30,,
fx-dpr2-reduced.json,reduced,impact,growing,56,false,false,28,4.30,5.60,0.80,,
fx-dpr2-reduced.json,reduced,hero,growing,1,false,false,172,0.70,0.80,0.20,,
fx-dpr2-reduced.json,reduced,hero,growing,12,false,false,83,1.50,1.60,0.30,,
fx-dpr2-reduced.json,reduced,hero,growing,23,false,false,56,2.10,2.30,0.40,,
fx-dpr2-reduced.json,reduced,hero,growing,24,false,false,54,2.20,2.40,0.40,,
fx-dpr2-reduced.json,reduced,hero,growing,56,false,false,28,4.30,4.50,0.80,,
fx-dpr2-reduced.json,reduced,trail,growing,1,false,false,143,0.80,0.90,0.20,,
fx-dpr2-reduced.json,reduced,trail,growing,12,false,false,43,2.80,3.00,0.50,,
fx-dpr2-reduced.json,reduced,trail,growing,64,false,false,14,9.00,9.70,1.20,,
fx-dpr2-reduced.json,reduced,impact,critical,1,false,false,146,0.80,0.90,0.20,,
fx-dpr2-reduced.json,reduced,impact,critical,12,false,false,62,1.90,2.10,0.40,,
fx-dpr2-reduced.json,reduced,impact,critical,56,false,false,20,6.30,6.70,1.30,,
fx-dpr2-reduced.json,reduced,hero,critical,1,false,false,148,0.80,0.90,0.20,,
fx-dpr2-reduced.json,reduced,hero,critical,12,false,false,63,1.90,2.00,0.40,,
fx-dpr2-reduced.json,reduced,hero,critical,23,false,false,41,3.00,3.20,0.50,,
fx-dpr2-reduced.json,reduced,hero,critical,24,false,false,39,3.10,3.20,0.60,,
fx-dpr2-reduced.json,reduced,hero,critical,56,false,false,20,6.20,6.50,1.10,,
fx-dpr2-reduced.json,reduced,trail,critical,1,false,false,131,0.90,1.00,0.20,,
fx-dpr2-reduced.json,reduced,trail,critical,12,false,false,45,2.60,3.00,0.50,,
fx-dpr2-reduced.json,reduced,trail,critical,64,false,false,20,6.00,6.90,1.10,,
fx-dpr2-reduced.json,reduced,impact,execute,1,false,false,159,0.80,0.90,0.20,,
fx-dpr2-reduced.json,reduced,impact,execute,12,false,false,74,1.60,1.70,0.30,,
fx-dpr2-reduced.json,reduced,impact,execute,56,false,false,25,5.00,5.20,0.90,,
fx-dpr2-reduced.json,reduced,hero,execute,1,false,false,159,0.80,0.90,0.20,,
fx-dpr2-reduced.json,reduced,hero,execute,12,false,false,69,1.70,1.80,0.30,,
fx-dpr2-reduced.json,reduced,hero,execute,23,false,false,50,2.40,2.60,0.50,,
fx-dpr2-reduced.json,reduced,hero,execute,24,false,false,47,2.50,2.90,0.50,,
fx-dpr2-reduced.json,reduced,hero,execute,56,false,false,24,5.00,6.10,0.90,,
fx-dpr2-reduced.json,reduced,trail,execute,1,false,false,146,0.80,0.90,0.20,,
fx-dpr2-reduced.json,reduced,trail,execute,12,false,false,54,2.20,2.50,0.50,,
fx-dpr2-reduced.json,reduced,trail,execute,64,false,false,22,5.70,5.90,1.10,,
fx-dpr2-reduced.json,reduced,impact,rage,1,false,false,136,0.90,1.00,0.20,,
fx-dpr2-reduced.json,reduced,impact,rage,12,false,false,51,2.30,2.50,0.40,,
fx-dpr2-reduced.json,reduced,impact,rage,56,false,false,16,7.60,8.70,1.20,,
fx-dpr2-reduced.json,reduced,hero,rage,1,false,false,140,0.90,0.90,0.20,,
fx-dpr2-reduced.json,reduced,hero,rage,12,false,false,51,2.30,2.50,0.40,,
fx-dpr2-reduced.json,reduced,hero,rage,23,false,false,33,3.70,3.80,0.60,,
fx-dpr2-reduced.json,reduced,hero,rage,24,false,false,31,3.80,5.60,0.60,,
fx-dpr2-reduced.json,reduced,hero,rage,56,false,false,16,7.60,7.80,1.30,,
fx-dpr2-reduced.json,reduced,trail,rage,1,false,false,119,1.00,1.10,0.20,,
fx-dpr2-reduced.json,reduced,trail,rage,12,false,false,32,3.80,4.50,0.60,,
fx-dpr2-reduced.json,reduced,trail,rage,64,false,false,12,10.40,10.90,1.30,,
fx-dpr2-reduced.json,reduced,impact,ambush,1,false,false,137,0.90,1.00,0.20,,
fx-dpr2-reduced.json,reduced,impact,ambush,12,false,false,69,1.70,1.90,0.30,,
fx-dpr2-reduced.json,reduced,impact,ambush,56,false,false,24,5.10,5.70,0.70,,
fx-dpr2-reduced.json,reduced,hero,ambush,1,false,false,141,0.80,0.90,0.20,,
fx-dpr2-reduced.json,reduced,hero,ambush,12,false,false,70,1.70,1.90,0.30,,
fx-dpr2-reduced.json,reduced,hero,ambush,23,false,false,44,2.50,2.70,0.40,,
fx-dpr2-reduced.json,reduced,hero,ambush,24,false,false,46,2.60,2.80,0.40,,
fx-dpr2-reduced.json,reduced,hero,ambush,56,false,false,24,5.10,5.20,0.70,,
fx-dpr2-reduced.json,reduced,trail,ambush,1,false,false,132,0.90,1.00,0.20,,
fx-dpr2-reduced.json,reduced,trail,ambush,12,false,false,53,2.30,2.50,0.50,,
fx-dpr2-reduced.json,reduced,trail,ambush,64,false,false,22,5.60,5.90,1.00,,
fx-dpr2-reduced.json,reduced,impact,opportunist,1,false,false,156,0.80,0.90,0.20,,
fx-dpr2-reduced.json,reduced,impact,opportunist,12,false,false,68,1.60,1.70,0.40,,
fx-dpr2-reduced.json,reduced,impact,opportunist,56,false,false,26,4.80,5.10,1.20,,
fx-dpr2-reduced.json,reduced,hero,opportunist,1,false,false,158,0.70,0.90,0.20,,
fx-dpr2-reduced.json,reduced,hero,opportunist,12,false,false,72,1.60,1.90,0.40,,
fx-dpr2-reduced.json,reduced,hero,opportunist,23,false,false,51,2.40,2.60,0.60,,
fx-dpr2-reduced.json,reduced,hero,opportunist,24,false,false,48,2.50,2.80,0.60,,
fx-dpr2-reduced.json,reduced,hero,opportunist,56,false,false,25,4.70,5.00,1.20,,
fx-dpr2-reduced.json,reduced,trail,opportunist,1,false,false,139,0.80,1.00,0.20,,
fx-dpr2-reduced.json,reduced,trail,opportunist,12,false,false,52,2.30,2.50,0.50,,
fx-dpr2-reduced.json,reduced,trail,opportunist,64,false,false,20,5.90,8.90,1.20,,
fx-dpr2-reduced.json,reduced,impact,reaper,1,false,false,104,0.80,1.00,0.20,,
fx-dpr2-reduced.json,reduced,impact,reaper,12,false,false,56,1.70,7.20,0.30,,
fx-dpr2-reduced.json,reduced,impact,reaper,56,false,false,24,4.70,7.40,0.70,,
fx-dpr2-reduced.json,reduced,hero,reaper,1,false,false,163,0.70,0.80,0.10,,
fx-dpr2-reduced.json,reduced,hero,reaper,12,false,false,77,1.60,1.70,0.20,,
fx-dpr2-reduced.json,reduced,hero,reaper,23,false,false,51,2.40,2.50,0.30,,
fx-dpr2-reduced.json,reduced,hero,reaper,24,false,false,50,2.40,2.50,0.40,,
fx-dpr2-reduced.json,reduced,hero,reaper,56,false,false,26,4.70,4.90,0.70,,
fx-dpr2-reduced.json,reduced,trail,reaper,1,false,false,140,0.80,1.10,0.20,,
fx-dpr2-reduced.json,reduced,trail,reaper,12,false,false,54,2.20,2.90,0.40,,
fx-dpr2-reduced.json,reduced,trail,reaper,64,false,false,23,5.40,5.70,0.90,,
fx-dpr2-reduced.json,reduced,impact,siphon,1,false,false,153,0.80,0.90,0.20,,
fx-dpr2-reduced.json,reduced,impact,siphon,12,false,false,72,1.70,1.80,0.30,,
fx-dpr2-reduced.json,reduced,impact,siphon,56,false,false,24,5.20,5.30,0.90,,
fx-dpr2-reduced.json,reduced,hero,siphon,1,false,false,167,0.70,0.80,0.10,,
fx-dpr2-reduced.json,reduced,hero,siphon,12,false,false,73,1.60,1.80,0.30,,
fx-dpr2-reduced.json,reduced,hero,siphon,23,false,false,49,2.50,2.70,0.40,,
fx-dpr2-reduced.json,reduced,hero,siphon,24,false,false,47,2.50,2.80,0.40,,
fx-dpr2-reduced.json,reduced,hero,siphon,56,false,false,24,5.00,5.20,0.90,,
fx-dpr2-reduced.json,reduced,trail,siphon,1,false,false,130,0.90,1.00,0.20,,
fx-dpr2-reduced.json,reduced,trail,siphon,12,false,false,40,3.00,3.70,0.50,,
fx-dpr2-reduced.json,reduced,trail,siphon,64,false,false,14,9.00,9.20,1.20,,
fx-dpr2-reduced.json,reduced,impact,ricochet,1,false,false,164,0.70,0.80,0.20,,
fx-dpr2-reduced.json,reduced,impact,ricochet,12,false,false,70,1.60,2.10,0.30,,
fx-dpr2-reduced.json,reduced,impact,ricochet,56,false,false,23,5.10,6.20,0.80,,
fx-dpr2-reduced.json,reduced,hero,ricochet,1,false,false,145,0.80,1.00,0.20,,
fx-dpr2-reduced.json,reduced,hero,ricochet,12,false,false,74,1.60,1.90,0.30,,
fx-dpr2-reduced.json,reduced,hero,ricochet,23,false,false,49,2.40,2.90,0.40,,
fx-dpr2-reduced.json,reduced,hero,ricochet,24,false,false,48,2.50,2.70,0.40,,
fx-dpr2-reduced.json,reduced,hero,ricochet,56,false,false,25,4.90,5.50,0.70,,
fx-dpr2-reduced.json,reduced,trail,ricochet,1,false,false,145,0.80,0.90,0.20,,
fx-dpr2-reduced.json,reduced,trail,ricochet,12,false,false,50,2.40,2.60,0.40,,
fx-dpr2-reduced.json,reduced,trail,ricochet,64,false,false,18,6.90,7.10,0.90,,
fx-dpr2-reduced.json,reduced,impact,meteor,1,false,false,132,0.80,1.00,0.20,,
fx-dpr2-reduced.json,reduced,impact,meteor,12,false,false,50,2.40,2.60,0.40,,
fx-dpr2-reduced.json,reduced,impact,meteor,56,false,false,16,7.90,8.80,1.40,,
fx-dpr2-reduced.json,reduced,hero,meteor,1,false,false,142,0.80,0.90,0.20,,
fx-dpr2-reduced.json,reduced,hero,meteor,12,false,false,51,2.40,2.50,0.40,,
fx-dpr2-reduced.json,reduced,hero,meteor,23,false,false,32,3.80,4.00,0.60,,
fx-dpr2-reduced.json,reduced,hero,meteor,24,false,false,30,4.00,4.70,0.70,,
fx-dpr2-reduced.json,reduced,hero,meteor,56,false,false,15,8.00,11.40,1.50,,
fx-dpr2-reduced.json,reduced,trail,meteor,1,false,false,129,0.90,1.00,0.20,,
fx-dpr2-reduced.json,reduced,trail,meteor,12,false,false,38,3.20,3.40,0.50,,
fx-dpr2-reduced.json,reduced,trail,meteor,64,false,false,17,7.30,7.50,1.00,,
fx-dpr2-reduced.json,reduced,impact,blast,1,false,false,135,0.90,1.00,0.20,,
fx-dpr2-reduced.json,reduced,impact,blast,12,false,false,48,2.50,2.60,0.40,,
fx-dpr2-reduced.json,reduced,impact,blast,56,false,false,13,8.80,14.60,1.10,,
fx-dpr2-reduced.json,reduced,hero,blast,1,false,false,137,0.90,1.00,0.20,,
fx-dpr2-reduced.json,reduced,hero,blast,12,false,false,49,2.50,2.60,0.40,,
fx-dpr2-reduced.json,reduced,hero,blast,23,false,false,30,4.00,4.80,0.50,,
fx-dpr2-reduced.json,reduced,hero,blast,24,false,false,29,4.20,4.40,0.60,,
fx-dpr2-reduced.json,reduced,hero,blast,56,false,false,14,8.70,8.80,1.10,,
fx-dpr2-reduced.json,reduced,trail,blast,1,false,false,132,0.90,1.00,0.20,,
fx-dpr2-reduced.json,reduced,trail,blast,12,false,false,37,3.20,5.00,0.50,,
fx-dpr2-reduced.json,reduced,trail,blast,64,false,false,17,7.30,7.50,1.10,,
fx-dpr2-reduced.json,reduced,impact,doubletap,1,false,false,157,0.80,0.90,0.10,,
fx-dpr2-reduced.json,reduced,impact,doubletap,12,false,false,65,1.80,2.00,0.30,,
fx-dpr2-reduced.json,reduced,impact,doubletap,56,false,false,20,6.00,7.30,0.80,,
fx-dpr2-reduced.json,reduced,hero,doubletap,1,false,false,152,0.70,0.90,0.10,,
fx-dpr2-reduced.json,reduced,hero,doubletap,12,false,false,65,1.90,2.00,0.30,,
fx-dpr2-reduced.json,reduced,hero,doubletap,23,false,false,42,2.90,3.10,0.40,,
fx-dpr2-reduced.json,reduced,hero,doubletap,24,false,false,41,3.00,3.20,0.40,,
fx-dpr2-reduced.json,reduced,hero,doubletap,56,false,false,20,6.10,6.30,0.70,,
fx-dpr2-reduced.json,reduced,trail,doubletap,1,false,false,147,0.80,0.90,0.20,,
fx-dpr2-reduced.json,reduced,trail,doubletap,12,false,false,53,2.30,2.40,0.40,,
fx-dpr2-reduced.json,reduced,trail,doubletap,64,false,false,20,5.90,12.80,1.00,,
fx-dpr2-reduced.json,reduced,impact,aftershock,1,false,false,147,0.80,0.90,0.20,,
fx-dpr2-reduced.json,reduced,impact,aftershock,12,false,false,55,2.00,3.30,0.30,,
fx-dpr2-reduced.json,reduced,impact,aftershock,56,false,false,19,6.40,7.00,0.80,,
fx-dpr2-reduced.json,reduced,hero,aftershock,1,false,false,156,0.80,0.90,0.10,,
fx-dpr2-reduced.json,reduced,hero,aftershock,12,false,false,56,2.00,2.70,0.30,,
fx-dpr2-reduced.json,reduced,hero,aftershock,23,false,false,40,3.10,3.40,0.40,,
fx-dpr2-reduced.json,reduced,hero,aftershock,24,false,false,39,3.10,3.20,0.40,,
fx-dpr2-reduced.json,reduced,hero,aftershock,56,false,false,19,6.30,7.20,0.80,,
fx-dpr2-reduced.json,reduced,trail,aftershock,1,false,false,139,0.90,1.00,0.20,,
fx-dpr2-reduced.json,reduced,trail,aftershock,12,false,false,47,2.60,2.90,0.40,,
fx-dpr2-reduced.json,reduced,trail,aftershock,64,false,false,16,7.60,11.70,1.20,,
fx-dpr2-reduced.json,reduced,impact,cascade,1,false,false,132,0.90,1.00,0.20,,
fx-dpr2-reduced.json,reduced,impact,cascade,12,false,false,49,2.40,2.50,0.50,,
fx-dpr2-reduced.json,reduced,impact,cascade,56,false,false,16,7.70,9.10,1.60,,
fx-dpr2-reduced.json,reduced,hero,cascade,1,false,false,137,0.90,1.00,0.20,,
fx-dpr2-reduced.json,reduced,hero,cascade,12,false,false,52,2.30,2.50,0.50,,
fx-dpr2-reduced.json,reduced,hero,cascade,23,false,false,33,3.60,4.10,0.70,,
fx-dpr2-reduced.json,reduced,hero,cascade,24,false,false,26,4.40,6.10,1.00,,
fx-dpr2-reduced.json,reduced,hero,cascade,56,false,false,14,8.90,10.00,2.10,,
fx-dpr2-reduced.json,reduced,trail,cascade,1,false,false,117,1.00,1.20,0.30,,
fx-dpr2-reduced.json,reduced,trail,cascade,12,false,false,38,3.20,3.40,0.70,,
fx-dpr2-reduced.json,reduced,trail,cascade,64,false,false,15,7.50,11.70,1.30,,
fx-dpr2-reduced.json,reduced,impact,orbital,1,false,false,124,0.90,1.10,0.20,,
fx-dpr2-reduced.json,reduced,impact,orbital,12,false,false,45,2.70,2.90,0.50,,
fx-dpr2-reduced.json,reduced,impact,orbital,56,false,false,13,10.10,10.70,1.70,,
fx-dpr2-reduced.json,reduced,hero,orbital,1,false,false,135,0.90,1.00,0.20,,
fx-dpr2-reduced.json,reduced,hero,orbital,12,false,false,46,2.70,2.80,0.50,,
fx-dpr2-reduced.json,reduced,hero,orbital,23,false,false,27,4.40,5.60,0.70,,
fx-dpr2-reduced.json,reduced,hero,orbital,24,false,false,26,4.70,5.60,0.80,,
fx-dpr2-reduced.json,reduced,hero,orbital,56,false,false,13,9.80,10.00,1.70,,
fx-dpr2-reduced.json,reduced,trail,orbital,1,false,false,126,1.00,1.10,0.20,,
fx-dpr2-reduced.json,reduced,trail,orbital,12,false,false,33,3.50,5.90,0.60,,
fx-dpr2-reduced.json,reduced,trail,orbital,64,false,false,14,9.00,9.50,1.40,,
fx-dpr2-reduced.json,reduced,impact,minefield,1,false,false,125,1.00,1.10,0.20,,
fx-dpr2-reduced.json,reduced,impact,minefield,12,false,false,44,2.80,2.90,0.50,,
fx-dpr2-reduced.json,reduced,impact,minefield,56,false,false,13,9.40,10.70,1.50,,
fx-dpr2-reduced.json,reduced,hero,minefield,1,false,false,127,0.90,1.00,0.20,,
fx-dpr2-reduced.json,reduced,hero,minefield,12,false,false,42,2.90,3.00,0.60,,
fx-dpr2-reduced.json,reduced,hero,minefield,23,false,false,26,4.60,6.40,0.90,,
fx-dpr2-reduced.json,reduced,hero,minefield,24,false,false,27,4.50,4.70,0.70,,
fx-dpr2-reduced.json,reduced,hero,minefield,56,false,false,13,9.40,11.80,1.50,,
fx-dpr2-reduced.json,reduced,trail,minefield,1,false,false,123,1.00,1.10,0.20,,
fx-dpr2-reduced.json,reduced,trail,minefield,12,false,false,35,3.40,3.60,0.60,,
fx-dpr2-reduced.json,reduced,trail,minefield,64,false,false,18,6.90,7.20,1.10,,
fx-dpr2-reduced.json,reduced,impact,lightning,1,false,false,141,0.90,0.90,0.20,,
fx-dpr2-reduced.json,reduced,impact,lightning,12,false,false,53,2.30,2.40,0.40,,
fx-dpr2-reduced.json,reduced,impact,lightning,56,false,false,15,7.80,10.10,1.20,,
fx-dpr2-reduced.json,reduced,hero,lightning,1,false,false,145,0.80,0.90,0.20,,
fx-dpr2-reduced.json,reduced,hero,lightning,12,false,false,55,2.20,2.30,0.30,,
fx-dpr2-reduced.json,reduced,hero,lightning,23,false,false,34,3.60,3.70,0.50,,
fx-dpr2-reduced.json,reduced,hero,lightning,24,false,false,32,3.70,4.20,0.60,,
fx-dpr2-reduced.json,reduced,hero,lightning,56,false,false,15,8.00,11.50,1.20,,
fx-dpr2-reduced.json,reduced,trail,lightning,1,false,false,131,0.90,1.00,0.20,,
fx-dpr2-reduced.json,reduced,trail,lightning,12,false,false,38,3.10,3.30,0.50,,
fx-dpr2-reduced.json,reduced,trail,lightning,64,false,false,16,7.60,9.30,1.00,,
fx-dpr2-reduced.json,reduced,impact,storm,1,false,false,157,0.80,0.90,0.20,,
fx-dpr2-reduced.json,reduced,impact,storm,12,false,false,61,1.80,2.20,0.30,,
fx-dpr2-reduced.json,reduced,impact,storm,56,false,false,21,5.70,5.90,0.70,,
fx-dpr2-reduced.json,reduced,hero,storm,1,false,false,160,0.70,0.90,0.20,,
fx-dpr2-reduced.json,reduced,hero,storm,12,false,false,67,1.80,1.90,0.30,,
fx-dpr2-reduced.json,reduced,hero,storm,23,false,false,44,2.70,2.90,0.40,,
fx-dpr2-reduced.json,reduced,hero,storm,24,false,false,43,2.90,3.00,0.40,,
fx-dpr2-reduced.json,reduced,hero,storm,56,false,false,20,5.70,10.10,0.80,,
fx-dpr2-reduced.json,reduced,trail,storm,1,false,false,145,0.80,0.90,0.20,,
fx-dpr2-reduced.json,reduced,trail,storm,12,false,false,49,2.50,2.60,0.40,,
fx-dpr2-reduced.json,reduced,trail,storm,64,false,false,17,7.10,7.50,1.00,,
fx-dpr2-reduced.json,reduced,impact,thunderlottery,1,false,false,161,0.70,0.80,0.20,,
fx-dpr2-reduced.json,reduced,impact,thunderlottery,12,false,false,70,1.70,1.80,0.30,,
fx-dpr2-reduced.json,reduced,impact,thunderlottery,56,false,false,23,5.40,5.60,0.90,,
fx-dpr2-reduced.json,reduced,hero,thunderlottery,1,false,false,165,0.70,0.80,0.10,,
fx-dpr2-reduced.json,reduced,hero,thunderlottery,12,false,false,69,1.70,1.80,0.30,,
fx-dpr2-reduced.json,reduced,hero,thunderlottery,23,false,false,45,2.70,2.80,0.50,,
fx-dpr2-reduced.json,reduced,hero,thunderlottery,24,false,false,44,2.80,2.90,0.50,,
fx-dpr2-reduced.json,reduced,hero,thunderlottery,56,false,false,23,5.30,6.80,1.00,,
fx-dpr2-reduced.json,reduced,trail,thunderlottery,1,false,false,139,0.90,1.00,0.20,,
fx-dpr2-reduced.json,reduced,trail,thunderlottery,12,false,false,40,3.00,3.10,0.40,,
fx-dpr2-reduced.json,reduced,trail,thunderlottery,64,false,false,17,7.50,7.90,1.00,,
fx-dpr2-reduced.json,reduced,impact,stormfront,1,false,false,158,0.80,0.90,0.20,,
fx-dpr2-reduced.json,reduced,impact,stormfront,12,false,false,58,2.00,2.40,0.60,,
fx-dpr2-reduced.json,reduced,impact,stormfront,56,false,false,20,6.10,6.60,1.40,,
fx-dpr2-reduced.json,reduced,hero,stormfront,1,false,false,165,0.70,0.80,0.20,,
fx-dpr2-reduced.json,reduced,hero,stormfront,12,false,false,66,1.80,1.90,0.40,,
fx-dpr2-reduced.json,reduced,hero,stormfront,23,false,false,41,2.90,3.10,0.70,,
fx-dpr2-reduced.json,reduced,hero,stormfront,24,false,false,36,3.30,4.70,1.00,,
fx-dpr2-reduced.json,reduced,hero,stormfront,56,false,false,20,6.10,7.70,1.30,,
fx-dpr2-reduced.json,reduced,trail,stormfront,1,false,false,137,0.90,1.00,0.20,,
fx-dpr2-reduced.json,reduced,trail,stormfront,12,false,false,38,3.10,3.30,0.50,,
fx-dpr2-reduced.json,reduced,trail,stormfront,64,false,false,15,8.40,8.80,1.00,,
fx-dpr2-reduced.json,reduced,impact,ice,1,false,false,139,0.90,1.00,0.20,,
fx-dpr2-reduced.json,reduced,impact,ice,12,false,false,49,2.40,2.50,0.40,,
fx-dpr2-reduced.json,reduced,impact,ice,56,false,false,15,8.40,8.50,1.30,,
fx-dpr2-reduced.json,reduced,hero,ice,1,false,false,140,0.80,0.90,0.20,,
fx-dpr2-reduced.json,reduced,hero,ice,12,false,false,51,2.40,2.50,0.40,,
fx-dpr2-reduced.json,reduced,hero,ice,23,false,false,28,3.90,7.60,0.60,,
fx-dpr2-reduced.json,reduced,hero,ice,24,false,false,31,4.00,4.20,0.60,,
fx-dpr2-reduced.json,reduced,hero,ice,56,false,false,15,8.40,8.80,1.30,,
fx-dpr2-reduced.json,reduced,trail,ice,1,false,false,127,0.90,1.00,0.20,,
fx-dpr2-reduced.json,reduced,trail,ice,12,false,false,38,3.10,3.30,0.70,,
fx-dpr2-reduced.json,reduced,trail,ice,64,false,false,14,7.20,21.80,1.70,,
fx-dpr2-reduced.json,reduced,impact,shatter,1,false,false,122,1.00,1.20,0.20,,
fx-dpr2-reduced.json,reduced,impact,shatter,12,false,false,21,5.60,6.90,1.30,,
fx-dpr2-reduced.json,reduced,impact,shatter,56,false,false,12,11.30,13.70,2.00,,
fx-dpr2-reduced.json,reduced,hero,shatter,1,false,false,123,0.90,1.10,0.20,,
fx-dpr2-reduced.json,reduced,hero,shatter,12,false,false,41,2.90,3.10,0.60,,
fx-dpr2-reduced.json,reduced,hero,shatter,23,false,false,25,4.90,5.20,0.90,,
fx-dpr2-reduced.json,reduced,hero,shatter,24,false,false,25,5.00,5.10,0.90,,
fx-dpr2-reduced.json,reduced,hero,shatter,56,false,false,12,10.80,13.40,1.90,,
fx-dpr2-reduced.json,reduced,trail,shatter,1,false,false,120,1.00,1.10,0.20,,
fx-dpr2-reduced.json,reduced,trail,shatter,12,false,false,30,3.70,6.70,0.80,,
fx-dpr2-reduced.json,reduced,trail,shatter,64,false,false,16,7.40,10.10,1.60,,
fx-dpr2-reduced.json,reduced,impact,blizzard,1,false,false,65,1.80,2.70,0.30,,
fx-dpr2-reduced.json,reduced,impact,blizzard,12,false,false,16,7.70,8.00,1.20,,
fx-dpr2-reduced.json,reduced,impact,blizzard,56,false,false,12,48.80,60.00,5.50,,
fx-dpr2-reduced.json,reduced,hero,blizzard,1,false,false,70,1.70,1.90,0.30,,
fx-dpr2-reduced.json,reduced,hero,blizzard,12,false,false,14,8.00,17.20,1.10,,
fx-dpr2-reduced.json,reduced,hero,blizzard,23,false,false,12,14.70,16.40,2.00,,
fx-dpr2-reduced.json,reduced,hero,blizzard,24,false,false,12,15.10,16.50,2.10,,
fx-dpr2-reduced.json,reduced,hero,blizzard,56,false,false,12,34.30,39.70,4.70,,
fx-dpr2-reduced.json,reduced,trail,blizzard,1,false,false,66,1.80,2.00,0.30,,
fx-dpr2-reduced.json,reduced,trail,blizzard,12,false,false,13,9.10,15.40,1.30,,
fx-dpr2-reduced.json,reduced,trail,blizzard,64,false,false,12,15.50,20.10,2.10,,
fx-dpr2-reduced.json,reduced,impact,snowburst,1,false,false,79,1.50,1.70,0.30,,
fx-dpr2-reduced.json,reduced,impact,snowburst,12,false,false,20,6.20,6.60,1.00,,
fx-dpr2-reduced.json,reduced,impact,snowburst,56,false,false,12,27.40,33.20,3.80,,
fx-dpr2-reduced.json,reduced,hero,snowburst,1,false,false,73,1.60,2.50,0.30,,
fx-dpr2-reduced.json,reduced,hero,snowburst,12,false,false,20,6.30,6.80,0.90,,
fx-dpr2-reduced.json,reduced,hero,snowburst,23,false,false,12,10.80,11.40,1.50,,
fx-dpr2-reduced.json,reduced,hero,snowburst,24,false,false,12,11.30,17.20,1.60,,
fx-dpr2-reduced.json,reduced,hero,snowburst,56,false,false,12,26.40,27.20,3.70,,
fx-dpr2-reduced.json,reduced,trail,snowburst,1,false,false,78,1.50,1.70,0.30,,
fx-dpr2-reduced.json,reduced,trail,snowburst,12,false,false,18,7.00,7.50,1.10,,
fx-dpr2-reduced.json,reduced,trail,snowburst,64,false,false,12,11.00,16.70,2.10,,
fx-dpr2-reduced.json,reduced,impact,frostfire,1,false,false,132,0.90,1.00,0.20,,
fx-dpr2-reduced.json,reduced,impact,frostfire,12,false,false,45,2.70,2.90,0.40,,
fx-dpr2-reduced.json,reduced,impact,frostfire,56,false,false,13,9.50,9.80,1.40,,
fx-dpr2-reduced.json,reduced,hero,frostfire,1,false,false,136,0.90,1.00,0.20,,
fx-dpr2-reduced.json,reduced,hero,frostfire,12,false,false,43,2.70,2.90,0.40,,
fx-dpr2-reduced.json,reduced,hero,frostfire,23,false,false,27,4.50,6.10,0.70,,
fx-dpr2-reduced.json,reduced,hero,frostfire,24,false,false,21,5.40,10.70,0.80,,
fx-dpr2-reduced.json,reduced,hero,frostfire,56,false,false,12,9.90,11.50,1.40,,
fx-dpr2-reduced.json,reduced,trail,frostfire,1,false,false,102,1.00,1.70,0.20,,
fx-dpr2-reduced.json,reduced,trail,frostfire,12,false,false,29,4.00,5.00,0.70,,
fx-dpr2-reduced.json,reduced,trail,frostfire,64,false,false,13,9.90,10.50,1.30,,
fx-dpr2-reduced.json,reduced,impact,poison,1,false,false,157,0.80,0.80,0.20,,
fx-dpr2-reduced.json,reduced,impact,poison,12,false,false,66,1.80,1.90,0.30,,
fx-dpr2-reduced.json,reduced,impact,poison,56,false,false,22,5.60,5.80,1.00,,
fx-dpr2-reduced.json,reduced,hero,poison,1,false,false,157,0.80,0.90,0.10,,
fx-dpr2-reduced.json,reduced,hero,poison,12,false,false,67,1.80,2.00,0.30,,
fx-dpr2-reduced.json,reduced,hero,poison,23,false,false,43,2.80,3.00,0.50,,
fx-dpr2-reduced.json,reduced,hero,poison,24,false,false,42,2.90,3.20,0.50,,
fx-dpr2-reduced.json,reduced,hero,poison,56,false,false,20,5.60,15.00,1.00,,
fx-dpr2-reduced.json,reduced,trail,poison,1,false,false,146,0.80,0.90,0.20,,
fx-dpr2-reduced.json,reduced,trail,poison,12,false,false,49,2.50,2.60,0.50,,
fx-dpr2-reduced.json,reduced,trail,poison,64,false,false,19,6.10,11.70,1.00,,
fx-dpr2-reduced.json,reduced,impact,decay,1,false,false,125,1.00,1.10,0.20,,
fx-dpr2-reduced.json,reduced,impact,decay,12,false,false,50,2.40,2.60,0.50,,
fx-dpr2-reduced.json,reduced,impact,decay,56,false,false,15,8.30,10.80,1.50,,
fx-dpr2-reduced.json,reduced,hero,decay,1,false,false,120,1.00,1.20,0.20,,
fx-dpr2-reduced.json,reduced,hero,decay,12,false,false,45,2.50,2.70,0.50,,
fx-dpr2-reduced.json,reduced,hero,decay,23,false,false,31,3.90,4.10,0.70,,
fx-dpr2-reduced.json,reduced,hero,decay,24,false,false,30,4.10,4.20,0.80,,
fx-dpr2-reduced.json,reduced,hero,decay,56,false,false,15,8.30,8.80,1.50,,
fx-dpr2-reduced.json,reduced,trail,decay,1,false,false,109,1.00,1.20,0.20,,
fx-dpr2-reduced.json,reduced,trail,decay,12,false,false,39,3.10,3.40,0.60,,
fx-dpr2-reduced.json,reduced,trail,decay,64,false,false,18,6.70,12.60,1.20,,
fx-dpr2-reduced.json,reduced,impact,sweep,1,false,false,154,0.70,1.00,0.20,,
fx-dpr2-reduced.json,reduced,impact,sweep,12,false,false,77,1.60,1.70,0.30,,
fx-dpr2-reduced.json,reduced,impact,sweep,56,false,false,24,5.00,5.30,0.70,,
fx-dpr2-reduced.json,reduced,hero,sweep,1,false,false,181,0.70,0.70,0.10,,
fx-dpr2-reduced.json,reduced,hero,sweep,12,false,false,78,1.60,1.70,0.20,,
fx-dpr2-reduced.json,reduced,hero,sweep,23,false,false,47,2.40,2.60,0.40,,
fx-dpr2-reduced.json,reduced,hero,sweep,24,false,false,48,2.50,2.70,0.40,,
fx-dpr2-reduced.json,reduced,hero,sweep,56,false,false,24,5.10,5.30,0.70,,
fx-dpr2-reduced.json,reduced,trail,sweep,1,false,false,155,0.80,0.90,0.20,,
fx-dpr2-reduced.json,reduced,trail,sweep,12,false,false,45,2.40,4.20,0.40,,
fx-dpr2-reduced.json,reduced,trail,sweep,64,false,false,15,8.50,9.10,1.10,,
fx-dpr2-reduced.json,reduced,impact,lance,1,false,false,137,0.80,0.90,0.20,,
fx-dpr2-reduced.json,reduced,impact,lance,12,false,false,43,2.80,3.50,0.40,,
fx-dpr2-reduced.json,reduced,impact,lance,56,false,false,12,10.70,11.70,1.20,,
fx-dpr2-reduced.json,reduced,hero,lance,1,false,false,131,0.90,1.10,0.20,,
fx-dpr2-reduced.json,reduced,hero,lance,12,false,false,45,2.70,3.10,0.40,,
fx-dpr2-reduced.json,reduced,hero,lance,23,false,false,24,4.70,7.20,0.60,,
fx-dpr2-reduced.json,reduced,hero,lance,24,false,false,25,4.60,5.40,0.60,,
fx-dpr2-reduced.json,reduced,hero,lance,56,false,false,12,10.30,10.90,1.10,,
fx-dpr2-reduced.json,reduced,trail,lance,1,false,false,127,0.90,1.10,0.20,,
fx-dpr2-reduced.json,reduced,trail,lance,12,false,false,38,3.10,3.80,0.50,,
fx-dpr2-reduced.json,reduced,trail,lance,64,false,false,14,9.00,10.50,1.30,,
fx-dpr2-reduced.json,reduced,impact,crossfire,1,false,false,160,0.80,0.90,0.20,,
fx-dpr2-reduced.json,reduced,impact,crossfire,12,false,false,67,1.80,2.20,0.30,,
fx-dpr2-reduced.json,reduced,impact,crossfire,56,false,false,21,5.70,6.20,0.80,,
fx-dpr2-reduced.json,reduced,hero,crossfire,1,false,false,158,0.70,1.00,0.20,,
fx-dpr2-reduced.json,reduced,hero,crossfire,12,false,false,68,1.70,2.10,0.30,,
fx-dpr2-reduced.json,reduced,hero,crossfire,23,false,false,37,2.80,6.10,0.50,,
fx-dpr2-reduced.json,reduced,hero,crossfire,24,false,false,43,2.80,3.20,0.40,,
fx-dpr2-reduced.json,reduced,hero,crossfire,56,false,false,22,5.60,6.30,0.80,,
fx-dpr2-reduced.json,reduced,trail,crossfire,1,false,false,148,0.80,1.00,0.20,,
fx-dpr2-reduced.json,reduced,trail,crossfire,12,false,false,49,2.40,2.80,0.50,,
fx-dpr2-reduced.json,reduced,trail,crossfire,64,false,false,16,7.80,8.50,1.20,,
fx-dpr2-reduced.json,reduced,impact,pulse,1,false,false,106,1.10,1.30,0.20,,
fx-dpr2-reduced.json,reduced,impact,pulse,12,false,false,28,4.20,5.50,0.40,,
fx-dpr2-reduced.json,reduced,impact,pulse,56,false,false,12,16.20,19.80,1.20,,
fx-dpr2-reduced.json,reduced,hero,pulse,1,false,false,120,1.00,1.10,0.20,,
fx-dpr2-reduced.json,reduced,hero,pulse,12,false,false,31,3.90,4.10,0.40,,
fx-dpr2-reduced.json,reduced,hero,pulse,23,false,false,18,6.80,7.00,0.50,,
fx-dpr2-reduced.json,reduced,hero,pulse,24,false,false,18,7.10,7.30,0.50,,
fx-dpr2-reduced.json,reduced,hero,pulse,56,false,false,12,15.60,16.00,1.10,,
fx-dpr2-reduced.json,reduced,trail,pulse,1,false,false,128,0.90,1.00,0.20,,
fx-dpr2-reduced.json,reduced,trail,pulse,12,false,false,41,2.80,3.50,0.50,,
fx-dpr2-reduced.json,reduced,trail,pulse,64,false,false,22,5.50,5.70,0.90,,
fx-dpr2-reduced.json,reduced,impact,supernova,1,false,false,107,1.10,1.20,0.20,,
fx-dpr2-reduced.json,reduced,impact,supernova,12,false,false,27,4.50,4.70,0.40,,
fx-dpr2-reduced.json,reduced,impact,supernova,56,false,false,12,18.80,19.20,1.20,,
fx-dpr2-reduced.json,reduced,hero,supernova,1,false,false,108,1.10,1.20,0.20,,
fx-dpr2-reduced.json,reduced,hero,supernova,12,false,false,27,4.50,4.70,0.40,,
fx-dpr2-reduced.json,reduced,hero,supernova,23,false,false,16,8.00,8.20,0.60,,
fx-dpr2-reduced.json,reduced,hero,supernova,24,false,false,15,8.30,8.70,0.60,,
fx-dpr2-reduced.json,reduced,hero,supernova,56,false,false,12,18.70,18.90,1.20,,
fx-dpr2-reduced.json,reduced,trail,supernova,1,false,false,116,1.00,1.20,0.20,,
fx-dpr2-reduced.json,reduced,trail,supernova,12,false,false,33,3.70,3.90,0.50,,
fx-dpr2-reduced.json,reduced,trail,supernova,64,false,false,16,7.90,8.10,1.00,,
fx-dpr2-reduced.json,reduced,impact,alchemist,1,false,false,165,0.70,0.80,0.20,,
fx-dpr2-reduced.json,reduced,impact,alchemist,12,false,false,85,1.40,1.60,0.30,,
fx-dpr2-reduced.json,reduced,impact,alchemist,56,false,false,30,4.10,4.40,0.70,,
fx-dpr2-reduced.json,reduced,hero,alchemist,1,false,false,173,0.70,0.80,0.20,,
fx-dpr2-reduced.json,reduced,hero,alchemist,12,false,false,86,1.40,1.50,0.30,,
fx-dpr2-reduced.json,reduced,hero,alchemist,23,false,false,54,2.20,2.40,0.40,,
fx-dpr2-reduced.json,reduced,hero,alchemist,24,false,false,56,2.10,2.30,0.40,,
fx-dpr2-reduced.json,reduced,hero,alchemist,56,false,false,28,4.30,4.50,0.70,,
fx-dpr2-reduced.json,reduced,trail,alchemist,1,false,false,150,0.80,0.90,0.20,,
fx-dpr2-reduced.json,reduced,trail,alchemist,12,false,false,53,2.30,2.50,0.40,,
fx-dpr2-reduced.json,reduced,trail,alchemist,64,false,false,21,5.90,6.20,0.90,,
fx-dpr2-reduced.json,reduced,impact,mint,1,false,false,112,1.10,1.20,0.20,,
fx-dpr2-reduced.json,reduced,impact,mint,12,false,false,34,3.50,3.80,0.50,,
fx-dpr2-reduced.json,reduced,impact,mint,56,false,false,12,12.80,13.10,1.80,,
fx-dpr2-reduced.json,reduced,hero,mint,1,false,false,116,1.00,1.10,0.20,,
fx-dpr2-reduced.json,reduced,hero,mint,12,false,false,35,3.50,3.70,0.50,,
fx-dpr2-reduced.json,reduced,hero,mint,23,false,false,21,5.80,6.30,0.80,,
fx-dpr2-reduced.json,reduced,hero,mint,24,false,false,21,6.00,6.20,0.80,,
fx-dpr2-reduced.json,reduced,hero,mint,56,false,false,12,12.80,13.50,1.80,,
fx-dpr2-reduced.json,reduced,trail,mint,1,false,false,102,1.10,1.60,0.20,,
fx-dpr2-reduced.json,reduced,trail,mint,12,false,false,34,3.60,3.80,0.60,,
fx-dpr2-reduced.json,reduced,trail,mint,64,false,false,17,7.30,9.00,1.20,,
fx-dpr2-reduced.json,reduced,impact,treasury,1,false,false,122,1.00,1.20,0.20,,
fx-dpr2-reduced.json,reduced,impact,treasury,12,false,false,41,2.80,3.60,0.60,,
fx-dpr2-reduced.json,reduced,impact,treasury,56,false,false,14,9.00,9.30,2.10,,
fx-dpr2-reduced.json,reduced,hero,treasury,1,false,false,125,1.00,1.10,0.20,,
fx-dpr2-reduced.json,reduced,hero,treasury,12,false,false,46,2.70,2.80,0.60,,
fx-dpr2-reduced.json,reduced,hero,treasury,23,false,false,29,4.30,4.50,0.90,,
fx-dpr2-reduced.json,reduced,hero,treasury,24,false,false,27,4.40,4.60,1.00,,
fx-dpr2-reduced.json,reduced,hero,treasury,56,false,false,13,9.00,13.10,2.10,,
fx-dpr2-reduced.json,reduced,trail,treasury,1,false,false,115,1.00,1.20,0.20,,
fx-dpr2-reduced.json,reduced,trail,treasury,12,false,false,33,3.70,3.90,0.70,,
fx-dpr2-reduced.json,reduced,trail,treasury,64,false,false,17,7.20,7.40,1.30,,
fx-dpr2-reduced.json,reduced,impact,bargain,1,false,false,171,0.70,0.80,0.10,,
fx-dpr2-reduced.json,reduced,impact,bargain,12,false,false,83,1.40,1.60,0.20,,
fx-dpr2-reduced.json,reduced,impact,bargain,56,false,false,28,4.30,4.50,0.60,,
fx-dpr2-reduced.json,reduced,hero,bargain,1,false,false,168,0.70,0.80,0.10,,
fx-dpr2-reduced.json,reduced,hero,bargain,12,false,false,78,1.50,2.00,0.20,,
fx-dpr2-reduced.json,reduced,hero,bargain,23,false,false,54,2.20,2.40,0.40,,
fx-dpr2-reduced.json,reduced,hero,bargain,24,false,false,48,2.40,3.10,0.40,,
fx-dpr2-reduced.json,reduced,hero,bargain,56,false,false,27,4.60,4.70,0.70,,
fx-dpr2-reduced.json,reduced,trail,bargain,1,false,false,139,0.90,1.00,0.20,,
fx-dpr2-reduced.json,reduced,trail,bargain,12,false,false,46,2.70,2.80,0.40,,
fx-dpr2-reduced.json,reduced,trail,bargain,64,false,false,15,8.10,9.20,0.90,,
fx-dpr2-reduced.json,reduced,impact,forge,1,false,false,150,0.80,0.90,0.20,,
fx-dpr2-reduced.json,reduced,impact,forge,12,false,false,66,1.80,1.90,0.30,,
fx-dpr2-reduced.json,reduced,impact,forge,56,false,false,20,6.10,9.90,0.80,,
fx-dpr2-reduced.json,reduced,hero,forge,1,false,false,155,0.80,0.90,0.10,,
fx-dpr2-reduced.json,reduced,hero,forge,12,false,false,69,1.80,1.90,0.30,,
fx-dpr2-reduced.json,reduced,hero,forge,23,false,false,44,2.70,2.90,0.40,,
fx-dpr2-reduced.json,reduced,hero,forge,24,false,false,43,2.80,3.00,0.40,,
fx-dpr2-reduced.json,reduced,hero,forge,56,false,false,22,5.70,5.90,0.70,,
fx-dpr2-reduced.json,reduced,trail,forge,1,false,false,141,0.80,1.00,0.20,,
fx-dpr2-reduced.json,reduced,trail,forge,12,false,false,47,2.50,2.90,0.40,,
fx-dpr2-reduced.json,reduced,trail,forge,64,false,false,20,6.20,7.20,1.00,,
fx-dpr2-reduced.json,reduced,impact,jackpot,1,false,false,135,0.90,1.20,0.20,,
fx-dpr2-reduced.json,reduced,impact,jackpot,12,false,false,55,2.20,2.30,0.40,,
fx-dpr2-reduced.json,reduced,impact,jackpot,56,false,false,17,7.40,7.80,1.10,,
fx-dpr2-reduced.json,reduced,hero,jackpot,1,false,false,150,0.80,0.90,0.20,,
fx-dpr2-reduced.json,reduced,hero,jackpot,12,false,false,56,2.20,2.30,0.30,,
fx-dpr2-reduced.json,reduced,hero,jackpot,23,false,false,34,3.50,4.20,0.60,,
fx-dpr2-reduced.json,reduced,hero,jackpot,24,false,false,34,3.60,3.70,0.60,,
fx-dpr2-reduced.json,reduced,hero,jackpot,56,false,false,17,7.40,7.80,1.10,,
fx-dpr2-reduced.json,reduced,trail,jackpot,1,false,false,134,0.90,1.00,0.20,,
fx-dpr2-reduced.json,reduced,trail,jackpot,12,false,false,41,3.00,3.10,0.50,,
fx-dpr2-reduced.json,reduced,trail,jackpot,64,false,false,19,6.50,7.90,1.00,,
fx-dpr2-reduced.json,reduced,impact,bounty,1,false,false,134,0.90,1.00,0.20,,
fx-dpr2-reduced.json,reduced,impact,bounty,12,false,false,46,2.60,2.80,0.40,,
fx-dpr2-reduced.json,reduced,impact,bounty,56,false,false,14,8.80,10.10,1.30,,
fx-dpr2-reduced.json,reduced,hero,bounty,1,false,false,137,0.90,1.00,0.20,,
fx-dpr2-reduced.json,reduced,hero,bounty,12,false,false,48,2.60,2.70,0.40,,
fx-dpr2-reduced.json,reduced,hero,bounty,23,false,false,29,4.20,4.40,0.70,,
fx-dpr2-reduced.json,reduced,hero,bounty,24,false,false,27,4.40,5.20,0.70,,
fx-dpr2-reduced.json,reduced,hero,bounty,56,false,false,14,8.80,9.20,1.30,,
fx-dpr2-reduced.json,reduced,trail,bounty,1,false,false,128,0.90,1.00,0.20,,
fx-dpr2-reduced.json,reduced,trail,bounty,12,false,false,39,3.10,3.30,0.60,,
fx-dpr2-reduced.json,reduced,trail,bounty,64,false,false,18,6.70,7.00,1.10,,
fx-dpr2-reduced.json,reduced,impact,specialist,1,false,false,142,0.90,0.90,0.20,,
fx-dpr2-reduced.json,reduced,impact,specialist,12,false,false,58,2.10,2.30,0.60,,
fx-dpr2-reduced.json,reduced,impact,specialist,56,false,false,18,6.80,8.30,1.90,,
fx-dpr2-reduced.json,reduced,hero,specialist,1,false,false,145,0.80,0.90,0.20,,
fx-dpr2-reduced.json,reduced,hero,specialist,12,false,false,58,2.10,2.20,0.60,,
fx-dpr2-reduced.json,reduced,hero,specialist,23,false,false,37,3.30,3.40,0.90,,
fx-dpr2-reduced.json,reduced,hero,specialist,24,false,false,34,3.40,4.40,1.00,,
fx-dpr2-reduced.json,reduced,hero,specialist,56,false,false,18,6.70,7.30,1.90,,
fx-dpr2-reduced.json,reduced,trail,specialist,1,false,false,132,0.90,1.00,0.20,,
fx-dpr2-reduced.json,reduced,trail,specialist,12,false,false,42,2.90,3.10,0.70,,
fx-dpr2-reduced.json,reduced,trail,specialist,64,false,false,19,6.50,6.80,1.30,,
fx-dpr2-reduced.json,reduced,impact,resonance,1,false,false,134,0.90,1.00,0.20,,
fx-dpr2-reduced.json,reduced,impact,resonance,12,false,false,49,2.40,2.60,0.40,,
fx-dpr2-reduced.json,reduced,impact,resonance,56,false,false,14,8.60,8.80,1.10,,
fx-dpr2-reduced.json,reduced,hero,resonance,1,false,false,139,0.90,1.00,0.20,,
fx-dpr2-reduced.json,reduced,hero,resonance,12,false,false,50,2.40,2.50,0.30,,
fx-dpr2-reduced.json,reduced,hero,resonance,23,false,false,31,3.90,4.10,0.50,,
fx-dpr2-reduced.json,reduced,hero,resonance,24,false,false,30,4.10,4.20,0.50,,
fx-dpr2-reduced.json,reduced,hero,resonance,56,false,false,15,8.50,8.80,1.10,,
fx-dpr2-reduced.json,reduced,trail,resonance,1,false,false,139,0.90,1.00,0.20,,
fx-dpr2-reduced.json,reduced,trail,resonance,12,false,false,53,2.30,2.40,0.50,,
fx-dpr2-reduced.json,reduced,trail,resonance,64,false,false,22,5.10,6.20,0.90,,
fx-dpr2-reduced.json,reduced,impact,corehunter,1,false,false,158,0.70,0.90,0.20,,
fx-dpr2-reduced.json,reduced,impact,corehunter,12,false,false,75,1.60,1.80,0.40,,
fx-dpr2-reduced.json,reduced,impact,corehunter,56,false,false,25,4.80,5.20,1.10,,
fx-dpr2-reduced.json,reduced,hero,corehunter,1,false,false,158,0.70,1.00,0.20,,
fx-dpr2-reduced.json,reduced,hero,corehunter,12,false,false,77,1.60,1.70,0.40,,
fx-dpr2-reduced.json,reduced,hero,corehunter,23,false,false,52,2.40,2.50,0.50,,
fx-dpr2-reduced.json,reduced,hero,corehunter,24,false,false,50,2.40,2.50,0.60,,
fx-dpr2-reduced.json,reduced,hero,corehunter,56,false,false,26,4.80,4.90,1.10,,
fx-dpr2-reduced.json,reduced,trail,corehunter,1,false,false,135,0.90,1.00,0.20,,
fx-dpr2-reduced.json,reduced,trail,corehunter,12,false,false,39,3.00,4.40,0.60,,
fx-dpr2-reduced.json,reduced,trail,corehunter,64,false,false,14,9.20,9.60,1.30,,
fx-dpr2-reduced.json,reduced,impact,roulette,1,false,false,142,0.80,0.90,0.20,,
fx-dpr2-reduced.json,reduced,impact,roulette,12,false,false,54,2.20,2.40,0.40,,
fx-dpr2-reduced.json,reduced,impact,roulette,56,false,false,16,7.50,7.80,1.20,,
fx-dpr2-reduced.json,reduced,hero,roulette,1,false,false,145,0.80,0.90,0.20,,
fx-dpr2-reduced.json,reduced,hero,roulette,12,false,false,55,2.20,2.30,0.40,,
fx-dpr2-reduced.json,reduced,hero,roulette,23,false,false,35,3.50,3.70,0.60,,
fx-dpr2-reduced.json,reduced,hero,roulette,24,false,false,33,3.60,3.80,0.60,,
fx-dpr2-reduced.json,reduced,hero,roulette,56,false,false,16,7.60,7.80,1.20,,
fx-dpr2-reduced.json,reduced,trail,roulette,1,false,false,128,0.90,1.00,0.20,,
fx-dpr2-reduced.json,reduced,trail,roulette,12,false,false,36,3.40,3.50,0.60,,
fx-dpr2-reduced.json,reduced,trail,roulette,64,false,false,13,9.40,9.70,1.20,,
fx-dpr2-reduced.json,reduced,impact,boomerang,1,false,false,160,0.70,0.80,0.10,,
fx-dpr2-reduced.json,reduced,impact,boomerang,12,false,false,75,1.60,1.70,0.30,,
fx-dpr2-reduced.json,reduced,impact,boomerang,56,false,false,24,5.10,5.70,0.60,,
fx-dpr2-reduced.json,reduced,hero,boomerang,1,false,false,166,0.70,0.80,0.10,,
fx-dpr2-reduced.json,reduced,hero,boomerang,12,false,false,75,1.60,1.70,0.20,,
fx-dpr2-reduced.json,reduced,hero,boomerang,23,false,false,50,2.40,2.60,0.30,,
fx-dpr2-reduced.json,reduced,hero,boomerang,24,false,false,48,2.50,2.60,0.30,,
fx-dpr2-reduced.json,reduced,hero,boomerang,56,false,false,25,5.00,5.10,0.60,,
fx-dpr2-reduced.json,reduced,trail,boomerang,1,false,false,143,0.80,0.90,0.20,,
fx-dpr2-reduced.json,reduced,trail,boomerang,12,false,false,45,2.70,2.80,0.40,,
fx-dpr2-reduced.json,reduced,trail,boomerang,64,false,false,14,8.70,9.10,1.10,,
fx-dpr2-reduced.json,reduced,impact,wormhole,1,false,false,130,0.90,1.00,0.20,,
fx-dpr2-reduced.json,reduced,impact,wormhole,12,false,false,44,2.70,2.90,0.30,,
fx-dpr2-reduced.json,reduced,impact,wormhole,56,false,false,13,9.60,10.10,1.00,,
fx-dpr2-reduced.json,reduced,hero,wormhole,1,false,false,135,0.90,1.00,0.20,,
fx-dpr2-reduced.json,reduced,hero,wormhole,12,false,false,44,2.70,2.80,0.30,,
fx-dpr2-reduced.json,reduced,hero,wormhole,23,false,false,28,4.40,4.60,0.50,,
fx-dpr2-reduced.json,reduced,hero,wormhole,24,false,false,27,4.60,4.80,0.50,,
fx-dpr2-reduced.json,reduced,hero,wormhole,56,false,false,12,9.80,21.20,1.10,,
fx-dpr2-reduced.json,reduced,trail,wormhole,1,false,false,125,1.00,1.10,0.20,,
fx-dpr2-reduced.json,reduced,trail,wormhole,12,false,false,36,3.40,3.60,0.50,,
fx-dpr2-reduced.json,reduced,trail,wormhole,64,false,false,14,9.10,9.70,1.30,,
fx-dpr2-reduced.json,reduced,impact,spectral,1,false,false,83,1.40,1.60,0.20,,
fx-dpr2-reduced.json,reduced,impact,spectral,12,false,false,23,5.20,5.70,0.40,,
fx-dpr2-reduced.json,reduced,impact,spectral,56,false,false,12,20.50,24.00,1.20,,
fx-dpr2-reduced.json,reduced,hero,spectral,1,false,false,85,1.40,1.50,0.20,,
fx-dpr2-reduced.json,reduced,hero,spectral,12,false,false,24,5.10,5.20,0.40,,
fx-dpr2-reduced.json,reduced,hero,spectral,23,false,false,14,8.80,9.10,0.50,,
fx-dpr2-reduced.json,reduced,hero,spectral,24,false,false,14,9.20,10.80,0.60,,
fx-dpr2-reduced.json,reduced,hero,spectral,56,false,false,12,20.20,20.70,1.10,,
fx-dpr2-reduced.json,reduced,trail,spectral,1,false,false,92,1.30,1.40,0.20,,
fx-dpr2-reduced.json,reduced,trail,spectral,12,false,false,32,3.70,4.10,0.50,,
fx-dpr2-reduced.json,reduced,trail,spectral,64,false,false,13,9.20,10.20,1.00,,
fx-dpr2-reduced.json,reduced,impact,timeslip,1,false,false,158,0.80,0.90,0.20,,
fx-dpr2-reduced.json,reduced,impact,timeslip,12,false,false,69,1.70,2.00,0.20,,
fx-dpr2-reduced.json,reduced,impact,timeslip,56,false,false,22,5.60,5.80,0.60,,
fx-dpr2-reduced.json,reduced,hero,timeslip,1,false,false,149,0.80,0.90,0.20,,
fx-dpr2-reduced.json,reduced,hero,timeslip,12,false,false,69,1.80,1.90,0.30,,
fx-dpr2-reduced.json,reduced,hero,timeslip,23,false,false,45,2.70,2.90,0.30,,
fx-dpr2-reduced.json,reduced,hero,timeslip,24,false,false,44,2.70,2.90,0.30,,
fx-dpr2-reduced.json,reduced,hero,timeslip,56,false,false,22,5.50,5.70,0.60,,
fx-dpr2-reduced.json,reduced,trail,timeslip,1,false,false,133,0.90,1.10,0.20,,
fx-dpr2-reduced.json,reduced,trail,timeslip,12,false,false,42,2.90,3.10,0.40,,
fx-dpr2-reduced.json,reduced,trail,timeslip,64,false,false,14,8.90,9.00,0.80,,
fx-dpr2-reduced.json,reduced,impact,buzzsaw,1,false,false,110,1.10,1.20,0.20,,
fx-dpr2-reduced.json,reduced,impact,buzzsaw,12,false,false,33,3.80,3.90,0.40,,
fx-dpr2-reduced.json,reduced,impact,buzzsaw,56,false,false,12,14.80,15.00,1.40,,
fx-dpr2-reduced.json,reduced,hero,buzzsaw,1,false,false,113,1.10,1.20,0.20,,
fx-dpr2-reduced.json,reduced,hero,buzzsaw,12,false,false,33,3.70,3.90,0.40,,
fx-dpr2-reduced.json,reduced,hero,buzzsaw,23,false,false,19,6.40,6.60,0.70,,
fx-dpr2-reduced.json,reduced,hero,buzzsaw,24,false,false,16,6.70,17.50,0.70,,
fx-dpr2-reduced.json,reduced,hero,buzzsaw,56,false,false,12,14.60,15.00,1.40,,
fx-dpr2-reduced.json,reduced,trail,buzzsaw,1,false,false,111,1.10,1.20,0.20,,
fx-dpr2-reduced.json,reduced,trail,buzzsaw,12,false,false,31,4.00,4.10,0.60,,
fx-dpr2-reduced.json,reduced,trail,buzzsaw,64,false,false,15,8.10,8.30,1.10,,
fx-dpr2-reduced.json,reduced,impact,siegebreaker,1,false,false,155,0.70,0.90,0.20,,
fx-dpr2-reduced.json,reduced,impact,siegebreaker,12,false,false,72,1.70,1.80,0.40,,
fx-dpr2-reduced.json,reduced,impact,siegebreaker,56,false,false,23,5.30,5.40,1.10,,
fx-dpr2-reduced.json,reduced,hero,siegebreaker,1,false,false,166,0.70,0.80,0.20,,
fx-dpr2-reduced.json,reduced,hero,siegebreaker,12,false,false,73,1.70,1.80,0.30,,
fx-dpr2-reduced.json,reduced,hero,siegebreaker,23,false,false,46,2.60,2.90,0.50,,
fx-dpr2-reduced.json,reduced,hero,siegebreaker,24,false,false,46,2.60,2.80,0.50,,
fx-dpr2-reduced.json,reduced,hero,siegebreaker,56,false,false,23,5.30,5.60,1.10,,
fx-dpr2-reduced.json,reduced,trail,siegebreaker,1,false,false,146,0.80,0.90,0.20,,
fx-dpr2-reduced.json,reduced,trail,siegebreaker,12,false,false,47,2.60,2.70,0.50,,
fx-dpr2-reduced.json,reduced,trail,siegebreaker,64,false,false,17,7.20,7.60,1.00,,
fx-dpr2-reduced.json,reduced,impact,threadweaver,1,false,false,152,0.80,0.90,0.20,,
fx-dpr2-reduced.json,reduced,impact,threadweaver,12,false,false,63,1.90,2.00,0.30,,
fx-dpr2-reduced.json,reduced,impact,threadweaver,56,false,false,20,6.30,7.10,0.80,,
fx-dpr2-reduced.json,reduced,hero,threadweaver,1,false,false,154,0.80,0.90,0.20,,
fx-dpr2-reduced.json,reduced,hero,threadweaver,12,false,false,64,1.90,2.00,0.30,,
fx-dpr2-reduced.json,reduced,hero,threadweaver,23,false,false,41,3.00,3.10,0.40,,
fx-dpr2-reduced.json,reduced,hero,threadweaver,24,false,false,40,3.10,3.20,0.50,,
fx-dpr2-reduced.json,reduced,hero,threadweaver,56,false,false,19,6.30,9.70,0.80,,
fx-dpr2-reduced.json,reduced,trail,threadweaver,1,false,false,137,0.90,1.00,0.20,,
fx-dpr2-reduced.json,reduced,trail,threadweaver,12,false,false,42,2.90,3.00,0.50,,
fx-dpr2-reduced.json,reduced,trail,threadweaver,64,false,false,15,8.10,8.20,1.10,,
fx-dpr2-reduced.json,reduced,impact,transmute,1,false,false,166,0.70,0.80,0.20,,
fx-dpr2-reduced.json,reduced,impact,transmute,12,false,false,78,1.60,1.70,0.30,,
fx-dpr2-reduced.json,reduced,impact,transmute,56,false,false,26,4.60,4.80,1.00,,
fx-dpr2-reduced.json,reduced,hero,transmute,1,false,false,168,0.70,0.80,0.20,,
fx-dpr2-reduced.json,reduced,hero,transmute,12,false,false,79,1.50,1.70,0.30,,
fx-dpr2-reduced.json,reduced,hero,transmute,23,false,false,53,2.30,2.50,0.50,,
fx-dpr2-reduced.json,reduced,hero,transmute,24,false,false,51,2.40,2.50,0.50,,
fx-dpr2-reduced.json,reduced,hero,transmute,56,false,false,26,4.70,4.90,1.00,,
fx-dpr2-reduced.json,reduced,trail,transmute,1,false,false,126,0.80,1.00,0.20,,
fx-dpr2-reduced.json,reduced,trail,transmute,12,false,false,47,2.60,2.70,0.50,,
fx-dpr2-reduced.json,reduced,trail,transmute,64,false,false,19,6.40,8.80,1.10,,
fx-dpr2-reduced.json,reduced,impact,infection,1,false,false,107,1.10,1.30,0.20,,
fx-dpr2-reduced.json,reduced,impact,infection,12,false,false,32,3.90,4.10,0.50,,
fx-dpr2-reduced.json,reduced,impact,infection,56,false,false,12,15.20,17.50,1.80,,
fx-dpr2-reduced.json,reduced,hero,infection,1,false,false,113,1.10,1.20,0.20,,
fx-dpr2-reduced.json,reduced,hero,infection,12,false,false,33,3.70,3.90,0.50,,
fx-dpr2-reduced.json,reduced,hero,infection,23,false,false,19,6.50,8.20,0.80,,
fx-dpr2-reduced.json,reduced,hero,infection,24,false,false,18,6.80,10.80,0.80,,
fx-dpr2-reduced.json,reduced,hero,infection,56,false,false,12,14.60,15.60,1.70,,
fx-dpr2-reduced.json,reduced,trail,infection,1,false,false,112,1.10,1.20,0.20,,
fx-dpr2-reduced.json,reduced,trail,infection,12,false,false,31,3.90,5.20,0.60,,
fx-dpr2-reduced.json,reduced,trail,infection,64,false,false,16,7.60,7.90,1.30,,
fx-dpr2-reduced.json,reduced,impact,contract,1,false,false,152,0.80,0.90,0.20,,
fx-dpr2-reduced.json,reduced,impact,contract,12,false,false,67,1.60,2.70,0.30,,
fx-dpr2-reduced.json,reduced,impact,contract,56,false,false,25,4.90,5.60,0.60,,
fx-dpr2-reduced.json,reduced,hero,contract,1,false,false,157,0.70,0.80,0.20,,
fx-dpr2-reduced.json,reduced,hero,contract,12,false,false,68,1.60,2.80,0.30,,
fx-dpr2-reduced.json,reduced,hero,contract,23,false,false,51,2.40,2.60,0.40,,
fx-dpr2-reduced.json,reduced,hero,contract,24,false,false,50,2.40,2.50,0.30,,
fx-dpr2-reduced.json,reduced,hero,contract,56,false,false,26,4.80,5.00,0.60,,
fx-dpr2-reduced.json,reduced,trail,contract,1,false,false,151,0.80,0.90,0.20,,
fx-dpr2-reduced.json,reduced,trail,contract,12,false,false,54,2.30,2.40,0.40,,
fx-dpr2-reduced.json,reduced,trail,contract,64,false,false,21,5.90,6.00,0.90,,
fx-dpr2-reduced.json,reduced,impact,nailburst,1,false,false,133,0.90,1.00,0.20,,
fx-dpr2-reduced.json,reduced,impact,nailburst,12,false,false,46,2.60,2.80,0.50,,
fx-dpr2-reduced.json,reduced,impact,nailburst,56,false,false,14,9.30,9.60,1.80,,
fx-dpr2-reduced.json,reduced,hero,nailburst,1,false,false,131,0.90,1.10,0.20,,
fx-dpr2-reduced.json,reduced,hero,nailburst,12,false,false,48,2.60,2.70,0.50,,
fx-dpr2-reduced.json,reduced,hero,nailburst,23,false,false,29,4.20,4.30,0.90,,
fx-dpr2-reduced.json,reduced,hero,nailburst,24,false,false,29,4.30,4.40,0.90,,
fx-dpr2-reduced.json,reduced,hero,nailburst,56,false,false,13,9.30,9.60,1.90,,
fx-dpr2-reduced.json,reduced,trail,nailburst,1,false,false,122,1.00,1.10,0.20,,
fx-dpr2-reduced.json,reduced,trail,nailburst,12,false,false,34,3.60,3.80,0.70,,
fx-dpr2-reduced.json,reduced,trail,nailburst,64,false,false,16,7.90,8.20,1.40,,
fx-dpr2-reduced.json,reduced,impact,pendulum,1,false,false,162,0.70,0.80,0.20,,
fx-dpr2-reduced.json,reduced,impact,pendulum,12,false,false,74,1.60,1.80,0.30,,
fx-dpr2-reduced.json,reduced,impact,pendulum,56,false,false,24,5.10,5.30,0.90,,
fx-dpr2-reduced.json,reduced,hero,pendulum,1,false,false,168,0.70,0.80,0.10,,
fx-dpr2-reduced.json,reduced,hero,pendulum,12,false,false,75,1.60,1.70,0.30,,
fx-dpr2-reduced.json,reduced,hero,pendulum,23,false,false,49,2.40,2.60,0.40,,
fx-dpr2-reduced.json,reduced,hero,pendulum,24,false,false,48,2.50,2.70,0.50,,
fx-dpr2-reduced.json,reduced,hero,pendulum,56,false,false,24,5.00,5.20,0.90,,
fx-dpr2-reduced.json,reduced,trail,pendulum,1,false,false,138,0.90,1.00,0.20,,
fx-dpr2-reduced.json,reduced,trail,pendulum,12,false,false,41,3.00,3.20,0.50,,
fx-dpr2-reduced.json,reduced,trail,pendulum,64,false,false,14,9.20,9.50,1.20,,
fx-dpr2-reduced.json,reduced,impact,fusepath,1,false,false,174,0.70,0.80,0.20,,
fx-dpr2-reduced.json,reduced,impact,fusepath,12,false,false,91,1.30,1.40,0.20,,
fx-dpr2-reduced.json,reduced,impact,fusepath,56,false,false,33,3.70,3.90,0.60,,
fx-dpr2-reduced.json,reduced,hero,fusepath,1,false,false,175,0.70,0.80,0.10,,
fx-dpr2-reduced.json,reduced,hero,fusepath,12,false,false,90,1.30,1.50,0.20,,
fx-dpr2-reduced.json,reduced,hero,fusepath,23,false,false,60,1.90,2.80,0.30,,
fx-dpr2-reduced.json,reduced,hero,fusepath,24,false,false,58,2.10,2.40,0.40,,
fx-dpr2-reduced.json,reduced,hero,fusepath,56,false,false,33,3.70,3.90,0.60,,
fx-dpr2-reduced.json,reduced,trail,fusepath,1,false,false,148,0.80,0.90,0.20,,
fx-dpr2-reduced.json,reduced,trail,fusepath,12,false,false,45,2.70,2.80,0.40,,
fx-dpr2-reduced.json,reduced,trail,fusepath,64,false,false,14,8.90,9.20,1.10,,
fx-dpr2-reduced.json,reduced,impact,firewheel,1,false,false,111,1.00,1.50,0.20,,
fx-dpr2-reduced.json,reduced,impact,firewheel,12,false,false,48,2.50,2.80,0.40,,
fx-dpr2-reduced.json,reduced,impact,firewheel,56,false,false,14,8.70,8.90,1.00,,
fx-dpr2-reduced.json,reduced,hero,firewheel,1,false,false,139,0.90,1.00,0.20,,
fx-dpr2-reduced.json,reduced,hero,firewheel,12,false,false,49,2.50,2.60,0.30,,
fx-dpr2-reduced.json,reduced,hero,firewheel,23,false,false,31,4.00,4.20,0.50,,
fx-dpr2-reduced.json,reduced,hero,firewheel,24,false,false,30,4.10,4.40,0.50,,
fx-dpr2-reduced.json,reduced,hero,firewheel,56,false,false,14,8.70,8.80,1.00,,
fx-dpr2-reduced.json,reduced,trail,firewheel,1,false,false,120,1.00,1.20,0.20,,
fx-dpr2-reduced.json,reduced,trail,firewheel,12,false,false,33,3.60,3.80,0.50,,
fx-dpr2-reduced.json,reduced,trail,firewheel,64,false,false,13,9.80,10.60,1.20,,
fx-dpr2-reduced.json,reduced,impact,rhythm,1,false,false,134,0.90,1.00,0.20,,
fx-dpr2-reduced.json,reduced,impact,rhythm,12,false,false,45,2.60,2.90,0.40,,
fx-dpr2-reduced.json,reduced,impact,rhythm,56,false,false,14,9.20,9.60,1.20,,
fx-dpr2-reduced.json,reduced,hero,rhythm,1,false,false,139,0.90,1.00,0.20,,
fx-dpr2-reduced.json,reduced,hero,rhythm,12,false,false,47,2.50,2.80,0.40,,
fx-dpr2-reduced.json,reduced,hero,rhythm,23,false,false,29,4.20,4.40,0.50,,
fx-dpr2-reduced.json,reduced,hero,rhythm,24,false,false,28,4.40,4.50,0.60,,
fx-dpr2-reduced.json,reduced,hero,rhythm,56,false,false,14,9.20,9.50,1.10,,
fx-dpr2-reduced.json,reduced,trail,rhythm,1,false,false,128,0.90,1.00,0.20,,
fx-dpr2-reduced.json,reduced,trail,rhythm,12,false,false,39,3.10,3.40,0.50,,
fx-dpr2-reduced.json,reduced,trail,rhythm,64,false,false,18,6.70,7.10,1.00,,
fx-dpr2-reduced.json,reduced,impact,worldfold,1,false,false,170,0.70,0.80,0.20,,
fx-dpr2-reduced.json,reduced,impact,worldfold,12,false,false,88,1.40,1.50,0.30,,
fx-dpr2-reduced.json,reduced,impact,worldfold,56,false,false,30,3.90,5.30,0.80,,
fx-dpr2-reduced.json,reduced,hero,worldfold,1,false,false,171,0.70,0.90,0.20,,
fx-dpr2-reduced.json,reduced,hero,worldfold,12,false,false,85,1.40,1.60,0.30,,
fx-dpr2-reduced.json,reduced,hero,worldfold,23,false,false,60,2.00,2.10,0.40,,
fx-dpr2-reduced.json,reduced,hero,worldfold,24,false,false,59,2.00,2.20,0.40,,
fx-dpr2-reduced.json,reduced,hero,worldfold,56,false,false,32,3.90,4.00,0.70,,
fx-dpr2-reduced.json,reduced,trail,worldfold,1,false,false,150,0.80,0.90,0.20,,
fx-dpr2-reduced.json,reduced,trail,worldfold,12,false,false,47,2.60,2.70,0.50,,
fx-dpr2-reduced.json,reduced,trail,worldfold,64,false,false,16,7.80,8.10,1.10,,
fx-dpr2-reduced.json,reduced,impact,reboundaim,1,false,false,172,0.70,0.80,0.10,,
fx-dpr2-reduced.json,reduced,impact,reboundaim,12,false,false,72,1.60,2.20,0.30,,
fx-dpr2-reduced.json,reduced,impact,reboundaim,56,false,false,33,3.70,3.80,0.60,,
fx-dpr2-reduced.json,reduced,hero,reboundaim,1,false,false,180,0.70,0.80,0.20,,
fx-dpr2-reduced.json,reduced,hero,reboundaim,12,false,false,93,1.30,1.50,0.20,,
fx-dpr2-reduced.json,reduced,hero,reboundaim,23,false,false,63,1.90,2.10,0.30,,
fx-dpr2-reduced.json,reduced,hero,reboundaim,24,false,false,63,1.90,2.10,0.30,,
fx-dpr2-reduced.json,reduced,hero,reboundaim,56,false,false,33,3.60,3.80,0.60,,
fx-dpr2-reduced.json,reduced,trail,reboundaim,1,false,false,156,0.80,0.90,0.20,,
fx-dpr2-reduced.json,reduced,trail,reboundaim,12,false,false,53,2.30,2.50,0.40,,
fx-dpr2-reduced.json,reduced,trail,reboundaim,64,false,false,18,6.90,8.20,0.90,,
fx-dpr2-reduced.json,reduced,impact,overkill,1,false,false,174,0.70,0.80,0.20,,
fx-dpr2-reduced.json,reduced,impact,overkill,12,false,false,87,1.40,1.50,0.30,,
fx-dpr2-reduced.json,reduced,impact,overkill,56,false,false,30,4.10,4.20,0.90,,
fx-dpr2-reduced.json,reduced,hero,overkill,1,false,false,178,0.70,0.80,0.10,,
fx-dpr2-reduced.json,reduced,hero,overkill,12,false,false,86,1.40,1.50,0.30,,
fx-dpr2-reduced.json,reduced,hero,overkill,23,false,false,56,2.10,2.60,0.50,,
fx-dpr2-reduced.json,reduced,hero,overkill,24,false,false,57,2.10,2.20,0.50,,
fx-dpr2-reduced.json,reduced,hero,overkill,56,false,false,30,4.10,4.30,0.90,,
fx-dpr2-reduced.json,reduced,trail,overkill,1,false,false,155,0.80,0.90,0.20,,
fx-dpr2-reduced.json,reduced,trail,overkill,12,false,false,53,2.30,2.40,0.40,,
fx-dpr2-reduced.json,reduced,trail,overkill,64,false,false,21,5.80,5.90,0.90,,
fx-dpr2-reduced.json,reduced,impact,teslanet,1,false,false,135,0.90,1.00,0.20,,
fx-dpr2-reduced.json,reduced,impact,teslanet,12,false,false,50,2.40,2.50,0.40,,
fx-dpr2-reduced.json,reduced,impact,teslanet,56,false,false,15,8.60,8.90,1.20,,
fx-dpr2-reduced.json,reduced,hero,teslanet,1,false,false,141,0.90,0.90,0.20,,
fx-dpr2-reduced.json,reduced,hero,teslanet,12,false,false,50,2.40,2.60,0.40,,
fx-dpr2-reduced.json,reduced,hero,teslanet,23,false,false,31,3.90,4.10,0.60,,
fx-dpr2-reduced.json,reduced,hero,teslanet,24,false,false,30,4.10,4.50,0.60,,
fx-dpr2-reduced.json,reduced,hero,teslanet,56,false,false,14,8.70,9.90,1.30,,
fx-dpr2-reduced.json,reduced,trail,teslanet,1,false,false,122,1.00,1.10,0.20,,
fx-dpr2-reduced.json,reduced,trail,teslanet,12,false,false,39,3.10,3.30,0.50,,
fx-dpr2-reduced.json,reduced,trail,teslanet,64,false,false,16,7.70,8.30,1.10,,
fx-dpr2-reduced.json,reduced,impact,undertow,1,false,false,137,0.90,1.00,0.20,,
fx-dpr2-reduced.json,reduced,impact,undertow,12,false,false,49,2.50,2.60,0.30,,
fx-dpr2-reduced.json,reduced,impact,undertow,56,false,false,14,8.80,9.10,1.00,,
fx-dpr2-reduced.json,reduced,hero,undertow,1,false,false,138,0.90,0.90,0.20,,
fx-dpr2-reduced.json,reduced,hero,undertow,12,false,false,49,2.50,2.60,0.30,,
fx-dpr2-reduced.json,reduced,hero,undertow,23,false,false,30,4.00,4.20,0.50,,
fx-dpr2-reduced.json,reduced,hero,undertow,24,false,false,29,4.10,4.30,0.50,,
fx-dpr2-reduced.json,reduced,hero,undertow,56,false,false,14,8.80,9.10,1.00,,
fx-dpr2-reduced.json,reduced,trail,undertow,1,false,false,124,1.00,1.10,0.20,,
fx-dpr2-reduced.json,reduced,trail,undertow,12,false,false,33,3.50,6.10,0.50,,
fx-dpr2-reduced.json,reduced,trail,undertow,64,false,false,13,9.40,9.70,1.20,,
fx-dpr2-reduced.json,reduced,impact,chronicle,1,false,false,155,0.80,0.90,0.20,,
fx-dpr2-reduced.json,reduced,impact,chronicle,12,false,false,66,1.80,1.90,0.30,,
fx-dpr2-reduced.json,reduced,impact,chronicle,56,false,false,21,5.70,7.20,0.70,,
fx-dpr2-reduced.json,reduced,hero,chronicle,1,false,false,160,0.70,0.90,0.10,,
fx-dpr2-reduced.json,reduced,hero,chronicle,12,false,false,68,1.80,1.90,0.30,,
fx-dpr2-reduced.json,reduced,hero,chronicle,23,false,false,44,2.80,2.90,0.40,,
fx-dpr2-reduced.json,reduced,hero,chronicle,24,false,false,43,2.90,3.00,0.40,,
fx-dpr2-reduced.json,reduced,hero,chronicle,56,false,false,21,5.80,5.90,0.70,,
fx-dpr2-reduced.json,reduced,trail,chronicle,1,false,false,139,0.90,0.90,0.20,,
fx-dpr2-reduced.json,reduced,trail,chronicle,12,false,false,43,2.80,2.90,0.40,,
fx-dpr2-reduced.json,reduced,trail,chronicle,64,false,false,15,8.50,8.80,1.20,,
fx-dpr2-reduced.json,reduced,impact,starforge,1,false,false,108,1.10,1.20,0.20,,
fx-dpr2-reduced.json,reduced,impact,starforge,12,false,false,27,4.50,4.70,0.40,,
fx-dpr2-reduced.json,reduced,impact,starforge,56,false,false,12,18.80,19.20,1.50,,
fx-dpr2-reduced.json,reduced,hero,starforge,1,false,false,110,1.10,1.20,0.20,,
fx-dpr2-reduced.json,reduced,hero,starforge,12,false,false,27,4.50,4.70,0.40,,
fx-dpr2-reduced.json,reduced,hero,starforge,23,false,false,15,8.10,8.20,0.70,,
fx-dpr2-reduced.json,reduced,hero,starforge,24,false,false,15,8.20,8.60,0.70,,
fx-dpr2-reduced.json,reduced,hero,starforge,56,false,false,12,18.60,19.00,1.40,,
fx-dpr2-reduced.json,reduced,trail,starforge,1,false,false,113,1.00,1.20,0.20,,
fx-dpr2-reduced.json,reduced,trail,starforge,12,false,false,34,3.60,3.80,0.50,,
fx-dpr2-reduced.json,reduced,trail,starforge,64,false,false,15,8.10,11.20,1.10,,
fx-dpr2-reduced.json,reduced,variant,supernova:nova,1,false,false,88,1.40,1.50,0.20,,
fx-dpr2-reduced.json,reduced,variant,supernova:nova,12,false,false,17,7.30,7.60,0.40,,
fx-dpr2-reduced.json,reduced,variant,supernova:nova,23,false,false,12,13.50,13.70,0.60,,
fx-dpr2-reduced.json,reduced,variant,roulette:nova,1,false,false,108,1.10,1.20,0.20,,
fx-dpr2-reduced.json,reduced,variant,roulette:nova,12,false,false,23,5.30,5.50,0.40,,
fx-dpr2-reduced.json,reduced,variant,roulette:nova,23,false,false,13,9.80,10.10,0.70,,
fx-dpr2-reduced.json,reduced,variant,pulse:nova,1,false,false,95,1.30,1.40,0.20,,
fx-dpr2-reduced.json,reduced,variant,pulse:nova,12,false,false,17,7.40,7.80,0.40,,
fx-dpr2-reduced.json,reduced,variant,pulse:nova,23,false,false,12,14.00,14.10,0.60,,
fx-dpr2-reduced.json,reduced,variant,orbital:mark,1,false,false,118,1.00,1.10,0.20,,
fx-dpr2-reduced.json,reduced,variant,orbital:mark,12,false,false,32,3.80,4.00,0.60,,
fx-dpr2-reduced.json,reduced,variant,orbital:mark,23,false,false,19,6.60,6.90,1.00,,
fx-dpr2-reduced.json,reduced,variant,sharpshooter:power,1,false,false,142,0.80,0.90,0.20,,
fx-dpr2-reduced.json,reduced,variant,sharpshooter:power,12,false,false,46,2.60,2.70,0.40,,
fx-dpr2-reduced.json,reduced,variant,sharpshooter:power,23,false,false,28,4.30,4.40,0.60,,
fx-dpr2-reduced.json,reduced,variant,legion:split,1,false,false,136,0.90,1.00,0.20,,
fx-dpr2-reduced.json,reduced,variant,legion:split,12,false,false,45,2.70,2.80,0.50,,
fx-dpr2-reduced.json,reduced,variant,legion:split,23,false,false,28,4.40,4.60,0.90,,
fx-dpr2-reduced.json,reduced,variant,sweep:beam,1,false,false,180,0.60,0.90,0.20,,
fx-dpr2-reduced.json,reduced,variant,sweep:beam,12,false,false,106,1.10,1.20,0.20,,
fx-dpr2-reduced.json,reduced,variant,sweep:beam,23,false,false,73,1.60,1.80,0.40,,
fx-dpr2-reduced.json,reduced,variant,lance:beam,1,false,false,145,0.80,0.90,0.20,,
fx-dpr2-reduced.json,reduced,variant,lance:beam,12,false,false,53,2.30,2.40,0.30,,
fx-dpr2-reduced.json,reduced,variant,lance:beam,23,false,false,33,3.70,3.90,0.50,,
fx-dpr2-reduced.json,reduced,variant,crossfire:beam,1,false,false,172,0.70,0.80,0.20,,
fx-dpr2-reduced.json,reduced,variant,crossfire:beam,12,false,false,71,1.60,1.90,0.30,,
fx-dpr2-reduced.json,reduced,variant,crossfire:beam,23,false,false,49,2.50,2.70,0.40,,
fx-dpr2-reduced.json,reduced,variant,stormfront:beam,1,false,false,156,0.80,0.90,0.20,,
fx-dpr2-reduced.json,reduced,variant,stormfront:beam,12,false,false,58,2.10,2.20,0.40,,
fx-dpr2-reduced.json,reduced,variant,stormfront:beam,23,false,false,36,3.40,3.60,0.60,,
fx-dpr2-reduced.json,reduced,core,plain-trail,1,false,false,197,0.60,0.70,0.10,,
fx-dpr2-reduced.json,reduced,core,overdrive-glow,1,false,false,185,0.70,0.70,0.10,,
fx-dpr2-reduced.json,reduced,core,firewheel,1,false,false,94,1.30,1.40,0.20,,
fx-dpr2-reduced.json,reduced,core,plain-trail,12,false,false,87,1.40,1.50,0.20,,
fx-dpr2-reduced.json,reduced,core,overdrive-glow,12,false,false,64,1.90,2.00,0.30,,
fx-dpr2-reduced.json,reduced,core,firewheel,12,false,false,18,6.90,7.30,1.00,,
fx-dpr2-reduced.json,reduced,core,plain-trail,64,false,false,25,4.80,5.20,0.70,,
fx-dpr2-reduced.json,reduced,core,overdrive-glow,64,false,false,17,7.30,7.60,0.90,,
fx-dpr2-reduced.json,reduced,core,firewheel,64,false,false,12,28.00,37.80,3.70,,
fx-dpr2-reduced.json,reduced,core,square-particles,0,false,false,235,0.50,0.60,0.10,,
fx-dpr2-reduced.json,reduced,core,square-particles,100,false,false,157,0.80,0.90,0.20,,
fx-dpr2-reduced.json,reduced,core,square-particles,300,false,false,116,1.00,1.10,0.20,,
fx-dpr2-reduced.json,reduced,core,square-particles,1000,false,true,63,1.90,2.00,0.30,,
fx-dpr2-reduced.json,reduced,core,square-particles,3000,false,true,28,4.30,4.50,0.70,,
fx-dpr2-reduced.json,reduced,core,square-particles,8000,false,true,12,10.60,10.90,1.80,,
fx-dpr2-reduced.json,reduced,core,rings,1,false,false,205,0.60,0.70,0.10,,
fx-dpr2-reduced.json,reduced,core,bolts,1,false,false,212,0.60,0.60,0.10,,
fx-dpr2-reduced.json,reduced,core,floating-text,1,false,false,211,0.60,0.70,0.10,,
fx-dpr2-reduced.json,reduced,core,rings,30,false,false,51,2.30,3.00,0.10,,
fx-dpr2-reduced.json,reduced,core,bolts,30,false,false,88,1.40,1.50,0.20,,
fx-dpr2-reduced.json,reduced,core,floating-text,30,false,false,174,0.70,0.80,0.20,,
fx-dpr2-reduced.json,reduced,core,rings,100,false,false,20,6.30,6.40,0.20,,
fx-dpr2-reduced.json,reduced,core,bolts,100,false,false,36,3.20,3.50,0.20,,
fx-dpr2-reduced.json,reduced,core,floating-text,100,false,false,124,1.00,1.00,0.30,,
fx-dpr2-reduced.json,reduced,core,rings,300,false,false,12,17.80,18.10,0.30,,
fx-dpr2-reduced.json,reduced,core,bolts,300,false,false,15,8.40,9.40,0.40,,
fx-dpr2-reduced.json,reduced,core,floating-text,300,false,false,69,1.70,1.90,0.70,,
fx-dpr2-reduced.json,reduced,core,rings,1000,false,false,12,58.80,64.20,0.70,,
fx-dpr2-reduced.json,reduced,core,bolts,1000,false,false,12,27.40,30.10,1.20,,
fx-dpr2-reduced.json,reduced,core,floating-text,1000,false,false,25,4.70,5.20,2.20,,
fx-dpr2-reduced.json,reduced,core,income-tallies,1,false,false,183,0.60,0.80,0.20,,
fx-dpr2-reduced.json,reduced,core,income-tallies,8,false,false,145,0.80,1.00,0.30,,
fx-dpr2-reduced.json,reduced,adjacent,aim-glow,1,false,false,79,1.50,1.60,0.20,,
fx-dpr2-reduced.json,reduced,adjacent,core-cached-glow,1,false,false,186,0.60,0.70,0.20,,
fx-dpr2-reduced.json,reduced,adjacent,core-drifting-glow,1,false,false,192,0.60,0.70,0.20,,
fx-dpr2-reduced.json,reduced,mechanic,wormhole:portal,1,false,false,117,1.00,1.10,0.20,,
fx-dpr2-reduced.json,reduced,mechanic,wormhole:portal,12,false,false,22,5.50,5.70,0.50,,
fx-dpr2-reduced.json,reduced,mechanic,wormhole:portal,80,false,false,12,39.20,42.00,3.00,,
fx-dpr2-reduced.json,reduced,mechanic,siegebreaker:rubble,1,false,false,172,0.60,0.90,0.10,,
fx-dpr2-reduced.json,reduced,mechanic,siegebreaker:rubble,12,false,false,73,1.50,2.60,0.30,,
fx-dpr2-reduced.json,reduced,mechanic,siegebreaker:rubble,80,false,false,19,6.30,10.20,1.50,,
fx-dpr2-reduced.json,reduced,mechanic,threadweaver:cut,1,false,false,199,0.60,0.70,0.10,,
fx-dpr2-reduced.json,reduced,mechanic,threadweaver:cut,12,false,false,97,1.20,1.40,0.20,,
fx-dpr2-reduced.json,reduced,mechanic,threadweaver:cut,80,false,false,25,4.90,5.20,0.20,,
fx-dpr2-reduced.json,reduced,mechanic,infection:seed,1,false,false,154,0.80,0.90,0.20,,
fx-dpr2-reduced.json,reduced,mechanic,infection:seed,12,false,false,46,2.70,2.80,0.50,,
fx-dpr2-reduced.json,reduced,mechanic,infection:seed,80,false,false,12,18.30,29.20,3.20,,
fx-dpr2-reduced.json,reduced,mechanic,infection:root,1,false,false,192,0.60,0.80,0.10,,
fx-dpr2-reduced.json,reduced,mechanic,infection:root,12,false,false,134,0.90,1.10,0.20,,
fx-dpr2-reduced.json,reduced,mechanic,infection:root,80,false,false,54,2.30,2.40,0.20,,
fx-dpr2-reduced.json,reduced,mechanic,transmute:transform,1,false,false,188,0.60,0.70,0.10,,
fx-dpr2-reduced.json,reduced,mechanic,transmute:transform,12,false,false,61,1.50,4.00,0.30,,
fx-dpr2-reduced.json,reduced,mechanic,transmute:transform,80,false,false,20,6.20,6.70,1.40,,
fx-dpr2-reduced.json,reduced,mechanic,spectral:phase,1,false,false,134,0.90,1.10,0.20,,
fx-dpr2-reduced.json,reduced,mechanic,spectral:phase,12,false,false,30,4.00,4.50,0.40,,
fx-dpr2-reduced.json,reduced,mechanic,spectral:phase,80,false,false,12,24.00,27.10,2.00,,
fx-dpr2-reduced.json,reduced,mechanic,fusepath:signal,1,false,false,199,0.60,0.70,0.10,,
fx-dpr2-reduced.json,reduced,mechanic,fusepath:signal,12,false,false,120,1.00,1.20,0.10,,
fx-dpr2-reduced.json,reduced,mechanic,fusepath:signal,96,false,false,33,3.60,4.10,0.20,,
fx-dpr2-reduced.json,reduced,mechanic,reboundaim:signal,1,false,false,156,0.80,0.90,0.10,,
fx-dpr2-reduced.json,reduced,mechanic,reboundaim:signal,12,false,false,42,2.90,3.40,0.20,,
fx-dpr2-reduced.json,reduced,mechanic,reboundaim:signal,96,false,false,12,20.10,22.20,0.40,,
fx-dpr2-reduced.json,reduced,mechanic,overkill:signal,1,false,false,198,0.60,0.80,0.10,,
fx-dpr2-reduced.json,reduced,mechanic,overkill:signal,12,false,false,122,1.00,1.20,0.10,,
fx-dpr2-reduced.json,reduced,mechanic,overkill:signal,96,false,false,33,3.70,4.30,0.20,,
fx-dpr2-reduced.json,reduced,mechanic,chronicle:signal,1,false,false,168,0.70,0.90,0.20,,
fx-dpr2-reduced.json,reduced,mechanic,chronicle:signal,12,false,false,71,1.70,1.90,0.30,,
fx-dpr2-reduced.json,reduced,mechanic,chronicle:signal,96,false,false,14,8.60,12.00,1.20,,
fx-dpr2-reduced.json,reduced,mechanic,worldfold:signal,1,false,false,180,0.70,0.80,0.10,,
fx-dpr2-reduced.json,reduced,mechanic,worldfold:signal,12,false,false,65,1.80,2.00,0.10,,
fx-dpr2-reduced.json,reduced,mechanic,worldfold:signal,96,false,false,12,11.20,11.40,0.30,,
fx-dpr2-reduced.json,reduced,mechanic,starforge:signal,1,false,false,218,0.60,0.60,0.10,,
fx-dpr2-reduced.json,reduced,mechanic,starforge:signal,12,false,false,132,0.90,1.00,0.10,,
fx-dpr2-reduced.json,reduced,mechanic,starforge:signal,96,false,false,36,3.40,3.50,0.20,,
fx-dpr2-reduced.json,reduced,mechanic,buzzsaw:disc,1,false,false,146,0.80,0.90,0.20,,
fx-dpr2-reduced.json,reduced,mechanic,buzzsaw:disc,6,false,false,59,2.00,2.20,0.30,,
fx-dpr2-reduced.json,reduced,mechanic,teslanet:field,1,false,false,182,0.70,0.80,0.20,,
fx-dpr2-reduced.json,reduced,mechanic,teslanet:field,8,false,false,77,1.60,1.70,0.20,,
fx-dpr2-reduced.json,reduced,mechanic,teslanet:field,32,false,false,26,4.70,4.80,0.30,,
fx-dpr2-reduced.json,reduced,mechanic,undertow:field,1,false,false,153,0.80,0.90,0.10,,
fx-dpr2-reduced.json,reduced,mechanic,undertow:field,8,false,false,55,2.20,2.30,0.20,,
fx-dpr2-reduced.json,reduced,mechanic,undertow:field,32,false,false,17,7.20,7.40,0.20,,
fx-dpr2-reduced.json,reduced,mechanic,worldfold:field,1,false,false,140,0.90,1.00,0.20,,
fx-dpr2-reduced.json,reduced,mechanic,worldfold:field,8,false,false,44,2.70,2.90,0.20,,
fx-dpr2-reduced.json,reduced,mechanic,worldfold:field,32,false,false,14,9.30,9.50,0.50,,
fx-dpr2-reduced.json,reduced,mechanic,starforge:field,1,false,false,132,0.90,1.00,0.20,,
fx-dpr2-reduced.json,reduced,mechanic,starforge:field,8,false,false,36,3.40,3.60,0.40,,
fx-dpr2-reduced.json,reduced,mechanic,starforge:field,32,false,false,12,12.10,12.60,1.10,,
fx-dpr2-reduced.json,reduced,boss-particle,eye:well,1,true,false,240,0.40,0.50,0.00,,
fx-dpr2-reduced.json,reduced,boss-particle,eye:well,4,true,false,95,1.30,1.40,0.10,,
fx-dpr2-reduced.json,reduced,boss-particle,eye:well,32,true,true,14,9.20,9.50,0.50,,
fx-dpr2-reduced.json,reduced,boss-particle,eye:beam,1,true,false,240,0.20,0.20,0.00,,
fx-dpr2-reduced.json,reduced,boss-particle,eye:shards,1,true,false,240,0.10,0.20,0.00,,
fx-dpr2-reduced.json,reduced,boss-particle,clock:shards,1,true,false,240,0.10,0.20,0.00,,
fx-dpr2-reduced.json,reduced,boss-particle,serpent:flare,1,true,false,240,0.30,0.40,0.00,,
fx-dpr2-reduced.json,reduced,boss-particle,serpent:wave,1,true,false,240,0.20,0.30,0.00,,
fx-dpr2-reduced.json,reduced,boss-particle,serpent:streak,1,true,false,240,0.20,0.20,0.00,,
fx-dpr2-reduced.json,reduced,boss-particle,forge:embers,1,true,false,240,0.20,0.30,0.00,,
fx-dpr2-reduced.json,reduced,boss-particle,forge:meteors,1,true,false,240,0.30,0.40,0.00,,
fx-dpr2-reduced.json,reduced,boss-particle,serpent:dust,1,true,false,240,0.10,0.20,0.00,,
fx-dpr2-reduced.json,reduced,boss-particle,serpent:ghosts,1,true,false,240,0.10,0.20,0.00,,
fx-dpr2-reduced.json,reduced,boss-particle,serpent:sparks,1,true,false,240,0.20,0.30,0.00,,
fx-dpr2-reduced.json,reduced,boss-particle,serpent:portals,1,true,false,147,0.80,0.90,0.10,,
fx-dpr2-reduced.json,reduced,boss-particle,eye:beam,12,true,false,140,0.90,0.90,0.00,,
fx-dpr2-reduced.json,reduced,boss-particle,eye:shards,12,true,false,240,0.20,0.30,0.00,,
fx-dpr2-reduced.json,reduced,boss-particle,clock:shards,12,true,false,240,0.20,0.30,0.00,,
fx-dpr2-reduced.json,reduced,boss-particle,serpent:flare,12,true,false,52,2.30,2.40,0.10,,
fx-dpr2-reduced.json,reduced,boss-particle,serpent:wave,12,true,false,111,1.10,1.20,0.00,,
fx-dpr2-reduced.json,reduced,boss-particle,serpent:streak,12,true,false,130,0.90,1.00,0.10,,
fx-dpr2-reduced.json,reduced,boss-particle,forge:embers,12,true,false,240,0.40,0.50,0.00,,
fx-dpr2-reduced.json,reduced,boss-particle,forge:meteors,12,true,false,96,1.30,1.40,0.10,,
fx-dpr2-reduced.json,reduced,boss-particle,serpent:dust,12,true,false,240,0.10,0.20,0.00,,
fx-dpr2-reduced.json,reduced,boss-particle,serpent:ghosts,12,true,false,240,0.30,0.40,0.00,,
fx-dpr2-reduced.json,reduced,boss-particle,serpent:sparks,12,true,false,104,1.20,1.30,0.20,,
fx-dpr2-reduced.json,reduced,boss-particle,serpent:portals,12,true,false,15,8.20,8.40,0.50,,
fx-dpr2-reduced.json,reduced,boss-particle,eye:beam,70,true,false,26,4.70,4.80,0.10,,
fx-dpr2-reduced.json,reduced,boss-particle,eye:shards,70,true,false,198,0.60,0.70,0.20,,
fx-dpr2-reduced.json,reduced,boss-particle,clock:shards,70,true,false,195,0.60,0.70,0.20,,
fx-dpr2-reduced.json,reduced,boss-particle,serpent:flare,70,true,false,12,13.10,13.40,0.40,,
fx-dpr2-reduced.json,reduced,boss-particle,serpent:wave,70,true,false,21,5.80,6.00,0.10,,
fx-dpr2-reduced.json,reduced,boss-particle,serpent:streak,70,true,false,27,4.50,4.70,0.40,,
fx-dpr2-reduced.json,reduced,boss-particle,forge:embers,70,true,false,90,1.30,1.40,0.10,,
fx-dpr2-reduced.json,reduced,boss-particle,forge:meteors,70,true,false,20,6.00,6.30,0.60,,
fx-dpr2-reduced.json,reduced,boss-particle,serpent:dust,70,true,false,240,0.20,0.20,0.00,,
fx-dpr2-reduced.json,reduced,boss-particle,serpent:ghosts,70,true,false,107,1.10,1.20,0.10,,
fx-dpr2-reduced.json,reduced,boss-particle,serpent:sparks,70,true,false,20,6.10,6.40,0.90,,
fx-dpr2-reduced.json,reduced,boss-particle,serpent:portals,70,true,false,12,47.90,48.10,3.00,,
fx-dpr2-reduced.json,reduced,boss-particle,eye:beam,300,true,false,12,20.10,20.60,0.50,,
fx-dpr2-reduced.json,reduced,boss-particle,eye:shards,300,true,false,54,2.20,2.40,0.80,,
fx-dpr2-reduced.json,reduced,boss-particle,clock:shards,300,true,false,53,2.30,2.40,0.80,,
fx-dpr2-reduced.json,reduced,boss-particle,serpent:flare,300,true,false,12,62.40,65.20,1.70,,
fx-dpr2-reduced.json,reduced,boss-particle,serpent:wave,300,true,false,12,27.20,27.70,0.30,,
fx-dpr2-reduced.json,reduced,boss-particle,serpent:streak,300,true,false,12,20.40,21.10,1.70,,
fx-dpr2-reduced.json,reduced,boss-particle,forge:embers,300,true,false,25,4.90,5.10,0.10,,
fx-dpr2-reduced.json,reduced,boss-particle,forge:meteors,300,true,false,12,26.40,26.80,2.60,,
fx-dpr2-reduced.json,reduced,boss-particle,serpent:dust,300,true,false,240,0.40,0.50,0.10,,
fx-dpr2-reduced.json,reduced,boss-particle,serpent:ghosts,300,true,false,28,4.40,4.50,0.40,,
fx-dpr2-reduced.json,reduced,boss-particle,serpent:sparks,300,true,false,12,26.70,26.90,3.80,,
fx-dpr2-reduced.json,reduced,boss-particle,serpent:portals,300,true,false,12,224.40,243.40,12.50,,
fx-dpr2-reduced.json,reduced,boss-particle,serpent:eclipse-lights,1,true,false,48,2.50,3.20,0.80,,
fx-dpr2-reduced.json,reduced,boss-particle,serpent:eclipse-lights,12,true,false,29,4.20,4.80,2.40,,
fx-dpr2-reduced.json,reduced,boss-particle,serpent:eclipse-lights,64,true,false,14,8.90,9.20,7.50,,
fx-dpr2-reduced.json,reduced,baseline,empty-canvas,0,true,false,240,0.10,0.20,0.00,,
fx-dpr2-reduced.json,reduced,boss-scene,eye:idle,1,false,false,34,3.50,3.70,0.50,,
fx-dpr2-reduced.json,reduced,boss-scene,eye:orbit,1,false,false,32,3.80,3.90,0.60,,
fx-dpr2-reduced.json,reduced,boss-scene,eye:summon,1,false,false,35,3.40,3.70,0.40,,
fx-dpr2-reduced.json,reduced,boss-scene,eye:tear,1,false,false,35,3.40,3.80,0.40,,
fx-dpr2-reduced.json,reduced,boss-scene,eye:gaze,1,false,false,35,3.50,3.60,0.40,,
fx-dpr2-reduced.json,reduced,boss-scene,eye:mirage,1,false,false,31,3.90,4.10,0.50,,
fx-dpr2-reduced.json,reduced,boss-scene,eye:doom,1,false,false,37,3.30,3.50,0.40,,
fx-dpr2-reduced.json,reduced,boss-scene,forge:idle,1,false,false,74,1.60,1.70,0.30,,
fx-dpr2-reduced.json,reduced,boss-scene,serpent:idle,1,false,false,12,13.00,13.30,3.40,,
fx-dpr2-reduced.json,reduced,boss-scene,clock:idle,1,false,false,31,3.80,3.90,0.50,,
fx-dpr2-reduced.json,reduced,boss-scene,clock:stop,1,false,false,32,3.70,4.00,0.50,,
fx-dpr2-reduced.json,reduced,boss-scene,clock:toll,1,false,false,32,3.80,3.90,0.50,,
fx-dpr2-reduced.json,reduced,boss-scene,clock:pendulum,1,false,false,32,3.80,4.00,0.50,,
fx-dpr2-reduced.json,reduced,boss-scene,clock:rewind,1,false,false,33,3.70,3.80,0.40,,
fx-dpr2-reduced.json,reduced,boss-scene,clock:haste,1,false,false,34,3.60,3.70,0.40,,
fx-dpr2-reduced.json,reduced,boss-scene,clock:midnight,1,false,false,32,3.80,3.90,0.50,,
fx-dpr2-reduced.json,reduced,intro,fragments,1,true,false,20,1.30,4.40,,,
fx-dpr2-reduced.json,reduced,intro,fragments,4,true,true,20,2.00,2.10,,,
fx-dpr2-reduced.json,reduced,intro,fragments,16,true,true,20,4.90,6.60,,,
fx-dpr2-normal-raf-filtered.json,normal,baseline,board,0,false,false,871,,,0.20,2.06,484.35
fx-dpr2-normal-raf-filtered.json,normal,hero,blizzard,1,false,false,401,,,0.40,4.48,223.11
fx-dpr2-normal-raf-filtered.json,normal,hero,blizzard,12,false,false,58,,,1.70,31.01,32.25
fx-dpr2-normal-raf-filtered.json,normal,hero,blizzard,23,false,false,31,,,2.40,57.94,17.26
fx-dpr2-normal-raf-filtered.json,normal,hero,blizzard,24,false,false,97,,,2.00,18.47,54.14
fx-dpr2-normal-raf-filtered.json,normal,hero,blizzard,56,false,false,43,,,4.40,41.56,24.06
fx-dpr2-normal-raf-filtered.json,normal,hero,snowburst,1,false,false,449,,,0.30,4.00,249.87
fx-dpr2-normal-raf-filtered.json,normal,hero,snowburst,12,false,false,70,,,1.30,25.41,39.36
fx-dpr2-normal-raf-filtered.json,normal,hero,snowburst,23,false,false,36,,,2.20,49.86,20.06
fx-dpr2-normal-raf-filtered.json,normal,hero,snowburst,24,false,false,112,,,1.90,15.99,62.55
fx-dpr2-normal-raf-filtered.json,normal,hero,snowburst,56,false,false,51,,,4.00,35.14,28.46
fx-dpr2-normal-raf-filtered.json,normal,hero,supernova,1,false,false,532,,,0.20,3.39,295.19
fx-dpr2-normal-raf-filtered.json,normal,hero,supernova,12,false,false,83,,,0.60,21.52,46.48
fx-dpr2-normal-raf-filtered.json,normal,hero,supernova,23,false,false,44,,,1.00,40.54,24.67
fx-dpr2-normal-raf-filtered.json,normal,hero,supernova,24,false,false,134,,,0.80,13.39,74.71
fx-dpr2-normal-raf-filtered.json,normal,hero,supernova,56,false,false,62,,,1.50,28.89,34.61
fx-dpr2-normal-raf-filtered.json,normal,core,overdrive-glow,1,false,false,801,,,0.20,2.25,445.27
fx-dpr2-normal-raf-filtered.json,normal,core,firewheel,1,false,false,627,,,0.30,2.87,348.88
fx-dpr2-normal-raf-filtered.json,normal,core,overdrive-glow,12,false,false,284,,,0.30,6.33,158.04
fx-dpr2-normal-raf-filtered.json,normal,core,firewheel,12,false,false,165,,,1.10,10.85,92.13
fx-dpr2-normal-raf-filtered.json,normal,core,overdrive-glow,64,false,false,62,,,1.10,28.58,34.99
fx-dpr2-normal-raf-filtered.json,normal,core,firewheel,64,false,false,37,,,4.80,48.44,20.64
fx-dpr2-normal-raf-filtered.json,normal,core,square-particles,0,false,false,914,,,0.10,1.97,508.26
fx-dpr2-normal-raf-filtered.json,normal,core,square-particles,100,false,false,791,,,0.20,2.27,439.59
fx-dpr2-normal-raf-filtered.json,normal,core,square-particles,300,false,false,763,,,0.20,2.36,424.12
fx-dpr2-normal-raf-filtered.json,normal,core,square-particles,1000,false,true,539,,,0.30,3.33,299.91
fx-dpr2-normal-raf-filtered.json,normal,core,square-particles,3000,false,true,303,,,0.70,5.93,168.64
fx-dpr2-normal-raf-filtered.json,normal,core,square-particles,8000,false,true,140,,,1.70,12.78,78.26
fx-dpr2-normal-raf-filtered.json,normal,baseline,empty-canvas,0,true,false,1476,,,0.00,1.22,820.09
fx-dpr2-normal-dom-filtered.json,normal,baseline,empty-canvas,0,true,false,240,0.30,0.40,0.00,,
fx-dpr2-normal-dom-filtered.json,normal,dom,baseline,0,false,false,545,,,,2.19,455.91
fx-dpr2-normal-dom-filtered.json,normal,dom,coins,1,false,false,544,,,,2.21,453.45
fx-dpr2-normal-dom-filtered.json,normal,dom,coins,4,false,true,443,,,,2.70,370.37
fx-dpr2-normal-dom-filtered.json,normal,dom,coins,16,false,true,194,,,,6.10,163.84
fx-dpr2-normal-dom-filtered.json,normal,dom,sparks,1,false,false,611,,,,1.96,509.21
fx-dpr2-normal-dom-filtered.json,normal,dom,sparks,4,false,true,585,,,,2.05,488.15
fx-dpr2-normal-dom-filtered.json,normal,dom,sparks,16,false,true,680,,,,1.76,567.33
fx-dpr2-normal-dom-filtered.json,normal,dom,payout,1,false,false,620,,,,1.93,517.31
fx-dpr2-normal-dom-filtered.json,normal,dom,payout,4,false,true,589,,,,2.04,491.37
fx-dpr2-normal-dom-filtered.json,normal,dom,payout,16,false,true,506,,,,2.37,421.88
layers/fx-dpr2-normal-filtered.json,normal,baseline,empty-canvas,0,true,false,240,0.30,0.40,0.00,,
layers/fx-dpr2-normal-filtered.json,normal,boss-layer,eye:back,1,true,false,58,4.00,5.00,0.10,,
layers/fx-dpr2-normal-filtered.json,normal,boss-layer,eye:field,1,true,false,80,3.00,3.60,0.20,,
layers/fx-dpr2-normal-filtered.json,normal,boss-layer,eye:front,1,true,false,240,0.30,1.30,0.00,,
layers/fx-dpr2-normal-filtered.json,normal,boss-layer,forge:back,1,true,false,85,2.70,4.10,0.10,,
layers/fx-dpr2-normal-filtered.json,normal,boss-layer,forge:field,1,true,false,240,0.60,0.60,0.00,,
layers/fx-dpr2-normal-filtered.json,normal,boss-layer,forge:front,1,true,false,240,0.30,0.30,0.00,,
layers/fx-dpr2-normal-filtered.json,normal,boss-scene,serpent:idle,1,false,false,12,24.50,32.40,2.00,,
layers/fx-dpr2-normal-filtered.json,normal,boss-layer,serpent:back,1,true,false,23,10.60,11.20,0.20,,
layers/fx-dpr2-normal-filtered.json,normal,boss-layer,serpent:field,1,true,false,240,0.80,1.00,0.10,,
layers/fx-dpr2-normal-filtered.json,normal,boss-layer,serpent:front,1,true,false,34,7.20,7.20,0.10,,
layers/fx-dpr2-normal-filtered.json,normal,boss-layer,clock:back,1,true,false,46,5.20,5.40,0.20,,
layers/fx-dpr2-normal-filtered.json,normal,boss-layer,clock:field,1,true,false,115,1.90,3.20,0.20,,
layers/fx-dpr2-normal-filtered.json,normal,boss-layer,clock:front,1,true,false,240,0.30,0.40,0.00,,
layers/fx-dpr2-normal-raf-filtered.json,normal,baseline,empty-canvas,0,true,false,1484,,,0.00,1.22,822.94
layers/fx-dpr2-normal-raf-filtered.json,normal,boss-layer,eye:back,1,true,false,441,,,0.10,4.07,245.79
layers/fx-dpr2-normal-raf-filtered.json,normal,boss-layer,eye:field,1,true,false,557,,,0.20,3.23,309.94
layers/fx-dpr2-normal-raf-filtered.json,normal,boss-layer,eye:front,1,true,false,1199,,,0.00,1.50,665.48
layers/fx-dpr2-normal-raf-filtered.json,normal,boss-layer,forge:back,1,true,false,599,,,0.10,3.00,332.94
layers/fx-dpr2-normal-raf-filtered.json,normal,boss-layer,forge:field,1,true,false,1101,,,0.00,1.63,611.67
layers/fx-dpr2-normal-raf-filtered.json,normal,boss-layer,forge:front,1,true,false,922,,,0.00,1.96,510.86
layers/fx-dpr2-normal-raf-filtered.json,normal,boss-scene,serpent:idle,1,false,false,79,,,1.40,22.56,44.32
layers/fx-dpr2-normal-raf-filtered.json,normal,boss-layer,serpent:back,1,true,false,170,,,0.20,10.55,94.74
layers/fx-dpr2-normal-raf-filtered.json,normal,boss-layer,serpent:field,1,true,false,1156,,,0.10,1.56,642.29
layers/fx-dpr2-normal-raf-filtered.json,normal,boss-layer,serpent:front,1,true,false,222,,,0.10,8.10,123.48
layers/fx-dpr2-normal-raf-filtered.json,normal,boss-layer,clock:back,1,true,false,309,,,0.20,5.82,171.88
layers/fx-dpr2-normal-raf-filtered.json,normal,boss-layer,clock:field,1,true,false,721,,,0.20,2.49,400.82
layers/fx-dpr2-normal-raf-filtered.json,normal,boss-layer,clock:front,1,true,false,1134,,,0.00,1.59,629.55
extras/fx-dpr2-normal-filtered.json,normal,boss-particle,serpent:debris,1,true,false,240,0.30,0.40,0.00,,
extras/fx-dpr2-normal-filtered.json,normal,boss-particle,eye:chain-snap,1,true,false,240,0.30,0.40,0.00,,
extras/fx-dpr2-normal-filtered.json,normal,boss-particle,serpent:debris,12,true,false,240,0.50,1.50,0.10,,
extras/fx-dpr2-normal-filtered.json,normal,boss-particle,eye:chain-snap,12,true,false,240,0.80,1.80,0.10,,
extras/fx-dpr2-normal-filtered.json,normal,boss-particle,serpent:debris,70,true,false,205,1.20,1.30,0.20,,
extras/fx-dpr2-normal-filtered.json,normal,boss-particle,eye:chain-snap,70,true,false,86,2.90,3.20,0.10,,
extras/fx-dpr2-normal-filtered.json,normal,boss-particle,serpent:debris,300,true,false,61,3.80,4.50,0.70,,
extras/fx-dpr2-normal-filtered.json,normal,boss-particle,eye:chain-snap,300,true,false,22,10.80,13.40,0.30,,
extras/fx-dpr2-normal-filtered.json,normal,boss-particle,serpent:eye-trails,1,true,false,240,0.40,0.50,0.00,,
extras/fx-dpr2-normal-filtered.json,normal,boss-particle,serpent:eye-trails,2,true,false,240,0.50,0.60,0.00,,
extras/fx-dpr2-normal-filtered.json,normal,boss-particle,serpent:eye-trails,16,true,true,109,2.20,2.60,0.10,,
extras/fx-dpr2-normal-filtered.json,normal,baseline,empty-canvas,0,true,false,240,0.30,0.30,0.00,,
extras/fx-dpr2-normal-filtered.json,normal,boss-scene,serpent:live-body,1,false,false,12,41.60,42.10,6.00,,
extras/fx-dpr2-reduced-filtered.json,reduced,boss-particle,serpent:debris,1,true,false,240,0.10,0.20,0.00,,
extras/fx-dpr2-reduced-filtered.json,reduced,boss-particle,eye:chain-snap,1,true,false,240,0.20,0.30,0.00,,
extras/fx-dpr2-reduced-filtered.json,reduced,boss-particle,serpent:debris,12,true,false,240,0.20,0.60,0.00,,
extras/fx-dpr2-reduced-filtered.json,reduced,boss-particle,eye:chain-snap,12,true,false,240,0.50,1.00,0.00,,
extras/fx-dpr2-reduced-filtered.json,reduced,boss-particle,serpent:debris,70,true,false,240,0.70,0.90,0.20,,
extras/fx-dpr2-reduced-filtered.json,reduced,boss-particle,eye:chain-snap,70,true,false,118,2.00,2.20,0.10,,
extras/fx-dpr2-reduced-filtered.json,reduced,boss-particle,serpent:debris,300,true,false,82,2.60,4.90,0.80,,
extras/fx-dpr2-reduced-filtered.json,reduced,boss-particle,eye:chain-snap,300,true,false,30,7.90,8.60,0.30,,
extras/fx-dpr2-reduced-filtered.json,reduced,boss-particle,serpent:eye-trails,1,true,false,240,0.20,0.30,0.00,,
extras/fx-dpr2-reduced-filtered.json,reduced,boss-particle,serpent:eye-trails,2,true,false,240,0.10,0.30,0.00,,
extras/fx-dpr2-reduced-filtered.json,reduced,boss-particle,serpent:eye-trails,16,true,true,240,0.10,0.20,0.00,,
extras/fx-dpr2-reduced-filtered.json,reduced,baseline,empty-canvas,0,true,false,240,0.10,0.20,0.00,,
extras/fx-dpr2-reduced-filtered.json,reduced,boss-scene,serpent:live-body,1,false,false,14,17.20,22.00,5.20,,
extras/fx-dpr2-normal-raf-filtered.json,normal,baseline,empty-canvas,0,true,false,1335,,,0.00,1.35,740.51
extras/fx-dpr2-normal-raf-filtered.json,normal,boss-scene,serpent:live-body,1,false,false,53,,,4.20,33.56,29.80
